Player,Season,Projected_BPM_diff,Age,Last_Season,Last_BPM,Projected_BPM
Aaron Gordon,2025,0.5251188278198242,29,2024,1.3,1.8251188278198243
Aaron Gordon,2026,0.948649525642395,30,2024,1.3,2.773768353462219
Aaron Gordon,2027,0.9013244211673735,31,2024,1.3,3.6750927746295927
Aaron Gordon,2028,0.7252613405386606,32,2024,1.3,4.400354115168254
Aaron Gordon,2029,0.6718582262595495,33,2024,1.3,5.072212341427803
Aaron Holiday,2025,0.0432640314102172,28,2024,-1.5,-1.4567359685897827
Aaron Holiday,2026,0.631952702999115,29,2024,-1.5,-0.8247832655906678
Aaron Holiday,2027,0.4517376124858856,30,2024,-1.5,-0.3730456531047821
Aaron Holiday,2028,0.5710778733094534,31,2024,-1.5,0.19803222020467137
Aaron Holiday,2029,0.4844205702344576,32,2024,-1.5,0.6824527904391289
Al Horford,2025,0.4618861675262451,38,2024,3.6,4.061886167526245
Al Horford,2026,0.829187273979187,39,2024,3.6,4.891073441505432
Al Horford,2027,0.7081460058689117,40,2024,3.6,5.5992194473743435
Al Horford,2028,0.7332187990347544,41,2024,3.6,6.332438246409098
Al Horford,2029,0.676655446489652,42,2024,3.6,7.00909369289875
Alec Burks,2025,0.2777887880802154,33,2024,-2.3,-2.0222112119197844
Alec Burks,2026,0.0268419682979583,34,2024,-2.3,-1.995369243621826
Alec Burks,2027,-0.291494682431221,35,2024,-2.3,-2.286863926053047
Alec Burks,2028,-0.5851214776436487,36,2024,-2.3,-2.871985403696696
Alec Burks,2029,-0.5594513838489851,37,2024,-2.3,-3.431436787545681
Alex Caruso,2025,-0.2660205364227295,30,2024,2.5,2.2339794635772705
Alex Caruso,2026,0.0851393342018127,31,2024,2.5,2.3191187977790833
Alex Caruso,2027,0.2002924382686615,32,2024,2.5,2.5194112360477448
Alex Caruso,2028,0.2270100216070811,33,2024,2.5,2.7464212576548257
Alex Caruso,2029,0.1349073176582654,34,2024,2.5,2.8813285753130913
Alex Len,2025,0.481682687997818,31,2024,0.2,0.681682687997818
Alex Len,2026,0.1196400225162506,32,2024,0.2,0.8013227105140686
Alex Len,2027,-0.2753072008490562,33,2024,0.2,0.5260155096650124
Alex Len,2028,0.4001115386684735,34,2024,0.2,0.9261270483334858
Alex Len,2029,0.2736021938423316,35,2024,0.2,1.1997292421758174
Andre Drummond,2025,-0.1085369884967804,31,2024,0.1,-0.00853698849678039
Andre Drummond,2026,0.1913781464099884,32,2024,0.1,0.182841157913208
Andre Drummond,2027,-0.0300765633583068,33,2024,0.1,0.1527645945549012
Andre Drummond,2028,0.025886317094167,34,2024,0.1,0.1786509116490682
Andre Drummond,2029,-0.0258058806260426,35,2024,0.1,0.1528450310230256
Andrew Wiggins,2025,-0.0325658470392227,29,2024,-2.5,-2.5325658470392227
Andrew Wiggins,2026,-0.2770504206418991,30,2024,-2.5,-2.809616267681122
Andrew Wiggins,2027,-0.7553908079862595,31,2024,-2.5,-3.5650070756673813
Andrew Wiggins,2028,-1.0353648016850154,32,2024,-2.5,-4.600371877352397
Andrew Wiggins,2029,-0.9981508081158,33,2024,-2.5,-5.598522685468197
Anfernee Simons,2025,0.3096133470535278,25,2024,0.2,0.5096133470535278
Anfernee Simons,2026,0.3022929430007934,26,2024,0.2,0.8119062900543212
Anfernee Simons,2027,0.17332823574543,27,2024,0.2,0.9852345257997512
Anfernee Simons,2028,0.0412087887525558,28,2024,0.2,1.026443314552307
Anfernee Simons,2029,-0.0342766493558883,29,2024,0.2,0.9921666651964187
Anthony Davis,2025,0.4716627895832062,31,2024,5.1,5.571662789583206
Anthony Davis,2026,0.6517352759838104,32,2024,5.1,6.223398065567016
Anthony Davis,2027,0.7121074795722961,33,2024,5.1,6.935505545139312
Anthony Davis,2028,0.6813579599062601,34,2024,5.1,7.616863505045572
Anthony Davis,2029,0.6338275869687399,35,2024,5.1,8.250691092014312
Austin Rivers,2024,0.4237990379333496,31,2023,-2.8,-2.37620096206665
Austin Rivers,2025,0.4218271970748901,32,2023,-2.8,-1.95437376499176
Austin Rivers,2026,0.2781665027141571,33,2023,-2.8,-1.676207262277603
Austin Rivers,2027,0.37036727865537,34,2023,-2.8,-1.305839983622233
Austin Rivers,2028,0.2949299464623133,35,2023,-2.8,-1.0109100371599196
Bam Adebayo,2025,0.6422830820083618,27,2024,2.4,3.0422830820083617
Bam Adebayo,2026,0.3070186972618103,28,2024,2.4,3.349301779270172
Bam Adebayo,2027,0.3471700549125671,29,2024,2.4,3.696471834182739
Bam Adebayo,2028,0.3539113203684489,30,2024,2.4,4.050383154551188
Bam Adebayo,2029,0.2839236905177434,31,2024,2.4,4.334306845068932
Ben Simmons,2024,0.7188733220100403,27,2023,0.4,1.1188733220100402
Ben Simmons,2025,0.4211603999137878,28,2023,0.4,1.540033721923828
Ben Simmons,2026,-0.0588666722178459,29,2023,0.4,1.4811670497059821
Ben Simmons,2027,-0.4314884220560392,30,2023,0.4,1.049678627649943
Ben Simmons,2028,-0.4142099941770235,31,2023,0.4,0.6354686334729196
Bismack Biyombo,2025,0.1807838976383209,32,2024,-3.4,-3.219216102361679
Bismack Biyombo,2026,0.1660318672657013,33,2024,-3.4,-3.0531842350959777
Bismack Biyombo,2027,0.0155553221702575,34,2024,-3.4,-3.03762891292572
Bismack Biyombo,2028,-0.417193611462911,35,2024,-3.4,-3.4548225243886312
Bismack Biyombo,2029,-0.395592155555884,36,2024,-3.4,-3.850414679944515
Blake Griffin,2024,-0.2710690498352051,34,2023,0.1,-0.17106904983520507
Blake Griffin,2025,-1.1769988536834717,35,2023,0.1,-1.3480679035186767
Blake Griffin,2026,-0.4067813754081726,36,2023,0.1,-1.7548492789268493
Blake Griffin,2027,-0.2547183632850647,37,2023,0.1,-2.009567642211914
Blake Griffin,2028,-0.3869869112968445,38,2023,0.1,-2.3965545535087585
Boban Marjanovic,2024,0.1868409067392349,35,2023,1.6,1.786840906739235
Boban Marjanovic,2025,-0.5118918567895889,36,2023,1.6,1.274949049949646
Boban Marjanovic,2026,-0.2476128339767456,37,2023,1.6,1.0273362159729005
Boban Marjanovic,2027,0.2251142462094624,38,2023,1.6,1.252450462182363
Boban Marjanovic,2028,0.0935957531134287,39,2023,1.6,1.3460462152957917
Bobby Portis,2025,0.4450865685939789,29,2024,-0.8,-0.35491343140602116
Bobby Portis,2026,-0.0335842967033386,30,2024,-0.8,-0.3884977281093598
Bobby Portis,2027,0.0348353013396263,31,2024,-0.8,-0.3536624267697335
Bobby Portis,2028,-0.0669021134575208,32,2024,-0.8,-0.42056454022725426
Bobby Portis,2029,-0.1501454810301462,33,2024,-0.8,-0.5707100212574004
Bogdan Bogdanovic,2025,0.1224557161331176,32,2024,0.2,0.32245571613311763
Bogdan Bogdanovic,2026,-0.3145996928215027,33,2024,0.2,0.007856023311614946
Bogdan Bogdanovic,2027,-0.1479307115077972,34,2024,0.2,-0.14007468819618224
Bogdan Bogdanovic,2028,-0.1388571759064992,35,2024,0.2,-0.27893186410268145
Bogdan Bogdanovic,2029,-0.1981279129783312,36,2024,0.2,-0.4770597770810127
Bojan Bogdanovic,2025,0.0020773410797119,35,2024,-3.2,-3.1979226589202883
Bojan Bogdanovic,2026,-0.2065460532903671,36,2024,-3.2,-3.4044687122106554
Bojan Bogdanovic,2027,-0.4237095452845096,37,2024,-3.2,-3.828178257495165
Bojan Bogdanovic,2028,-0.7337744347751141,38,2024,-3.2,-4.561952692270279
Bojan Bogdanovic,2029,-0.7138027455657721,39,2024,-3.2,-5.275755437836051
Bradley Beal,2025,0.2645919919013977,31,2024,0.4,0.6645919919013977
Bradley Beal,2026,-0.2741018533706665,32,2024,0.4,0.3904901385307312
Bradley Beal,2027,0.2531882375478744,33,2024,0.4,0.6436783760786056
Bradley Beal,2028,0.0428171505530675,34,2024,0.4,0.6864955266316731
Bradley Beal,2029,-0.0544771825273831,35,2024,0.4,0.63201834410429
Brandon Ingram,2025,0.6006917953491211,27,2024,1.2,1.800691795349121
Brandon Ingram,2026,0.33479905128479,28,2024,1.2,2.1354908466339113
Brandon Ingram,2027,0.4736219644546509,29,2024,1.2,2.609112811088562
Brandon Ingram,2028,0.4446314573287964,30,2024,1.2,3.0537442684173586
Brandon Ingram,2029,0.3522382006049156,31,2024,1.2,3.405982469022274
Brook Lopez,2025,0.024715781211853,36,2024,1.0,1.024715781211853
Brook Lopez,2026,0.0935561656951904,37,2024,1.0,1.1182719469070435
Brook Lopez,2027,0.1650813519954681,38,2024,1.0,1.2833532989025116
Brook Lopez,2028,-0.0702819526195526,39,2024,1.0,1.213071346282959
Brook Lopez,2029,-0.1169956624507904,40,2024,1.0,1.0960756838321686
Bruce Brown,2025,1.2779264450073242,28,2024,-3.3,-2.0220735549926756
Bruce Brown,2026,1.0401806831359863,29,2024,-3.3,-0.9818928718566893
Bruce Brown,2027,0.8084978759288788,30,2024,-3.3,-0.1733949959278105
Bruce Brown,2028,0.4776028295358022,31,2024,-3.3,0.30420783360799186
Bruce Brown,2029,0.4545776049296061,32,2024,-3.3,0.7587854385375978
Bruno Fernando,2025,0.2284896373748779,26,2024,-2.3,-2.071510362625122
Bruno Fernando,2026,1.9884679317474363,27,2024,-2.3,-0.08304243087768581
Bruno Fernando,2027,0.8106582760810852,28,2024,-2.3,0.7276158452033994
Bruno Fernando,2028,0.8788327574729919,29,2024,-2.3,1.6064486026763913
Bruno Fernando,2029,0.8234971314668655,30,2024,-2.3,2.4299457341432573
Buddy Hield,2025,-0.2207518517971038,32,2024,0.4,0.17924814820289622
Buddy Hield,2026,-0.1064639091491699,33,2024,0.4,0.07278423905372633
Buddy Hield,2027,0.1277766898274421,34,2024,0.4,0.20056092888116844
Buddy Hield,2028,-0.158812957505385,35,2024,0.4,0.041747971375783455
Buddy Hield,2029,-0.2265737702449163,36,2024,0.4,-0.18482579886913286
CJ McCollum,2025,0.643203854560852,33,2024,3.1,3.743203854560852
CJ McCollum,2026,0.3553045988082886,34,2024,3.1,4.09850845336914
CJ McCollum,2027,0.5146190822124481,35,2024,3.1,4.613127535581588
CJ McCollum,2028,0.6839430630207062,36,2024,3.1,5.297070598602295
CJ McCollum,2029,0.6095219850540161,37,2024,3.1,5.906592583656311
Cameron Johnson,2025,0.2248569130897522,28,2024,0.4,0.6248569130897522
Cameron Johnson,2026,0.4332709908485412,29,2024,0.4,1.0581279039382934
Cameron Johnson,2027,0.2049876451492309,30,2024,0.4,1.2631155490875243
Cameron Johnson,2028,0.0318110783894856,31,2024,0.4,1.2949266274770102
Cameron Johnson,2029,0.0227857480446497,32,2024,0.4,1.3177123755216598
Cameron Payne,2025,0.5019927024841309,30,2024,-1.1,-0.5980072975158692
Cameron Payne,2026,-0.4878884851932525,31,2024,-1.1,-1.0858957827091218
Cameron Payne,2027,0.208294115960598,32,2024,-1.1,-0.8776016667485238
Cameron Payne,2028,0.3407406881451607,33,2024,-1.1,-0.5368609786033631
Cameron Payne,2029,0.2194796130061149,34,2024,-1.1,-0.31738136559724817
Caris LeVert,2025,-0.2188359200954437,30,2024,0.2,-0.018835920095443687
Caris LeVert,2026,-0.5843916237354279,31,2024,0.2,-0.6032275438308716
Caris LeVert,2027,-0.2623758763074875,32,2024,0.2,-0.8656034201383591
Caris LeVert,2028,-0.3043992867072423,33,2024,0.2,-1.1700027068456014
Caris LeVert,2029,-0.3985276396075884,34,2024,0.2,-1.56853034645319
Cedi Osman,2025,-0.0136538296937942,29,2024,-2.1,-2.1136538296937943
Cedi Osman,2026,0.6065243035554886,30,2024,-2.1,-1.5071295261383058
Cedi Osman,2027,0.112742118537426,31,2024,-2.1,-1.3943874076008798
Cedi Osman,2028,0.0789419089754422,32,2024,-2.1,-1.3154454986254376
Cedi Osman,2029,0.0472016247610251,33,2024,-2.1,-1.2682438738644124
Chris Boucher,2025,0.7755286693572998,32,2024,-1.7,-0.9244713306427002
Chris Boucher,2026,-0.014229416847229,33,2024,-1.7,-0.9387007474899292
Chris Boucher,2027,0.0618069469928741,34,2024,-1.7,-0.876893800497055
Chris Boucher,2028,-0.382480094830195,35,2024,-1.7,-1.25937389532725
Chris Boucher,2029,-0.4240271051724752,36,2024,-1.7,-1.6834010004997253
Chris Paul,2025,0.10345458984375,39,2024,1.0,1.10345458984375
Chris Paul,2026,-0.2697567939758301,40,2024,1.0,0.8336977958679199
Chris Paul,2027,-0.6293884664773941,41,2024,1.0,0.20430932939052582
Chris Paul,2028,-0.7404432942469915,42,2024,1.0,-0.5361339648564658
Chris Paul,2029,-0.7450157726804415,43,2024,1.0,-1.2811497375369072
Christian Wood,2025,0.6985910534858704,29,2024,-2.8,-2.1014089465141295
Christian Wood,2026,0.5050782561302185,30,2024,-2.8,-1.596330690383911
Christian Wood,2027,0.0417702123522758,31,2024,-2.8,-1.554560478031635
Christian Wood,2028,-0.7197552248835564,32,2024,-2.8,-2.2743157029151915
Christian Wood,2029,-0.6535071097314358,33,2024,-2.8,-2.9278228126466272
Clint Capela,2025,1.32405686378479,30,2024,0.1,1.4240568637847901
Clint Capela,2026,1.2392935752868652,31,2024,0.1,2.6633504390716554
Clint Capela,2027,1.1709282398223877,32,2024,0.1,3.834278678894043
Clint Capela,2028,0.937349001566569,33,2024,0.1,4.771627680460612
Clint Capela,2029,0.9044845153888068,34,2024,0.1,5.676112195849418
Coby White,2025,0.7034679651260376,24,2024,-0.7,0.003467965126037642
Coby White,2026,0.9810086488723756,25,2024,-0.7,0.9844766139984131
Coby White,2027,1.0520997047424316,26,2024,-0.7,2.0365763187408445
Coby White,2028,0.990623950958252,27,2024,-0.7,3.0272002696990965
Coby White,2029,0.9067141115665436,28,2024,-0.7,3.93391438126564
Cody Zeller,2025,-0.0624777823686599,32,2024,-2.6,-2.66247778236866
Cody Zeller,2026,-0.9101075381040572,33,2024,-2.6,-3.572585320472717
Cody Zeller,2027,-1.0089004337787628,34,2024,-2.6,-4.58148575425148
Cody Zeller,2028,-1.2275223831335704,35,2024,-2.6,-5.80900813738505
Cody Zeller,2029,-1.1863870074351628,36,2024,-2.6,-6.995395144820213
Collin Sexton,2025,0.0976996421813964,26,2024,1.9,1.9976996421813964
Collin Sexton,2026,0.2946397066116333,27,2024,1.9,2.2923393487930297
Collin Sexton,2027,0.2722856700420379,28,2024,1.9,2.564625018835067
Collin Sexton,2028,0.4363284806410472,29,2024,1.9,3.0009534994761147
Collin Sexton,2029,0.3484949668248494,30,2024,1.9,3.349448466300964
Cory Joseph,2024,0.2504684627056122,32,2023,-1.5,-1.2495315372943878
Cory Joseph,2025,0.4578137695789337,33,2023,-1.5,-0.7917177677154541
Cory Joseph,2026,0.2320011854171753,34,2023,-1.5,-0.5597165822982788
Cory Joseph,2027,0.2536434729894002,35,2023,-1.5,-0.30607310930887865
Cory Joseph,2028,0.1761532227198283,36,2023,-1.5,-0.1299198865890503
D'Angelo Russell,2025,0.305922269821167,28,2024,0.9,1.205922269821167
D'Angelo Russell,2026,0.4260907173156738,29,2024,0.9,1.6320129871368407
D'Angelo Russell,2027,0.490481823682785,30,2024,0.9,2.1224948108196258
D'Angelo Russell,2028,0.3572511970996856,31,2024,0.9,2.4797460079193114
D'Angelo Russell,2029,0.2897810935974121,32,2024,0.9,2.7695271015167235
Damian Jones,2025,0.0866811573505401,29,2024,-0.5,-0.4133188426494599
Damian Jones,2026,0.1094428598880767,30,2024,-0.5,-0.30387598276138317
Damian Jones,2027,-0.1820782721042633,31,2024,-0.5,-0.4859542548656465
Damian Jones,2028,-0.1163449982802073,32,2024,-0.5,-0.6022992531458538
Damian Jones,2029,-0.1810132091244062,33,2024,-0.5,-0.78331246227026
Damian Lillard,2025,0.6899912357330322,34,2024,2.1,2.7899912357330323
Damian Lillard,2026,0.4700241088867187,35,2024,2.1,3.260015344619751
Damian Lillard,2027,0.3382965624332428,36,2024,2.1,3.598311907052994
Damian Lillard,2028,0.0002374748388926,37,2024,2.1,3.5985493818918863
Damian Lillard,2029,-0.0328173736731211,38,2024,2.1,3.5657320082187653
Damion Lee,2024,0.3891715705394745,31,2023,-1.7,-1.3108284294605255
Damion Lee,2025,0.7781331837177277,32,2023,-1.7,-0.5326952457427978
Damion Lee,2026,-0.4716276228427887,33,2023,-1.7,-1.0043228685855865
Damion Lee,2027,-0.3517029583454132,34,2023,-1.7,-1.3560258269309997
Damion Lee,2028,-0.3584675081074238,35,2023,-1.7,-1.7144933350384235
Daniel Gafford,2025,0.580866813659668,26,2024,2.6,3.180866813659668
Daniel Gafford,2026,0.5645318031311035,27,2024,2.6,3.7453986167907716
Daniel Gafford,2027,0.5898982584476471,28,2024,2.6,4.335296875238418
Daniel Gafford,2028,0.6360374391078949,29,2024,2.6,4.971334314346313
Daniel Gafford,2029,0.6060178279876709,30,2024,2.6,5.577352142333984
Daniel Theis,2025,0.3117398917675018,32,2024,-1.6,-1.2882601082324983
Daniel Theis,2026,-0.5627525150775909,33,2024,-1.6,-1.8510126233100892
Daniel Theis,2027,-0.5357005149126053,34,2024,-1.6,-2.3867131382226945
Daniel Theis,2028,-0.333588386575381,35,2024,-1.6,-2.7203015247980753
Daniel Theis,2029,-0.4045085584123929,36,2024,-1.6,-3.1248100832104684
Danilo Gallinari,2025,0.6824045181274414,36,2024,-1.9,-1.2175954818725585
Danilo Gallinari,2026,-0.0606117248535156,37,2024,-1.9,-1.2782072067260741
Danilo Gallinari,2027,-0.1540292873978614,38,2024,-1.9,-1.4322364941239356
Danilo Gallinari,2028,-0.2379545991619427,39,2024,-1.9,-1.6701910932858781
Danilo Gallinari,2029,-0.2773156153659026,40,2024,-1.9,-1.9475067086517808
Dante Exum,2025,-0.5986344814300537,29,2024,-0.6,-1.1986344814300538
Dante Exum,2026,0.0851643681526184,30,2024,-0.6,-1.1134701132774354
Dante Exum,2027,0.5373595207929611,31,2024,-0.6,-0.5761105924844742
Dante Exum,2028,0.7335385630528132,32,2024,-0.6,0.15742797056833902
Dante Exum,2029,0.586793971558412,33,2024,-0.6,0.744221942126751
Danuel House Jr.,2025,0.4352983236312866,31,2024,-4.0,-3.5647016763687134
Danuel House Jr.,2026,0.8589862585067749,32,2024,-4.0,-2.7057154178619385
Danuel House Jr.,2027,0.5396725237369537,33,2024,-4.0,-2.1660428941249847
Danuel House Jr.,2028,0.3017815848191579,34,2024,-4.0,-1.8642613093058267
Danuel House Jr.,2029,0.2538011992971102,35,2024,-4.0,-1.6104601100087166
Dario Saric,2025,0.2287427484989166,30,2024,1.0,1.2287427484989166
Dario Saric,2026,-0.1727428883314132,31,2024,1.0,1.0559998601675034
Dario Saric,2027,0.1768714375793934,32,2024,1.0,1.2328712977468967
Dario Saric,2028,0.4466122649610042,33,2024,1.0,1.679483562707901
Dario Saric,2029,0.2834997233003378,34,2024,1.0,1.9629832860082388
Darius Garland,2025,0.1346403658390045,25,2024,-1.0,-0.8653596341609955
Darius Garland,2026,0.9943753182888032,26,2024,-1.0,0.12901568412780762
Darius Garland,2027,0.0850526988506317,27,2024,-1.0,0.21406838297843933
Darius Garland,2028,-0.8957181473573048,28,2024,-1.0,-0.6816497643788655
Darius Garland,2029,-0.8582779417435329,29,2024,-1.0,-1.5399277061223984
Davis Bertans,2025,0.0292363464832305,32,2024,-1.4,-1.3707636535167693
Davis Bertans,2026,-0.1956861913204193,33,2024,-1.4,-1.5664498448371886
Davis Bertans,2027,0.415091872215271,34,2024,-1.4,-1.1513579726219176
Davis Bertans,2028,0.04816401998202,35,2024,-1.4,-1.1031939526398977
Davis Bertans,2029,-0.0390088247756163,36,2024,-1.4,-1.142202777415514
De'Aaron Fox,2025,0.3601951599121094,27,2024,2.7,3.0601951599121096
De'Aaron Fox,2026,0.269357681274414,28,2024,2.7,3.3295528411865236
De'Aaron Fox,2027,0.6367882192134857,29,2024,2.7,3.9663410604000093
De'Aaron Fox,2028,0.5024242301781973,30,2024,2.7,4.468765290578206
De'Aaron Fox,2029,0.4487767914930979,31,2024,2.7,4.9175420820713045
De'Anthony Melton,2025,0.7662954330444336,26,2024,0.5,1.2662954330444336
De'Anthony Melton,2026,0.628061056137085,27,2024,0.5,1.8943564891815186
De'Anthony Melton,2027,0.5868804454803467,28,2024,0.5,2.4812369346618652
De'Anthony Melton,2028,0.4100941816965739,29,2024,0.5,2.891331116358439
De'Anthony Melton,2029,0.3700613652666409,30,2024,0.5,3.26139248162508
DeAndre Jordan,2025,0.5885851383209229,36,2024,-1.7,-1.111414861679077
DeAndre Jordan,2026,-0.1506282985210418,37,2024,-1.7,-1.2620431602001188
DeAndre Jordan,2027,0.0494275391101837,38,2024,-1.7,-1.212615621089935
DeAndre Jordan,2028,-0.7917543848355612,39,2024,-1.7,-2.0043700059254963
DeAndre Jordan,2029,-0.7403196344772974,40,2024,-1.7,-2.744689640402794
DeMar DeRozan,2025,0.6150088906288147,35,2024,1.8,2.4150088906288145
DeMar DeRozan,2026,0.5672658085823059,36,2024,1.8,2.9822746992111204
DeMar DeRozan,2027,0.5196093618869781,37,2024,1.8,3.5018840610980986
DeMar DeRozan,2028,0.4861877461274465,38,2024,1.8,3.9880718072255457
DeMar DeRozan,2029,0.3979679072896639,39,2024,1.8,4.386039714515209
Deandre Ayton,2025,1.3589932918548584,26,2024,0.3,1.6589932918548584
Deandre Ayton,2026,1.2228822708129885,27,2024,0.3,2.8818755626678465
Deandre Ayton,2027,1.0400185585021973,28,2024,0.3,3.9218941211700438
Deandre Ayton,2028,0.9037079811096193,29,2024,0.3,4.825602102279663
Deandre Ayton,2029,0.8666585981845856,30,2024,0.3,5.6922607004642485
Dejounte Murray,2025,0.1898194253444671,28,2024,1.7,1.8898194253444671
Dejounte Murray,2026,0.5177788436412811,29,2024,1.7,2.4075982689857485
Dejounte Murray,2027,-0.1289455145597458,30,2024,1.7,2.2786527544260027
Dejounte Murray,2028,-0.033133640885353,31,2024,1.7,2.2455191135406496
Dejounte Murray,2029,-0.0867246910929679,32,2024,1.7,2.1587944224476816
Delon Wright,2025,0.7347047328948975,32,2024,0.4,1.1347047328948974
Delon Wright,2026,0.6780340671539307,33,2024,0.4,1.812738800048828
Delon Wright,2027,0.5489562749862671,34,2024,0.4,2.361695075035095
Delon Wright,2028,0.061795433362325,35,2024,0.4,2.4234905083974203
Delon Wright,2029,0.0502565974990526,36,2024,0.4,2.473747105896473
Dennis Schroder,2025,-0.5953918099403381,31,2024,-1.8,-2.395391809940338
Dennis Schroder,2026,-0.6504626870155334,32,2024,-1.8,-3.0458544969558714
Dennis Schroder,2027,-0.5009376108646393,33,2024,-1.8,-3.5467921078205107
Dennis Schroder,2028,-0.3816532790660858,34,2024,-1.8,-3.9284453868865965
Dennis Schroder,2029,-0.4789154306054115,35,2024,-1.8,-4.407360817492008
Dennis Smith Jr.,2025,0.1459268182516098,27,2024,-0.8,-0.6540731817483902
Dennis Smith Jr.,2026,0.6268574744462967,28,2024,-0.8,-0.02721570730209355
Dennis Smith Jr.,2027,0.3941167742013931,29,2024,-0.8,0.3669010668992996
Dennis Smith Jr.,2028,0.4524579892555873,30,2024,-0.8,0.8193590561548869
Dennis Smith Jr.,2029,0.3657059495647748,31,2024,-0.8,1.1850650057196617
Derrick Jones Jr.,2025,0.6099727749824524,27,2024,-1.5,-0.8900272250175476
Derrick Jones Jr.,2026,0.6032945513725281,28,2024,-1.5,-0.28673267364501953
Derrick Jones Jr.,2027,0.4699486494064331,29,2024,-1.5,0.18321597576141357
Derrick Jones Jr.,2028,0.2607606252034505,30,2024,-1.5,0.443976600964864
Derrick Jones Jr.,2029,0.2096816326181094,31,2024,-1.5,0.6536582335829735
Derrick White,2025,-0.3196123242378235,30,2024,3.8,3.4803876757621763
Derrick White,2026,0.0989217162132263,31,2024,3.8,3.5793093919754027
Derrick White,2027,0.172646164894104,32,2024,3.8,3.7519555568695067
Derrick White,2028,0.1834321816762288,33,2024,3.8,3.9353877385457356
Derrick White,2029,0.1127506444851557,34,2024,3.8,4.048138383030891
Devin Booker,2025,0.2855197787284851,28,2024,3.0,3.285519778728485
Devin Booker,2026,0.7133419513702393,29,2024,3.0,3.9988617300987244
Devin Booker,2027,0.5693964213132858,30,2024,3.0,4.56825815141201
Devin Booker,2028,0.6014518886804581,31,2024,3.0,5.169710040092468
Devin Booker,2029,0.5287064090371132,32,2024,3.0,5.6984164491295815
Devonte' Graham,2024,0.8230822086334229,28,2023,-0.1,0.7230822086334229
Devonte' Graham,2025,0.7912043333053589,29,2023,-0.1,1.5142865419387816
Devonte' Graham,2026,0.6867238879203796,30,2023,-0.1,2.2010104298591613
Devonte' Graham,2027,0.8003484606742859,31,2023,-0.1,3.001358890533447
Devonte' Graham,2028,0.7335039675235748,32,2023,-0.1,3.734862858057022
Dewayne Dedmon,2024,-0.0194020494818687,34,2023,-1.6,-1.6194020494818688
Dewayne Dedmon,2025,-0.8759001269936562,35,2023,-1.6,-2.495302176475525
Dewayne Dedmon,2026,-0.0715635418891906,36,2023,-1.6,-2.5668657183647157
Dewayne Dedmon,2027,-0.3814725677172343,37,2023,-1.6,-2.94833828608195
Dewayne Dedmon,2028,-0.4477361117800076,38,2023,-1.6,-3.396074397861957
Dillon Brooks,2025,-0.6044543981552124,29,2024,-3.6,-4.204454398155212
Dillon Brooks,2026,-0.5444842576980591,30,2024,-3.6,-4.748938655853271
Dillon Brooks,2027,-0.781787633895874,31,2024,-3.6,-5.530726289749145
Dillon Brooks,2028,-0.6067601044972738,32,2024,-3.6,-6.1374863942464195
Dillon Brooks,2029,-0.679571862022082,33,2024,-3.6,-6.817058256268501
Domantas Sabonis,2025,0.5331858396530151,28,2024,6.5,7.033185839653015
Domantas Sabonis,2026,0.6835662126541138,29,2024,6.5,7.716752052307129
Domantas Sabonis,2027,0.7365170419216156,30,2024,6.5,8.453269094228745
Domantas Sabonis,2028,0.6578957140445709,31,2024,6.5,9.111164808273315
Domantas Sabonis,2029,0.6206341236829758,32,2024,6.5,9.731798931956291
Donovan Mitchell,2025,0.4614052176475525,28,2024,5.8,6.261405217647552
Donovan Mitchell,2026,0.570566713809967,29,2024,5.8,6.831971931457519
Donovan Mitchell,2027,0.559404581785202,30,2024,5.8,7.391376513242721
Donovan Mitchell,2028,0.5094404518604279,31,2024,5.8,7.900816965103149
Donovan Mitchell,2029,0.4838684946298599,32,2024,5.8,8.38468545973301
Donte DiVincenzo,2025,0.2685283422470093,28,2024,3.4,3.668528342247009
Donte DiVincenzo,2026,0.3033094406127929,29,2024,3.4,3.971837782859802
Donte DiVincenzo,2027,0.8019795715808868,30,2024,3.4,4.773817354440689
Donte DiVincenzo,2028,0.8036960065364838,31,2024,3.4,5.577513360977173
Donte DiVincenzo,2029,0.7178320288658142,32,2024,3.4,6.295345389842987
Dorian Finney-Smith,2025,0.8781007528305054,31,2024,-2.0,-1.1218992471694946
Dorian Finney-Smith,2026,0.4529048204421997,32,2024,-2.0,-0.6689944267272949
Dorian Finney-Smith,2027,-0.0079353004693984,33,2024,-2.0,-0.6769297271966934
Dorian Finney-Smith,2028,0.1888805776834488,34,2024,-2.0,-0.48804914951324463
Dorian Finney-Smith,2029,0.1359289288520813,35,2024,-2.0,-0.35212022066116333
Doug McDermott,2025,-0.4159776270389557,33,2024,-3.4,-3.8159776270389556
Doug McDermott,2026,-1.0874544084072113,34,2024,-3.4,-4.903432035446167
Doug McDermott,2027,-0.7821016907691956,35,2024,-3.4,-5.685533726215363
Doug McDermott,2028,-0.7638711333274841,36,2024,-3.4,-6.449404859542847
Doug McDermott,2029,-0.8112489283084869,37,2024,-3.4,-7.260653787851334
Draymond Green,2025,0.0778938233852386,34,2024,2.4,2.4778938233852386
Draymond Green,2026,0.0450911819934845,35,2024,2.4,2.522985005378723
Draymond Green,2027,-0.0622649788856506,36,2024,2.4,2.4607200264930724
Draymond Green,2028,-0.0477019747098286,37,2024,2.4,2.413018051783244
Draymond Green,2029,-0.1048976803819338,38,2024,2.4,2.30812037140131
Duncan Robinson,2025,-0.0099876448512077,30,2024,-0.9,-0.9099876448512078
Duncan Robinson,2026,-0.562818355858326,31,2024,-0.9,-1.4728060007095336
Duncan Robinson,2027,-0.4673874676227569,32,2024,-0.9,-1.9401934683322906
Duncan Robinson,2028,0.0601854622364044,33,2024,-0.9,-1.8800080060958861
Duncan Robinson,2029,-0.0787313617765903,34,2024,-0.9,-1.9587393678724765
Dwight Powell,2025,0.9706323742866516,33,2024,-0.3,0.6706323742866516
Dwight Powell,2026,0.9969319701194764,34,2024,-0.3,1.6675643444061279
Dwight Powell,2027,0.8459359407424927,35,2024,-0.3,2.513500285148621
Dwight Powell,2028,0.8587444225947062,36,2024,-0.3,3.372244707743327
Dwight Powell,2029,0.8198935439189275,37,2024,-0.3,4.1921382516622545
Eric Gordon,2025,-0.903659462928772,36,2024,-1.7,-2.603659462928772
Eric Gordon,2026,-0.4079046249389648,37,2024,-1.7,-3.011564087867737
Eric Gordon,2027,-0.576312929391861,38,2024,-1.7,-3.587877017259598
Eric Gordon,2028,-0.5617797076702118,39,2024,-1.7,-4.14965672492981
Eric Gordon,2029,-0.6272252649068832,40,2024,-1.7,-4.776881989836693
Evan Fournier,2025,1.0544257164001465,32,2024,-4.3,-3.2455742835998533
Evan Fournier,2026,0.6308445930480957,33,2024,-4.3,-2.6147296905517576
Evan Fournier,2027,0.2058708667755127,34,2024,-4.3,-2.408858823776245
Evan Fournier,2028,-0.1285145680109659,35,2024,-4.3,-2.5373733917872108
Evan Fournier,2029,-0.1194186036785443,36,2024,-4.3,-2.6567919954657553
Frank Kaminsky,2024,0.1094819903373718,30,2023,2.8,2.9094819903373716
Frank Kaminsky,2025,0.0663396716117858,31,2023,2.8,2.9758216619491575
Frank Kaminsky,2026,0.4617855548858642,32,2023,2.8,3.437607216835022
Frank Kaminsky,2027,0.5197644233703613,33,2023,2.8,3.957371640205383
Frank Kaminsky,2028,0.3978606909513473,34,2023,2.8,4.3552323311567305
Frank Ntilikina,2024,0.2335151731967926,25,2023,-6.7,-6.466484826803208
Frank Ntilikina,2025,0.0522166192531585,26,2023,-6.7,-6.414268207550049
Frank Ntilikina,2026,-0.1239450573921203,27,2023,-6.7,-6.538213264942169
Frank Ntilikina,2027,-0.3457154631614685,28,2023,-6.7,-6.883928728103638
Frank Ntilikina,2028,-0.3378650844097137,29,2023,-6.7,-7.221793812513352
Fred VanVleet,2025,0.2049211859703064,30,2024,3.4,3.6049211859703063
Fred VanVleet,2026,0.4063295722007751,31,2024,3.4,4.011250758171082
Fred VanVleet,2027,0.3038032650947571,32,2024,3.4,4.315054023265839
Fred VanVleet,2028,0.3684522112210591,33,2024,3.4,4.683506234486898
Fred VanVleet,2029,0.2904830078283946,34,2024,3.4,4.973989242315293
Furkan Korkmaz,2025,-0.5838756561279297,27,2024,-2.7,-3.28387565612793
Furkan Korkmaz,2026,-0.9926397800445556,28,2024,-2.7,-4.2765154361724855
Furkan Korkmaz,2027,-0.8451564908027649,29,2024,-2.7,-5.12167192697525
Furkan Korkmaz,2028,-0.7631488045056661,30,2024,-2.7,-5.884820731480916
Furkan Korkmaz,2029,-0.823291669289271,31,2024,-2.7,-6.7081124007701876
Gary Harris,2025,-1.315785527229309,30,2024,-1.2,-2.5157855272293093
Gary Harris,2026,-0.1856669187545776,31,2024,-1.2,-2.701452445983887
Gary Harris,2027,-0.2438921630382537,32,2024,-1.2,-2.9453446090221407
Gary Harris,2028,-0.5267851650714874,33,2024,-1.2,-3.472129774093628
Gary Harris,2029,-0.6017808169126511,34,2024,-1.2,-4.073910591006279
Gary Trent Jr.,2025,1.1583456993103027,26,2024,-2.6,-1.4416543006896974
Gary Trent Jr.,2026,1.5396406650543213,27,2024,-2.6,0.09798636436462393
Gary Trent Jr.,2027,1.0837119817733765,28,2024,-2.6,1.1816983461380004
Gary Trent Jr.,2028,0.6366741259892782,29,2024,-2.6,1.8183724721272783
Gary Trent Jr.,2029,0.6284342358509699,30,2024,-2.6,2.4468067079782485
George Hill,2024,0.042976289987564,37,2023,-1.5,-1.457023710012436
George Hill,2025,-0.8020462095737457,38,2023,-1.5,-2.2590699195861816
George Hill,2026,-0.4423571228981018,39,2023,-1.5,-2.7014270424842834
George Hill,2027,-0.2847618460655212,40,2023,-1.5,-2.9861888885498047
George Hill,2028,-0.3673433810472488,41,2023,-1.5,-3.3535322695970535
Georges Niang,2025,0.7135509848594666,31,2024,-2.9,-2.1864490151405334
Georges Niang,2026,0.5079671740531921,32,2024,-2.9,-1.6784818410873412
Georges Niang,2027,0.5831599533557892,33,2024,-2.9,-1.095321887731552
Georges Niang,2028,0.30828524629275,34,2024,-2.9,-0.7870366414388021
Georges Niang,2029,0.277374600370725,35,2024,-2.9,-0.509662041068077
Giannis Antetokounmpo,2025,0.8499320149421692,30,2024,9.0,9.84993201494217
Giannis Antetokounmpo,2026,0.7858439087867737,31,2024,9.0,10.635775923728943
Giannis Antetokounmpo,2027,0.7183211445808411,32,2024,9.0,11.354097068309784
Giannis Antetokounmpo,2028,0.8832746148109436,33,2024,9.0,12.237371683120728
Giannis Antetokounmpo,2029,0.8316729068756104,34,2024,9.0,13.069044589996338
Goga Bitadze,2025,0.9109392166137696,25,2024,2.1,3.0109392166137696
Goga Bitadze,2026,0.98653244972229,26,2024,2.1,3.9974716663360597
Goga Bitadze,2027,1.0198900997638702,27,2024,2.1,5.0173617660999295
Goga Bitadze,2028,1.0620804329713185,28,2024,2.1,6.079442199071249
Goga Bitadze,2029,1.0307668099800746,29,2024,2.1,7.110209009051323
Goran Dragic,2024,0.3211854696273803,37,2023,-3.9,-3.5788145303726195
Goran Dragic,2025,0.3266780972480774,38,2023,-3.9,-3.252136433124542
Goran Dragic,2026,-0.1977044492959976,39,2023,-3.9,-3.4498408824205398
Goran Dragic,2027,-0.3405390630165736,40,2023,-3.9,-3.790379945437113
Goran Dragic,2028,-0.3334500243266423,41,2023,-3.9,-4.123829969763755
Gordon Hayward,2025,-0.6614649295806885,34,2024,-2.1,-2.7614649295806886
Gordon Hayward,2026,-1.3043190240859983,35,2024,-2.1,-4.065783953666687
Gordon Hayward,2027,-1.215694934129715,36,2024,-2.1,-5.281478887796402
Gordon Hayward,2028,-1.2343160410722096,37,2024,-2.1,-6.515794928868612
Gordon Hayward,2029,-1.2384537408749263,38,2024,-2.1,-7.7542486697435375
Gorgui Dieng,2024,1.1623132228851318,34,2023,-3.9,-2.737686777114868
Gorgui Dieng,2025,0.6682499647140503,35,2023,-3.9,-2.069436812400818
Gorgui Dieng,2026,-0.3508226722478866,36,2023,-3.9,-2.4202594846487044
Gorgui Dieng,2027,-0.7732716947793961,37,2023,-3.9,-3.1935311794281005
Gorgui Dieng,2028,-0.6588402017951012,38,2023,-3.9,-3.8523713812232017
Grant Williams,2025,1.010017991065979,26,2024,-2.6,-1.589982008934021
Grant Williams,2026,1.583971619606018,27,2024,-2.6,-0.0060103893280030185
Grant Williams,2027,0.9641144275665284,28,2024,-2.6,0.9581040382385253
Grant Williams,2028,0.8150992393493652,29,2024,-2.6,1.7732032775878905
Grant Williams,2029,0.7841143906116486,30,2024,-2.6,2.557317668199539
Grayson Allen,2025,0.3416783511638641,29,2024,1.3,1.6416783511638642
Grayson Allen,2026,0.524677962064743,30,2024,1.3,2.166356313228607
Grayson Allen,2027,0.5189028531312943,31,2024,1.3,2.6852591663599013
Grayson Allen,2028,0.6157177537679672,32,2024,1.3,3.3009769201278685
Grayson Allen,2029,0.5518536940217018,33,2024,1.3,3.8528306141495703
Hamidou Diallo,2024,0.0939643532037735,25,2023,-1.4,-1.3060356467962264
Hamidou Diallo,2025,0.8533114641904831,26,2023,-1.4,-0.4527241826057433
Hamidou Diallo,2026,0.6162286549806595,27,2023,-1.4,0.16350447237491617
Hamidou Diallo,2027,0.4669620444377263,28,2023,-1.4,0.6304665168126427
Hamidou Diallo,2028,0.3747675741712252,29,2023,-1.4,1.0052340909838677
Harrison Barnes,2025,0.3530058562755584,32,2024,-1.8,-1.4469941437244416
Harrison Barnes,2026,0.2734141051769256,33,2024,-1.8,-1.1735800385475161
Harrison Barnes,2027,0.2323597520589828,34,2024,-1.8,-0.9412202864885333
Harrison Barnes,2028,0.1383505215247472,35,2024,-1.8,-0.8028697649637861
Harrison Barnes,2029,0.0873207698265711,36,2024,-1.8,-0.7155489951372151
Ish Smith,2025,-0.5587557554244995,36,2024,-6.8,-7.358755755424499
Ish Smith,2026,-0.7953547239303589,37,2024,-6.8,-8.154110479354859
Ish Smith,2027,-0.8093140721321106,38,2024,-6.8,-8.96342455148697
Ish Smith,2028,-0.7167611320813497,39,2024,-6.8,-9.680185683568318
Ish Smith,2029,-0.7366385410229365,40,2024,-6.8,-10.416824224591256
Ivica Zubac,2025,1.2043492794036863,27,2024,0.8,2.0043492794036863
Ivica Zubac,2026,1.0000879764556885,28,2024,0.8,3.004437255859375
Ivica Zubac,2027,1.0712330341339111,29,2024,0.8,4.075670289993286
Ivica Zubac,2028,1.153184811274211,30,2024,0.8,5.228855101267497
Ivica Zubac,2029,1.093778093655904,31,2024,0.8,6.322633194923401
JaMychal Green,2024,-0.5603743195533752,33,2023,-0.5,-1.0603743195533752
JaMychal Green,2025,-0.3023790121078491,34,2023,-0.5,-1.3627533316612244
JaMychal Green,2026,-0.1305568218231201,35,2023,-0.5,-1.4933101534843445
JaMychal Green,2027,0.0229197144508361,36,2023,-0.5,-1.4703904390335083
JaMychal Green,2028,-0.1204605028033256,37,2023,-0.5,-1.590850941836834
JaVale McGee,2025,0.0611426569521427,37,2024,-1.3,-1.2388573430478573
JaVale McGee,2026,0.4661613367497921,38,2024,-1.3,-0.7726960062980652
JaVale McGee,2027,-0.3201687037944793,39,2024,-1.3,-1.0928647100925446
JaVale McGee,2028,-0.1391615569591522,40,2024,-1.3,-1.2320262670516968
JaVale McGee,2029,-0.1925203762948513,41,2024,-1.3,-1.4245466433465481
Jae Crowder,2025,-0.0508464574813842,34,2024,-2.6,-2.6508464574813844
Jae Crowder,2026,-0.1541175246238708,35,2024,-2.6,-2.804963982105255
Jae Crowder,2027,-0.2979695871472358,36,2024,-2.6,-3.1029335692524906
Jae Crowder,2028,-0.5995213513573011,37,2024,-2.6,-3.702454920609792
Jae Crowder,2029,-0.6037384110192457,38,2024,-2.6,-4.3061933316290375
Jakob Poeltl,2025,0.7106113433837891,29,2024,0.7,1.410611343383789
Jakob Poeltl,2026,0.7753841876983643,30,2024,0.7,2.1859955310821535
Jakob Poeltl,2027,0.5373516380786896,31,2024,0.7,2.723347169160843
Jakob Poeltl,2028,0.4654623369375865,32,2024,0.7,3.188809506098429
Jakob Poeltl,2029,0.4280962248643239,33,2024,0.7,3.6169057309627535
Jalen Brunson,2025,0.2286932468414306,28,2024,5.8,6.0286932468414305
Jalen Brunson,2026,0.3335802555084228,29,2024,5.8,6.362273502349853
Jalen Brunson,2027,0.4289101958274841,30,2024,5.8,6.7911836981773375
Jalen Brunson,2028,0.4481794635454814,31,2024,5.8,7.239363161722819
Jalen Brunson,2029,0.4090154667695363,32,2024,5.8,7.648378628492355
Jamal Murray,2025,0.2818686366081238,27,2024,4.1,4.381868636608123
Jamal Murray,2026,0.3237591385841369,28,2024,4.1,4.70562777519226
Jamal Murray,2027,0.2630399465560913,29,2024,4.1,4.968667721748352
Jamal Murray,2028,0.3513565460840861,30,2024,4.1,5.320024267832438
Jamal Murray,2029,0.2927964528401692,31,2024,4.1,5.612820720672607
James Harden,2025,0.3417407274246216,35,2024,4.1,4.441740727424621
James Harden,2026,0.1378555297851562,36,2024,4.1,4.5795962572097775
James Harden,2027,0.3000328540802002,37,2024,4.1,4.879629111289978
James Harden,2028,0.1479421854019165,38,2024,4.1,5.027571296691894
James Harden,2029,0.0924543887376785,39,2024,4.1,5.120025685429573
Jaren Jackson Jr.,2025,0.775537371635437,25,2024,0.4,1.175537371635437
Jaren Jackson Jr.,2026,0.8387057781219482,26,2024,0.4,2.014243149757385
Jaren Jackson Jr.,2027,0.7861998081207275,27,2024,0.4,2.8004429578781127
Jaren Jackson Jr.,2028,0.0983045101165771,28,2024,0.4,2.89874746799469
Jaren Jackson Jr.,2029,0.0762533359229564,29,2024,0.4,2.9750008039176463
Jarrett Allen,2025,1.359219670295715,26,2024,3.0,4.359219670295715
Jarrett Allen,2026,1.417578101158142,27,2024,3.0,5.776797771453857
Jarrett Allen,2027,1.3214824199676514,28,2024,3.0,7.098280191421509
Jarrett Allen,2028,1.3040050665537517,29,2024,3.0,8.402285257975262
Jarrett Allen,2029,1.267199565966924,30,2024,3.0,9.669484823942184
Jaxson Hayes,2025,0.8794504404067993,24,2024,-1.9,-1.0205495595932006
Jaxson Hayes,2026,0.6852419376373291,25,2024,-1.9,-0.3353076219558715
Jaxson Hayes,2027,0.4133422672748565,26,2024,-1.9,0.07803464531898507
Jaxson Hayes,2028,0.6598239839076996,27,2024,-1.9,0.7378586292266847
Jaxson Hayes,2029,0.6153202652931213,28,2024,-1.9,1.353178894519806
Jaylen Brown,2025,0.7001669406890869,28,2024,0.7,1.4001669406890869
Jaylen Brown,2026,0.5906370878219604,29,2024,0.7,1.9908040285110473
Jaylen Brown,2027,0.6092176735401154,30,2024,0.7,2.600021702051163
Jaylen Brown,2028,0.5979118446509043,31,2024,0.7,3.1979335467020666
Jaylen Brown,2029,0.5481952776511511,32,2024,0.7,3.7461288243532183
Jayson Tatum,2025,0.8573264479637146,26,2024,5.1,5.957326447963714
Jayson Tatum,2026,0.9164518713951112,27,2024,5.1,6.873778319358825
Jayson Tatum,2027,0.924982249736786,28,2024,5.1,7.798760569095611
Jayson Tatum,2028,0.8748510877291361,29,2024,5.1,8.673611656824747
Jayson Tatum,2029,0.833192711075147,30,2024,5.1,9.506804367899894
Jeff Green,2025,-0.1849085241556167,38,2024,-2.1,-2.284908524155617
Jeff Green,2026,-0.9104933589696884,39,2024,-2.1,-3.1954018831253053
Jeff Green,2027,-0.7410131096839905,40,2024,-2.1,-3.9364149928092957
Jeff Green,2028,-0.5275625189145406,41,2024,-2.1,-4.4639775117238365
Jeff Green,2029,-0.5863410184780756,42,2024,-2.1,-5.050318530201912
Jerami Grant,2025,0.4557933807373047,30,2024,-0.1,0.3557933807373047
Jerami Grant,2026,0.4441735744476318,31,2024,-0.1,0.7999669551849365
Jerami Grant,2027,0.3961242735385895,32,2024,-0.1,1.196091228723526
Jerami Grant,2028,0.1685546139876048,33,2024,-0.1,1.3646458427111308
Jerami Grant,2029,0.1242628147204717,34,2024,-0.1,1.4889086574316024
Jevon Carter,2025,0.4836131036281585,29,2024,-4.0,-3.5163868963718414
Jevon Carter,2026,-0.1232987940311431,30,2024,-4.0,-3.6396856904029846
Jevon Carter,2027,0.1171475946903228,31,2024,-4.0,-3.5225380957126617
Jevon Carter,2028,-0.2956778307755788,32,2024,-4.0,-3.8182159264882407
Jevon Carter,2029,-0.2866450349489848,33,2024,-4.0,-4.104860961437225
Jimmy Butler,2025,0.4502902030944824,35,2024,4.6,5.050290203094482
Jimmy Butler,2026,0.3418583869934082,36,2024,4.6,5.39214859008789
Jimmy Butler,2027,0.4528234899044037,37,2024,4.6,5.844972079992294
Jimmy Butler,2028,0.1372778316338856,38,2024,4.6,5.982249911626179
Jimmy Butler,2029,0.1073980132738749,39,2024,4.6,6.089647924900055
Joe Harris,2024,-0.4898602366447449,32,2023,-1.1,-1.589860236644745
Joe Harris,2025,-0.6476197838783264,33,2023,-1.1,-2.2374800205230714
Joe Harris,2026,-0.4644040018320083,34,2023,-1.1,-2.7018840223550797
Joe Harris,2027,-0.9404811710119249,35,2023,-1.1,-3.6423651933670045
Joe Harris,2028,-0.9396932646632196,36,2023,-1.1,-4.5820584580302235
Joe Ingles,2025,0.6180003881454468,37,2024,-0.5,0.11800038814544678
Joe Ingles,2026,-0.126481294631958,38,2024,-0.5,-0.00848090648651123
Joe Ingles,2027,0.3456536382436752,39,2024,-0.5,0.337172731757164
Joe Ingles,2028,0.2329265028238296,40,2024,-0.5,0.5700992345809937
Joe Ingles,2029,0.1813622713088989,41,2024,-0.5,0.7514615058898926
Joel Embiid,2025,1.0507190227508545,30,2024,11.6,12.650719022750854
Joel Embiid,2026,1.0821781158447266,31,2024,11.6,13.73289713859558
Joel Embiid,2027,1.0364251732826233,32,2024,11.6,14.769322311878204
Joel Embiid,2028,0.966215471426646,33,2024,11.6,15.73553778330485
Joel Embiid,2029,0.9373619755109152,34,2024,11.6,16.672899758815767
John Collins,2025,0.8148746490478516,27,2024,-0.9,-0.08512535095214846
John Collins,2026,0.4330863952636719,28,2024,-0.9,0.3479610443115234
John Collins,2027,0.3929177820682525,29,2024,-0.9,0.740878826379776
John Collins,2028,0.4806667268276214,30,2024,-0.9,1.2215455532073975
John Collins,2029,0.4232283383607864,31,2024,-0.9,1.644773891568184
John Wall,2024,-0.0339104384183883,33,2023,-1.2,-1.2339104384183883
John Wall,2025,-0.7527489811182022,34,2023,-1.2,-1.9866594195365903
John Wall,2026,-0.8575742691755295,35,2023,-1.2,-2.8442336887121202
John Wall,2027,-0.8823824475208918,36,2023,-1.2,-3.7266161362330115
John Wall,2028,-0.8860984270771345,37,2023,-1.2,-4.6127145633101465
Jonas Valanciunas,2025,0.4108510911464691,32,2024,1.2,1.610851091146469
Jonas Valanciunas,2026,-0.2398246228694915,33,2024,1.2,1.3710264682769775
Jonas Valanciunas,2027,-0.0512881428003311,34,2024,1.2,1.3197383254766464
Jonas Valanciunas,2028,0.2071232149998347,35,2024,1.2,1.5268615404764811
Jonas Valanciunas,2029,0.0916878630717595,36,2024,1.2,1.6185494035482406
Jordan Clarkson,2025,0.5701510906219482,32,2024,-4.5,-3.9298489093780518
Jordan Clarkson,2026,-0.6131099462509155,33,2024,-4.5,-4.542958855628967
Jordan Clarkson,2027,-0.5545670837163925,34,2024,-4.5,-5.09752593934536
Jordan Clarkson,2028,-0.6846472571293513,35,2024,-4.5,-5.7821731964747105
Jordan Clarkson,2029,-0.6763288502891859,36,2024,-4.5,-6.458502046763897
Jordan McLaughlin,2025,0.1056827306747436,28,2024,4.2,4.305682730674744
Jordan McLaughlin,2026,0.4546140432357788,29,2024,4.2,4.760296773910523
Jordan McLaughlin,2027,0.3896451890468597,30,2024,4.2,5.149941962957382
Jordan McLaughlin,2028,0.6483318706353506,31,2024,4.2,5.798273833592733
Jordan McLaughlin,2029,0.5667386005322138,32,2024,4.2,6.365012434124947
Jordan Poole,2025,1.826657056808472,25,2024,-3.9,-2.073342943191528
Jordan Poole,2026,1.562072992324829,26,2024,-3.9,-0.5112699508666991
Jordan Poole,2027,0.9824073314666748,27,2024,-3.9,0.4711373805999757
Jordan Poole,2028,0.7298797766367594,28,2024,-3.9,1.2010171572367354
Jordan Poole,2029,0.7215920587380728,29,2024,-3.9,1.9226092159748078
Josh Hart,2025,0.5635170936584473,29,2024,0.0,0.5635170936584473
Josh Hart,2026,0.7538893222808838,30,2024,0.0,1.317406415939331
Josh Hart,2027,0.4502803683280945,31,2024,0.0,1.7676867842674255
Josh Hart,2028,0.0393968224525451,32,2024,0.0,1.8070836067199707
Josh Hart,2029,0.0165991596877574,33,2024,0.0,1.8236827664077282
Josh Okogie,2025,0.6933500170707703,26,2024,-0.5,0.19335001707077026
Josh Okogie,2026,1.0217915177345276,27,2024,-0.5,1.2151415348052979
Josh Okogie,2027,1.197177231311798,28,2024,-0.5,2.412318766117096
Josh Okogie,2028,1.1329047878583272,29,2024,-0.5,3.545223553975423
Josh Okogie,2029,1.050172785917918,30,2024,-0.5,4.595396339893341
Josh Richardson,2025,0.3041044771671295,31,2024,-1.3,-0.9958955228328705
Josh Richardson,2026,0.4502657353878021,32,2024,-1.3,-0.5456297874450684
Josh Richardson,2027,0.2387011349201202,33,2024,-1.3,-0.30692865252494816
Josh Richardson,2028,0.1776839594046274,34,2024,-1.3,-0.12924469312032083
Josh Richardson,2029,0.1073858713110288,35,2024,-1.3,-0.021858821809292106
Jrue Holiday,2025,0.2715882062911987,34,2024,2.1,2.371588206291199
Jrue Holiday,2026,0.0276702344417572,35,2024,2.1,2.399258440732956
Jrue Holiday,2027,-0.0958137810230255,36,2024,2.1,2.3034446597099305
Jrue Holiday,2028,-0.240549365679423,37,2024,2.1,2.0628952940305076
Jrue Holiday,2029,-0.2772844818731149,38,2024,2.1,1.7856108121573926
Juancho Hernangomez,2024,0.1193598806858062,28,2023,-3.3,-3.1806401193141935
Juancho Hernangomez,2025,0.4048278033733368,29,2023,-3.3,-2.7758123159408568
Juancho Hernangomez,2026,0.090348333120346,30,2023,-3.3,-2.6854639828205107
Juancho Hernangomez,2027,-0.1218774418036143,31,2023,-3.3,-2.8073414246241253
Juancho Hernangomez,2028,-0.1278789316614468,32,2023,-3.3,-2.935220356285572
Julius Randle,2025,0.1035175323486328,30,2024,1.9,2.0035175323486327
Julius Randle,2026,-0.3340675234794616,31,2024,1.9,1.669450008869171
Julius Randle,2027,0.3521421700716018,32,2024,1.9,2.021592178940773
Julius Randle,2028,-0.3323825945456822,33,2024,1.9,1.6892095843950907
Julius Randle,2029,-0.3950395944217841,34,2024,1.9,1.2941699899733066
Justin Holiday,2025,-0.6375939846038818,35,2024,-1.6,-2.237593984603882
Justin Holiday,2026,-0.9911853075027466,36,2024,-1.6,-3.2287792921066285
Justin Holiday,2027,-0.5677784979343414,37,2024,-1.6,-3.79655779004097
Justin Holiday,2028,0.1321325798829396,38,2024,-1.6,-3.66442521015803
Justin Holiday,2029,-0.0417043169339498,39,2024,-1.6,-3.70612952709198
Jusuf Nurkic,2025,0.0986327230930328,30,2024,1.1,1.198632723093033
Jusuf Nurkic,2026,-0.1429044902324676,31,2024,1.1,1.0557282328605653
Jusuf Nurkic,2027,-0.1144941747188568,32,2024,1.1,0.9412340581417085
Jusuf Nurkic,2028,-0.0699041783809661,33,2024,1.1,0.8713298797607424
Jusuf Nurkic,2029,-0.1510430388152599,34,2024,1.1,0.7202868409454825
Karl-Anthony Towns,2025,0.5367580652236938,29,2024,2.5,3.036758065223694
Karl-Anthony Towns,2026,0.3702684640884399,30,2024,2.5,3.407026529312134
Karl-Anthony Towns,2027,0.3774352222681045,31,2024,2.5,3.7844617515802383
Karl-Anthony Towns,2028,0.0314421902100245,32,2024,2.5,3.815903941790263
Karl-Anthony Towns,2029,0.0003071700533231,33,2024,2.5,3.816211111843586
Kawhi Leonard,2025,0.2920812368392944,33,2024,5.5,5.792081236839294
Kawhi Leonard,2026,0.2789176702499389,34,2024,5.5,6.070998907089233
Kawhi Leonard,2027,0.1635029315948486,35,2024,5.5,6.234501838684082
Kawhi Leonard,2028,0.2049167156219482,36,2024,5.5,6.43941855430603
Kawhi Leonard,2029,0.1550259888172149,37,2024,5.5,6.594444543123245
Keita Bates-Diop,2025,0.072582721710205,29,2024,-1.0,-0.927417278289795
Keita Bates-Diop,2026,0.3270583748817444,30,2024,-1.0,-0.6003589034080506
Keita Bates-Diop,2027,0.4118039757013321,31,2024,-1.0,-0.18855492770671856
Keita Bates-Diop,2028,0.1333716362714767,32,2024,-1.0,-0.05518329143524192
Keita Bates-Diop,2029,0.0711845830082893,33,2024,-1.0,0.016001291573047416
Kelly Olynyk,2025,0.4924492537975311,33,2024,1.8,2.292449253797531
Kelly Olynyk,2026,0.2489849030971527,34,2024,1.8,2.5414341568946837
Kelly Olynyk,2027,0.6916220635175705,35,2024,1.8,3.233056220412254
Kelly Olynyk,2028,0.7533821413914362,36,2024,1.8,3.9864383618036907
Kelly Olynyk,2029,0.6403766249616941,37,2024,1.8,4.6268149867653845
Kelly Oubre Jr.,2025,0.356482595205307,29,2024,-2.3,-1.9435174047946928
Kelly Oubre Jr.,2026,0.4143357574939728,30,2024,-2.3,-1.52918164730072
Kelly Oubre Jr.,2027,0.0970028862357139,31,2024,-2.3,-1.432178761065006
Kelly Oubre Jr.,2028,0.0357123687863349,32,2024,-2.3,-1.396466392278671
Kelly Oubre Jr.,2029,-0.0243618097156286,33,2024,-2.3,-1.4208282019942997
Kenrich Williams,2025,-0.1144522577524185,30,2024,-0.8,-0.9144522577524186
Kenrich Williams,2026,-0.1693478673696518,31,2024,-0.8,-1.0838001251220704
Kenrich Williams,2027,0.0213996171951293,32,2024,-0.8,-1.0624005079269412
Kenrich Williams,2028,-0.3722698291142781,33,2024,-0.8,-1.434670337041219
Kenrich Williams,2029,-0.4062006572882334,34,2024,-0.8,-1.8408709943294526
Kentavious Caldwell-Pope,2025,0.2852107584476471,31,2024,-1.4,-1.1147892415523528
Kentavious Caldwell-Pope,2026,0.3370613157749176,32,2024,-1.4,-0.7777279257774352
Kentavious Caldwell-Pope,2027,0.550598070025444,33,2024,-1.4,-0.22712985575199118
Kentavious Caldwell-Pope,2028,0.4153868108987808,34,2024,-1.4,0.18825695514678964
Kentavious Caldwell-Pope,2029,0.3490617126226425,35,2024,-1.4,0.5373186677694322
Kevin Durant,2025,1.0238988399505615,36,2024,4.0,5.0238988399505615
Kevin Durant,2026,0.9809229373931884,37,2024,4.0,6.00482177734375
Kevin Durant,2027,0.9125694036483764,38,2024,4.0,6.9173911809921265
Kevin Durant,2028,0.7468058665593466,39,2024,4.0,7.664197047551474
Kevin Durant,2029,0.6967002699772517,40,2024,4.0,8.360897317528725
Kevin Huerter,2025,0.6592832207679749,26,2024,-0.8,-0.1407167792320252
Kevin Huerter,2026,0.862327516078949,27,2024,-0.8,0.7216107368469238
Kevin Huerter,2027,1.002143383026123,28,2024,-0.8,1.7237541198730468
Kevin Huerter,2028,0.4095687866210937,29,2024,-0.8,2.133322906494141
Kevin Huerter,2029,0.3723848536610603,30,2024,-0.8,2.505707760155201
Kevin Knox,2025,-0.6036248207092285,25,2024,-4.6,-5.203624820709228
Kevin Knox,2026,-0.5887436866760254,26,2024,-4.6,-5.7923685073852536
Kevin Knox,2027,-0.4349767416715622,27,2024,-4.6,-6.227345249056816
Kevin Knox,2028,-0.6070561756690344,28,2024,-4.6,-6.834401424725851
Kevin Knox,2029,-0.6569551105300585,29,2024,-4.6,-7.491356535255909
Kevin Love,2025,0.1724813878536224,36,2024,3.6,3.7724813878536225
Kevin Love,2026,-0.0083707273006439,37,2024,3.6,3.7641106605529786
Kevin Love,2027,-0.2172825038433075,38,2024,3.6,3.546828156709671
Kevin Love,2028,0.1745729545752207,39,2024,3.6,3.7214011112848917
Kevin Love,2029,0.0478128989537557,40,2024,3.6,3.7692140102386475
Kevon Looney,2025,-0.0829434692859649,28,2024,0.6,0.5170565307140351
Kevon Looney,2026,0.4777702987194061,29,2024,0.6,0.9948268294334411
Kevon Looney,2027,0.2667291611433029,30,2024,0.6,1.2615559905767442
Kevon Looney,2028,-0.3432984004418055,31,2024,0.6,0.9182575901349386
Kevon Looney,2029,-0.3408647937079271,32,2024,0.6,0.5773927964270115
Khris Middleton,2025,0.4972895979881286,33,2024,1.1,1.5972895979881288
Khris Middleton,2026,0.175119400024414,34,2024,1.1,1.7724089980125428
Khris Middleton,2027,0.2118183076381683,35,2024,1.1,1.9842273056507111
Khris Middleton,2028,0.4133077959219615,36,2024,1.1,2.3975351015726725
Khris Middleton,2029,0.3219739099343617,37,2024,1.1,2.719509011507034
Klay Thompson,2025,0.1096089780330658,34,2024,-0.4,-0.2903910219669342
Klay Thompson,2026,-0.2578822672367096,35,2024,-0.4,-0.5482732892036438
Klay Thompson,2027,-0.0519111901521682,36,2024,-0.4,-0.600184479355812
Klay Thompson,2028,-0.0859945863485336,37,2024,-0.4,-0.6861790657043456
Klay Thompson,2029,-0.1409363076090812,38,2024,-0.4,-0.8271153733134269
Kris Dunn,2025,-0.3395254015922546,30,2024,-0.1,-0.4395254015922546
Kris Dunn,2026,-0.0980492830276489,31,2024,-0.1,-0.5375746846199034
Kris Dunn,2027,0.5551064014434814,32,2024,-0.1,0.017531716823577986
Kris Dunn,2028,0.439954658349355,33,2024,-0.1,0.457486375172933
Kris Dunn,2029,0.2939378867546717,34,2024,-0.1,0.7514242619276047
Kristaps Porzingis,2025,0.4195420145988464,29,2024,5.1,5.519542014598846
Kristaps Porzingis,2026,0.5802645087242126,30,2024,5.1,6.099806523323059
Kristaps Porzingis,2027,0.6028465330600739,31,2024,5.1,6.702653056383133
Kristaps Porzingis,2028,0.6156406104564667,32,2024,5.1,7.318293666839599
Kristaps Porzingis,2029,0.5560405850410461,33,2024,5.1,7.874334251880645
Kyle Anderson,2025,0.278439313173294,31,2024,1.1,1.3784393131732942
Kyle Anderson,2026,-0.4440214037895202,32,2024,1.1,0.9344179093837739
Kyle Anderson,2027,-0.1665152832865715,33,2024,1.1,0.7679026260972024
Kyle Anderson,2028,-0.6457390959064165,34,2024,1.1,0.12216353019078585
Kyle Anderson,2029,-0.6388693538804849,35,2024,1.1,-0.5167058236896991
Kyle Kuzma,2025,0.0864890590310096,29,2024,-1.1,-1.0135109409689904
Kyle Kuzma,2026,-0.5732145681977272,30,2024,-1.1,-1.5867255091667176
Kyle Kuzma,2027,-0.5726075321435928,31,2024,-1.1,-2.1593330413103105
Kyle Kuzma,2028,-0.5318177590767542,32,2024,-1.1,-2.6911508003870646
Kyle Kuzma,2029,-0.5951637004812559,33,2024,-1.1,-3.2863145008683206
Kyle Lowry,2025,0.1201624274253845,38,2024,-1.0,-0.8798375725746155
Kyle Lowry,2026,-0.0578964725136756,39,2024,-1.0,-0.9377340450882911
Kyle Lowry,2027,-0.3305810075253248,40,2024,-1.0,-1.268315052613616
Kyle Lowry,2028,-0.3009401056915521,41,2024,-1.0,-1.5692551583051682
Kyle Lowry,2029,-0.3385482104495168,42,2024,-1.0,-1.907803368754685
Kyrie Irving,2025,0.0599679350852966,32,2024,4.9,4.959967935085297
Kyrie Irving,2026,-0.1729654669761657,33,2024,4.9,4.787002468109131
Kyrie Irving,2027,-0.2426342368125915,34,2024,4.9,4.54436823129654
Kyrie Irving,2028,-0.247786263624827,35,2024,4.9,4.296581967671713
Kyrie Irving,2029,-0.3095020552476247,36,2024,4.9,3.987079912424088
Landry Shamet,2025,-0.5459179878234863,27,2024,-4.0,-4.545917987823486
Landry Shamet,2026,-0.6958745718002319,28,2024,-4.0,-5.241792559623718
Landry Shamet,2027,-0.677259236574173,29,2024,-4.0,-5.919051796197891
Landry Shamet,2028,-0.7252768774827322,30,2024,-4.0,-6.644328673680624
Landry Shamet,2029,-0.7617990920941035,31,2024,-4.0,-7.406127765774727
Larry Nance Jr.,2025,-0.5783483982086182,32,2024,2.0,1.4216516017913818
Larry Nance Jr.,2026,-0.1827274560928344,33,2024,2.0,1.2389241456985474
Larry Nance Jr.,2027,-0.0802900642156601,34,2024,2.0,1.1586340814828873
Larry Nance Jr.,2028,-0.2625701576471329,35,2024,2.0,0.8960639238357544
Larry Nance Jr.,2029,-0.3383504450321197,36,2024,2.0,0.5577134788036346
Lauri Markkanen,2025,0.3990739583969116,27,2024,3.6,3.9990739583969117
Lauri Markkanen,2026,0.5819770097732544,28,2024,3.6,4.581050968170166
Lauri Markkanen,2027,0.7032203674316406,29,2024,3.6,5.284271335601806
Lauri Markkanen,2028,0.5992640654246012,30,2024,3.6,5.883535401026408
Lauri Markkanen,2029,0.5411142607529958,31,2024,3.6,6.424649661779403
LeBron James,2025,0.147355854511261,40,2024,6.5,6.647355854511261
LeBron James,2026,0.1358354687690735,41,2024,6.5,6.7831913232803345
LeBron James,2027,-0.0653047561645507,42,2024,6.5,6.717886567115784
LeBron James,2028,0.1774454514185587,43,2024,6.5,6.895332018534343
LeBron James,2029,0.0502179165681203,44,2024,6.5,6.945549935102463
Lonnie Walker IV,2025,0.5325378179550171,26,2024,-1.4,-0.8674621820449828
Lonnie Walker IV,2026,0.8192030191421509,27,2024,-1.4,-0.04825916290283194
Lonnie Walker IV,2027,0.7230344712734222,28,2024,-1.4,0.6747753083705903
Lonnie Walker IV,2028,0.5749090413252512,29,2024,-1.4,1.2496843496958414
Lonnie Walker IV,2029,0.5325603236754736,30,2024,-1.4,1.782244673371315
Luguentz Dort,2025,-0.9478917717933656,25,2024,-1.6,-2.5478917717933656
Luguentz Dort,2026,-0.5884892344474792,26,2024,-1.6,-3.136381006240845
Luguentz Dort,2027,-0.4598927497863769,27,2024,-1.6,-3.5962737560272218
Luguentz Dort,2028,-0.0536160866419474,28,2024,-1.6,-3.649889842669169
Luguentz Dort,2029,-0.2157656674583753,29,2024,-1.6,-3.8656555101275445
Luka Doncic,2025,0.7051489353179932,25,2024,9.9,10.605148935317994
Luka Doncic,2026,0.7568677663803101,26,2024,9.9,11.362016701698304
Luka Doncic,2027,0.8298330903053284,27,2024,9.9,12.191849792003632
Luka Doncic,2028,0.813380221525828,28,2024,9.9,13.00523001352946
Luka Doncic,2029,0.7761480857928594,29,2024,9.9,13.78137809932232
Luke Kennard,2025,0.44245645403862,28,2024,-0.3,0.14245645403862
Luke Kennard,2026,0.6180963814258575,29,2024,-0.3,0.7605528354644775
Luke Kennard,2027,0.4550299495458603,30,2024,-0.3,1.2155827850103378
Luke Kennard,2028,0.2855278005202611,31,2024,-0.3,1.5011105855305988
Luke Kennard,2029,0.2646718497077624,32,2024,-0.3,1.7657824352383613
Luke Kornet,2025,0.081703245639801,29,2024,3.4,3.481703245639801
Luke Kornet,2026,0.6346870064735413,30,2024,3.4,4.116390252113343
Luke Kornet,2027,0.5951976180076599,31,2024,3.4,4.7115878701210026
Luke Kornet,2028,0.7006360093752543,32,2024,3.4,5.412223879496256
Luke Kornet,2029,0.6550637831290563,33,2024,3.4,6.067287662625313
Malcolm Brogdon,2025,0.2691459357738495,32,2024,2.0,2.2691459357738495
Malcolm Brogdon,2026,0.2194152772426605,33,2024,2.0,2.48856121301651
Malcolm Brogdon,2027,0.2842554450035095,34,2024,2.0,2.7728166580200195
Malcolm Brogdon,2028,-0.141812523206075,35,2024,2.0,2.631004134813945
Malcolm Brogdon,2029,-0.1874389971295992,36,2024,2.0,2.4435651376843452
Malik Beasley,2025,1.084663152694702,28,2024,-1.8,-0.7153368473052981
Malik Beasley,2026,0.9570882320404052,29,2024,-1.8,0.24175138473510693
Malik Beasley,2027,0.9811270534992218,30,2024,-1.8,1.2228784382343287
Malik Beasley,2028,1.122560312350591,31,2024,-1.8,2.34543875058492
Malik Beasley,2029,1.038068676988284,32,2024,-1.8,3.383507427573204
Malik Monk,2025,0.9743927717208862,26,2024,0.6,1.5743927717208863
Malik Monk,2026,1.3154305219650269,27,2024,0.6,2.889823293685913
Malik Monk,2027,1.1076664924621582,28,2024,0.6,3.9974897861480714
Malik Monk,2028,1.051580826441447,29,2024,0.6,5.049070612589518
Malik Monk,2029,1.004301240046819,30,2024,0.6,6.053371852636337
Marcus Morris,2025,-0.3752402663230896,35,2024,-3.8,-4.175240266323089
Marcus Morris,2026,-0.9080663323402404,36,2024,-3.8,-5.08330659866333
Marcus Morris,2027,-0.680643230676651,37,2024,-3.8,-5.763949829339981
Marcus Morris,2028,-0.7733255326747894,38,2024,-3.8,-6.53727536201477
Marcus Morris,2029,-0.7892513275146484,39,2024,-3.8,-7.326526689529419
Marcus Smart,2024,0.2968787550926208,29,2023,-1.0,-0.7031212449073792
Marcus Smart,2025,0.1782046556472778,30,2023,-1.0,-0.5249165892601014
Marcus Smart,2026,0.1056786328554153,31,2023,-1.0,-0.4192379564046861
Marcus Smart,2027,-0.1800156682729721,32,2023,-1.0,-0.5992536246776582
Marcus Smart,2028,-0.2365675326436758,33,2023,-1.0,-0.835821157321334
Markieff Morris,2024,-0.8676621317863464,34,2023,-2.7,-3.5676621317863466
Markieff Morris,2025,-0.8812161087989807,35,2023,-2.7,-4.448878240585327
Markieff Morris,2026,-0.9542765915393828,36,2023,-2.7,-5.40315483212471
Markieff Morris,2027,-0.960787425438563,37,2023,-2.7,-6.363942257563274
Markieff Morris,2028,-0.9976753195126852,38,2023,-2.7,-7.361617577075958
Marvin Bagley III,2025,1.00096595287323,25,2024,-0.4,0.60096595287323
Marvin Bagley III,2026,1.184860110282898,26,2024,-0.4,1.785826063156128
Marvin Bagley III,2027,1.3075112104415894,27,2024,-0.4,3.0933372735977174
Marvin Bagley III,2028,1.338005105654399,28,2024,-0.4,4.431342379252116
Marvin Bagley III,2029,1.2500667770703633,29,2024,-0.4,5.681409156322479
Mason Plumlee,2025,0.2324331402778625,34,2024,-0.8,-0.5675668597221375
Mason Plumlee,2026,0.133355438709259,35,2024,-0.8,-0.4342114210128786
Mason Plumlee,2027,0.2415100559592247,36,2024,-0.8,-0.19270136505365387
Mason Plumlee,2028,-0.6219540064533552,37,2024,-0.8,-0.8146553715070091
Mason Plumlee,2029,-0.5748655038575331,38,2024,-0.8,-1.3895208753645423
Matisse Thybulle,2025,0.572484016418457,27,2024,0.6,1.1724840164184571
Matisse Thybulle,2026,0.5070908069610596,28,2024,0.6,1.6795748233795167
Matisse Thybulle,2027,0.3311606794595718,29,2024,0.6,2.0107355028390885
Matisse Thybulle,2028,0.3775135527054469,30,2024,0.6,2.3882490555445353
Matisse Thybulle,2029,0.3281386916836102,31,2024,0.6,2.7163877472281457
Matthew Dellavedova,2024,-0.0342031121253967,33,2023,-5.2,-5.234203112125397
Matthew Dellavedova,2025,-0.1065862774848938,34,2023,-5.2,-5.340789389610291
Matthew Dellavedova,2026,-0.1714016795158386,35,2023,-5.2,-5.512191069126129
Matthew Dellavedova,2027,-0.1434942285219828,36,2023,-5.2,-5.6556852976481125
Matthew Dellavedova,2028,-0.184144785006841,37,2023,-5.2,-5.839830082654953
Maxi Kleber,2025,0.5650526881217957,33,2024,-1.3,-0.7349473118782044
Maxi Kleber,2026,0.3664392828941345,34,2024,-1.3,-0.36850802898406987
Maxi Kleber,2027,0.2699238061904907,35,2024,-1.3,-0.09858422279357915
Maxi Kleber,2028,0.2171857754389445,36,2024,-1.3,0.11860155264536543
Maxi Kleber,2029,0.1816331235071023,37,2024,-1.3,0.3002346761524677
Mikal Bridges,2025,0.8396727442741394,28,2024,-0.4,0.4396727442741394
Mikal Bridges,2026,0.4526389241218567,29,2024,-0.4,0.8923116683959961
Mikal Bridges,2027,0.3011471331119537,30,2024,-0.4,1.19345880150795
Mikal Bridges,2028,0.0179075896739959,31,2024,-0.4,1.211366391181946
Mikal Bridges,2029,0.0152493938803672,32,2024,-0.4,1.2266157850623132
Mike Conley,2025,0.2636271119117737,37,2024,3.4,3.6636271119117736
Mike Conley,2026,0.1151147484779357,38,2024,3.4,3.7787418603897094
Mike Conley,2027,0.2104345858097076,39,2024,3.4,3.989176446199417
Mike Conley,2028,0.3826505839824676,40,2024,3.4,4.371827030181884
Mike Conley,2029,0.3160422593355179,41,2024,3.4,4.687869289517402
Mike Muscala,2025,1.2472364902496338,33,2024,-5.3,-4.052763509750366
Mike Muscala,2026,1.1450600624084473,34,2024,-5.3,-2.9077034473419188
Mike Muscala,2027,0.0109812319278717,35,2024,-5.3,-2.896722215414047
Mike Muscala,2028,-0.4507246712843577,36,2024,-5.3,-3.347446886698405
Mike Muscala,2029,-0.3456918348868688,37,2024,-5.3,-3.6931387215852736
Miles Bridges,2025,1.2592973709106443,26,2024,-1.1,0.15929737091064422
Miles Bridges,2026,1.8357830047607424,27,2024,-1.1,1.9950803756713866
Miles Bridges,2027,1.388780951499939,28,2024,-1.1,3.3838613271713256
Miles Bridges,2028,0.9550661643346152,29,2024,-1.1,4.338927491505942
Miles Bridges,2029,0.9262192944685618,30,2024,-1.1,5.265146785974503
Mitchell Robinson,2025,1.5894253253936768,26,2024,0.0,1.5894253253936768
Mitchell Robinson,2026,1.6705377101898191,27,2024,0.0,3.259963035583496
Mitchell Robinson,2027,1.3678656816482544,28,2024,0.0,4.6278287172317505
Mitchell Robinson,2028,1.0643546183904011,29,2024,0.0,5.692183335622151
Mitchell Robinson,2029,1.059324781099955,30,2024,0.0,6.751508116722107
Mo Bamba,2025,1.1442232131958008,26,2024,-1.0,0.14422321319580078
Mo Bamba,2026,1.0880422592163086,27,2024,-1.0,1.2322654724121094
Mo Bamba,2027,0.8784568309783936,28,2024,-1.0,2.110722303390503
Mo Bamba,2028,0.7623422145843506,29,2024,-1.0,2.8730645179748535
Mo Bamba,2029,0.7081454992294312,30,2024,-1.0,3.5812100172042847
Monte Morris,2025,0.6789246201515198,29,2024,0.7,1.3789246201515197
Monte Morris,2026,0.5644412636756897,30,2024,0.7,1.9433658838272094
Monte Morris,2027,0.4207690358161926,31,2024,0.7,2.3641349196434023
Monte Morris,2028,0.3152385751406352,32,2024,0.7,2.6793734947840373
Monte Morris,2029,0.2860099946459134,33,2024,0.7,2.965383489429951
Montrezl Harrell,2024,0.2978445589542389,30,2023,-1.3,-1.0021554410457612
Montrezl Harrell,2025,0.2293724119663238,31,2023,-1.3,-0.7727830290794373
Montrezl Harrell,2026,-0.2765845656394958,32,2023,-1.3,-1.0493675947189331
Montrezl Harrell,2027,-1.22649347782135,33,2023,-1.3,-2.275861072540283
Montrezl Harrell,2028,-1.1440739333629608,34,2023,-1.3,-3.419935005903244
Moritz Wagner,2025,0.2756527066230774,27,2024,2.0,2.2756527066230774
Moritz Wagner,2026,0.7766035199165344,28,2024,2.0,3.052256226539612
Moritz Wagner,2027,0.5817745625972748,29,2024,2.0,3.6340307891368866
Moritz Wagner,2028,0.6474318007628123,30,2024,2.0,4.281462589899698
Moritz Wagner,2029,0.585090254743894,31,2024,2.0,4.866552844643593
Myles Turner,2025,0.4429173171520233,28,2024,0.9,1.3429173171520232
Myles Turner,2026,0.5023618042469025,29,2024,0.9,1.8452791213989257
Myles Turner,2027,0.4471051543951034,30,2024,0.9,2.292384275794029
Myles Turner,2028,0.3586205790440241,31,2024,0.9,2.651004854838053
Myles Turner,2029,0.3228810553749402,32,2024,0.9,2.9738859102129935
Nassir Little,2025,0.831275224685669,24,2024,-3.0,-2.168724775314331
Nassir Little,2026,0.8528776168823242,25,2024,-3.0,-1.3158471584320068
Nassir Little,2027,0.563879132270813,26,2024,-3.0,-0.7519680261611938
Nassir Little,2028,0.7838749488194784,27,2024,-3.0,0.03190692265828465
Nassir Little,2029,0.7071025768915812,28,2024,-3.0,0.7390094995498657
Naz Reid,2025,0.9581429958343506,25,2024,1.5,2.4581429958343506
Naz Reid,2026,0.9141254425048828,26,2024,1.5,3.3722684383392334
Naz Reid,2027,0.9745515882968904,27,2024,1.5,4.346820026636124
Naz Reid,2028,0.9198583861192068,28,2024,1.5,5.266678412755331
Naz Reid,2029,0.8708969602982203,29,2024,1.5,6.137575373053551
Nickeil Alexander-Walker,2025,0.007718376815319,26,2024,0.2,0.20771837681531902
Nickeil Alexander-Walker,2026,-0.0413416698575019,27,2024,0.2,0.16637670695781712
Nickeil Alexander-Walker,2027,0.721747625619173,28,2024,0.2,0.8881243325769901
Nickeil Alexander-Walker,2028,0.7250131331384182,29,2024,0.2,1.6131374657154083
Nickeil Alexander-Walker,2029,0.5593556445091963,30,2024,0.2,2.172493110224605
Nicolas Batum,2025,0.377169519662857,36,2024,-0.4,-0.022830480337143022
Nicolas Batum,2026,0.0640206634998321,37,2024,-0.4,0.041190183162689076
Nicolas Batum,2027,-0.0690361661836505,38,2024,-0.4,-0.027845983020961418
Nicolas Batum,2028,-0.062486101873219,39,2024,-0.4,-0.09033208489418043
Nicolas Batum,2029,-0.1291224565356969,40,2024,-0.4,-0.21945454142987733
Nikola Jokic,2025,0.9971727728843688,29,2024,13.2,14.197172772884368
Nikola Jokic,2026,0.9875043034553528,30,2024,13.2,15.184677076339721
Nikola Jokic,2027,0.9856191575527192,31,2024,13.2,16.17029623389244
Nikola Jokic,2028,0.9479877054691316,32,2024,13.2,17.11828393936157
Nikola Jokic,2029,0.9282042235136032,33,2024,13.2,18.046488162875175
Nikola Vucevic,2025,0.2013132274150848,34,2024,0.1,0.3013132274150848
Nikola Vucevic,2026,-0.2840871661901474,35,2024,0.1,0.017226061224937417
Nikola Vucevic,2027,-0.0063855443149805,36,2024,0.1,0.01084051690995691
Nikola Vucevic,2028,-0.4832246309767167,37,2024,0.1,-0.47238411406675984
Nikola Vucevic,2029,-0.5083494562034806,38,2024,0.1,-0.9807335702702403
Norman Powell,2025,0.0959413349628448,31,2024,-0.8,-0.7040586650371552
Norman Powell,2026,-0.1282202303409576,32,2024,-0.8,-0.8322788953781128
Norman Powell,2027,0.0087531059980392,33,2024,-0.8,-0.8235257893800737
Norman Powell,2028,-0.1025911619265874,34,2024,-0.8,-0.926116951306661
Norman Powell,2029,-0.1728844965497652,35,2024,-0.8,-1.0990014478564263
OG Anunoby,2025,0.8565510511398315,27,2024,-0.6,0.25655105113983157
OG Anunoby,2026,0.6404719352722168,28,2024,-0.6,0.8970229864120484
OG Anunoby,2027,0.7438930869102478,29,2024,-0.6,1.640916073322296
OG Anunoby,2028,0.5041136940320333,30,2024,-0.6,2.1450297673543295
OG Anunoby,2029,0.425021211306254,31,2024,-0.6,2.5700509786605834
P.J. Tucker,2025,-0.192962497472763,39,2024,-3.6,-3.792962497472763
P.J. Tucker,2026,-0.0661637485027313,40,2024,-3.6,-3.8591262459754945
P.J. Tucker,2027,-0.3683605939149856,41,2024,-3.6,-4.22748683989048
P.J. Tucker,2028,-0.3592086086670558,42,2024,-3.6,-4.586695448557536
P.J. Tucker,2029,-0.3890259464581807,43,2024,-3.6,-4.975721395015716
P.J. Washington,2025,0.1279693245887756,26,2024,-2.1,-1.9720306754112245
P.J. Washington,2026,0.1383417844772339,27,2024,-2.1,-1.8336888909339906
P.J. Washington,2027,-0.3096579536795616,28,2024,-2.1,-2.143346844613552
P.J. Washington,2028,-0.3063589707016945,29,2024,-2.1,-2.4497058153152467
P.J. Washington,2029,-0.3362643346190452,30,2024,-2.1,-2.785970149934292
Pascal Siakam,2025,0.0342440605163574,30,2024,1.9,1.9342440605163573
Pascal Siakam,2026,0.3878101110458374,31,2024,1.9,2.3220541715621947
Pascal Siakam,2027,0.1859333217144012,32,2024,1.9,2.507987493276596
Pascal Siakam,2028,0.1419851680596669,33,2024,1.9,2.649972661336263
Pascal Siakam,2029,0.073628673950831,34,2024,1.9,2.7236013352870936
Pat Connaughton,2025,-0.1556862592697143,32,2024,-1.6,-1.7556862592697144
Pat Connaughton,2026,-0.2771625518798828,33,2024,-1.6,-2.0328488111495973
Pat Connaughton,2027,-0.6592552363872528,34,2024,-1.6,-2.69210404753685
Pat Connaughton,2028,-0.5486392875512441,35,2024,-1.6,-3.2407433350880943
Pat Connaughton,2029,-0.5766136000553767,36,2024,-1.6,-3.817356935143471
Patrick Beverley,2025,0.1465288400650024,36,2024,-1.1,-0.9534711599349976
Patrick Beverley,2026,0.0072829723358154,37,2024,-1.1,-0.9461881875991822
Patrick Beverley,2027,-0.4101142957806587,38,2024,-1.1,-1.356302483379841
Patrick Beverley,2028,-0.4584549392263095,39,2024,-1.1,-1.8147574226061505
Patrick Beverley,2029,-0.4751099658509095,40,2024,-1.1,-2.28986738845706
Patty Mills,2025,-0.3480692207813263,36,2024,-4.6,-4.948069220781326
Patty Mills,2026,-0.6045835912227631,37,2024,-4.6,-5.552652812004089
Patty Mills,2027,-0.6618580222129822,38,2024,-4.6,-6.214510834217071
Patty Mills,2028,-0.7033460338910421,39,2024,-4.6,-6.917856868108114
Patty Mills,2029,-0.7077381561199824,40,2024,-4.6,-7.625595024228096
Paul George,2025,-0.0915225148200988,34,2024,3.2,3.1084774851799013
Paul George,2026,-0.1843189597129821,35,2024,3.2,2.924158525466919
Paul George,2027,0.0988208204507827,36,2024,3.2,3.022979345917702
Paul George,2028,0.1706358045339584,37,2024,3.2,3.1936151504516603
Paul George,2029,0.0506190955638885,38,2024,3.2,3.244234246015549
RJ Barrett,2025,-0.385475218296051,24,2024,-0.8,-1.185475218296051
RJ Barrett,2026,-0.4485337138175964,25,2024,-0.8,-1.6340089321136475
RJ Barrett,2027,-0.0386178195476532,26,2024,-0.8,-1.6726267516613007
RJ Barrett,2028,0.3817031880219778,27,2024,-0.8,-1.290923563639323
RJ Barrett,2029,0.1894939343134562,28,2024,-0.8,-1.1014296293258667
Raul Neto,2024,-0.1775591969490051,31,2023,-0.2,-0.3775591969490051
Raul Neto,2025,0.0682969689369201,32,2023,-0.2,-0.309262228012085
Raul Neto,2026,-0.2582543417811394,33,2023,-0.2,-0.5675165697932244
Raul Neto,2027,0.240506721039613,34,2023,-0.2,-0.3270098487536114
Raul Neto,2028,0.091143703709046,35,2023,-0.2,-0.23586614504456543
Reggie Bullock,2025,0.3860183358192444,33,2024,-2.4,-2.0139816641807555
Reggie Bullock,2026,-0.1652444750070572,34,2024,-2.4,-2.1792261391878127
Reggie Bullock,2027,-0.0375992693006992,35,2024,-2.4,-2.216825408488512
Reggie Bullock,2028,-0.0999199661115805,36,2024,-2.4,-2.3167453746000923
Reggie Bullock,2029,-0.1342286200573047,37,2024,-2.4,-2.450973994657397
Reggie Jackson,2025,-0.9822059869766236,34,2024,-3.2,-4.182205986976624
Reggie Jackson,2026,-1.351534724235535,35,2024,-3.2,-5.533740711212159
Reggie Jackson,2027,-1.1414852142333984,36,2024,-3.2,-6.675225925445558
Reggie Jackson,2028,-1.142345905303955,37,2024,-3.2,-7.817571830749512
Reggie Jackson,2029,-1.1685270071029663,38,2024,-3.2,-8.986098837852477
Richaun Holmes,2025,0.9387931823730468,31,2024,-3.3,-2.361206817626953
Richaun Holmes,2026,0.0790425539016723,32,2024,-3.3,-2.2821642637252806
Richaun Holmes,2027,-0.1550334468483925,33,2024,-3.3,-2.437197710573673
Richaun Holmes,2028,-0.3093905076384544,34,2024,-3.3,-2.7465882182121275
Richaun Holmes,2029,-0.3082051835954189,35,2024,-3.3,-3.0547934018075464
Ricky Rubio,2024,0.8405662775039673,33,2023,-2.8,-1.9594337224960325
Ricky Rubio,2025,0.2944144010543823,34,2023,-2.8,-1.6650193214416502
Ricky Rubio,2026,0.1536397933959961,35,2023,-2.8,-1.5113795280456541
Ricky Rubio,2027,0.0759824514389038,36,2023,-2.8,-1.4353970766067503
Ricky Rubio,2028,0.0482419487088918,37,2023,-2.8,-1.3871551278978584
Robert Covington,2024,0.5307366847991943,33,2023,1.7,2.2307366847991945
Robert Covington,2025,0.3765639066696167,34,2023,1.7,2.607300591468811
Robert Covington,2026,0.4231664091348648,35,2023,1.7,3.030467000603676
Robert Covington,2027,0.3516109635432561,36,2023,1.7,3.382077964146932
Robert Covington,2028,0.2973009447256724,37,2023,1.7,3.6793789088726045
Robin Lopez,2024,-0.3219752013683319,35,2023,-3.0,-3.321975201368332
Robin Lopez,2025,-0.2040195167064666,36,2023,-3.0,-3.5259947180747986
Robin Lopez,2026,-0.8991083055734634,37,2023,-3.0,-4.425103023648262
Robin Lopez,2027,-0.5425715098778406,38,2023,-3.0,-4.967674533526102
Robin Lopez,2028,-0.6082647268970808,39,2023,-3.0,-5.575939260423183
Rodney McGruder,2024,-0.984654188156128,32,2023,-1.5,-2.484654188156128
Rodney McGruder,2025,-0.8197638988494873,33,2023,-1.5,-3.3044180870056152
Rodney McGruder,2026,-0.6436032354831696,34,2023,-1.5,-3.948021322488785
Rodney McGruder,2027,-0.8134492337703705,35,2023,-1.5,-4.761470556259155
Rodney McGruder,2028,-0.8584734946489334,36,2023,-1.5,-5.619944050908089
Royce O'Neale,2025,0.3754768371582031,31,2024,0.0,0.3754768371582031
Royce O'Neale,2026,0.0561414957046508,32,2024,0.0,0.43161833286285395
Royce O'Neale,2027,-0.2626231834292412,33,2024,0.0,0.16899514943361277
Royce O'Neale,2028,0.0210981890559196,34,2024,0.0,0.19009333848953236
Royce O'Neale,2029,-0.0506311543285846,35,2024,0.0,0.13946218416094774
Rudy Gay,2024,0.1736530065536499,37,2023,-4.0,-3.82634699344635
Rudy Gay,2025,-0.0123826265335083,38,2023,-4.0,-3.8387296199798584
Rudy Gay,2026,-0.1414568126201629,39,2023,-4.0,-3.9801864326000214
Rudy Gay,2027,-0.307279219230016,40,2023,-4.0,-4.287465651830037
Rudy Gay,2028,-0.3222130487362544,41,2023,-4.0,-4.609678700566292
Rudy Gobert,2025,0.2986716628074646,32,2024,1.8,2.0986716628074644
Rudy Gobert,2026,0.0950751900672912,33,2024,1.8,2.1937468528747557
Rudy Gobert,2027,-0.1654944419860839,34,2024,1.8,2.028252410888672
Rudy Gobert,2028,0.0534049669901529,35,2024,1.8,2.081657377878825
Rudy Gobert,2029,-0.0012144694725672,36,2024,1.8,2.0804429084062575
Rui Hachimura,2025,0.7191568613052368,26,2024,-0.9,-0.1808431386947632
Rui Hachimura,2026,1.056999683380127,27,2024,-0.9,0.8761565446853637
Rui Hachimura,2027,0.9516817629337312,28,2024,-0.9,1.827838307619095
Rui Hachimura,2028,1.1613702476024628,29,2024,-0.9,2.9892085552215577
Rui Hachimura,2029,1.080865815281868,30,2024,-0.9,4.070074370503425
Russell Westbrook,2025,-0.6048417091369629,36,2024,0.5,-0.10484170913696289
Russell Westbrook,2026,-1.1216411590576172,37,2024,0.5,-1.22648286819458
Russell Westbrook,2027,-0.6483305096626282,38,2024,0.5,-1.8748133778572083
Russell Westbrook,2028,-0.6652713020642599,39,2024,0.5,-2.5400846799214682
Russell Westbrook,2029,-0.7431514660517374,40,2024,0.5,-3.2832361459732056
Seth Curry,2025,0.2103687822818756,34,2024,-3.3,-3.089631217718124
Seth Curry,2026,-0.3012920618057251,35,2024,-3.3,-3.3909232795238493
Seth Curry,2027,-0.5236941650509834,36,2024,-3.3,-3.9146174445748327
Seth Curry,2028,-0.7055726473530134,37,2024,-3.3,-4.620190091927846
Seth Curry,2029,-0.6912257733444372,38,2024,-3.3,-5.311415865272283
Shai Gilgeous-Alexander,2025,0.984008252620697,26,2024,9.0,9.984008252620697
Shai Gilgeous-Alexander,2026,1.0572732090950012,27,2024,9.0,11.041281461715698
Shai Gilgeous-Alexander,2027,1.1770276427268982,28,2024,9.0,12.218309104442596
Shai Gilgeous-Alexander,2028,1.1754558682441711,29,2024,9.0,13.393764972686768
Shai Gilgeous-Alexander,2029,1.1433220505714417,30,2024,9.0,14.53708702325821
Shake Milton,2025,0.8345251083374023,28,2024,-3.7,-2.865474891662598
Shake Milton,2026,0.4594080448150635,29,2024,-3.7,-2.4060668468475344
Shake Milton,2027,0.511306881904602,30,2024,-3.7,-1.8947599649429323
Shake Milton,2028,0.1416869560877482,31,2024,-3.7,-1.753073008855184
Shake Milton,2029,0.1292999101181824,32,2024,-3.7,-1.6237730987370016
Spencer Dinwiddie,2025,-0.041514303535223,31,2024,-1.9,-1.941514303535223
Spencer Dinwiddie,2026,0.0249286368489265,32,2024,-1.9,-1.9165856666862964
Spencer Dinwiddie,2027,0.0800033891573548,33,2024,-1.9,-1.8365822775289415
Spencer Dinwiddie,2028,-0.3032297811781366,34,2024,-1.9,-2.1398120587070784
Spencer Dinwiddie,2029,-0.3471651348906259,35,2024,-1.9,-2.486977193597704
Stanley Johnson,2024,0.1225189492106437,27,2023,-1.0,-0.8774810507893563
Stanley Johnson,2025,0.3907741978764534,28,2023,-1.0,-0.48670685291290294
Stanley Johnson,2026,0.4317648708820343,29,2023,-1.0,-0.05494198203086864
Stanley Johnson,2027,0.43509508172671,30,2023,-1.0,0.3801530996958413
Stanley Johnson,2028,0.3056381394465764,31,2023,-1.0,0.6857912391424177
Stephen Curry,2025,0.7462456822395325,36,2024,5.2,5.946245682239533
Stephen Curry,2026,0.5350632071495056,37,2024,5.2,6.481308889389038
Stephen Curry,2027,0.6106752157211304,38,2024,5.2,7.091984105110169
Stephen Curry,2028,0.417438546816508,39,2024,5.2,7.509422651926677
Stephen Curry,2029,0.3801283140977223,40,2024,5.2,7.889550966024399
Steven Adams,2024,0.8990849256515503,30,2023,0.6,1.4990849256515504
Steven Adams,2025,0.2906856536865234,31,2023,0.6,1.7897705793380738
Steven Adams,2026,0.5757147371768951,32,2023,0.6,2.365485316514969
Steven Adams,2027,0.4201243817806244,33,2023,0.6,2.7856096982955934
Steven Adams,2028,0.3711770251393318,34,2023,0.6,3.156786723434925
Svi Mykhailiuk,2025,-0.2487109452486038,27,2024,-1.8,-2.0487109452486036
Svi Mykhailiuk,2026,-0.1523433476686477,28,2024,-1.8,-2.2010542929172514
Svi Mykhailiuk,2027,0.1700330264866352,29,2024,-1.8,-2.031021266430616
Svi Mykhailiuk,2028,-0.0861809539298216,30,2024,-1.8,-2.117202220360438
Svi Mykhailiuk,2029,-0.1600985595335563,31,2024,-1.8,-2.277300779893994
T.J. McConnell,2025,-0.0484209060668945,32,2024,3.0,2.9515790939331055
T.J. McConnell,2026,0.2310490608215332,33,2024,3.0,3.1826281547546387
T.J. McConnell,2027,0.0348042249679565,34,2024,3.0,3.217432379722595
T.J. McConnell,2028,0.1202061573664347,35,2024,3.0,3.33763853708903
T.J. McConnell,2029,0.0685491611560185,36,2024,3.0,3.4061876982450485
T.J. Warren,2024,0.3522001802921295,30,2023,-2.0,-1.6477998197078705
T.J. Warren,2025,0.8239322602748871,31,2023,-2.0,-0.8238675594329834
T.J. Warren,2026,0.3200543522834778,32,2023,-2.0,-0.5038132071495056
T.J. Warren,2027,-0.5262809793154399,33,2023,-2.0,-1.0300941864649455
T.J. Warren,2028,-0.4692848746975263,34,2023,-2.0,-1.4993790611624718
Taj Gibson,2024,-0.0283318348228931,38,2023,-3.2,-3.2283318348228933
Taj Gibson,2025,-0.0808457247912883,39,2023,-3.2,-3.3091775596141817
Taj Gibson,2026,-0.9502292647957802,40,2023,-3.2,-4.259406824409962
Taj Gibson,2027,-1.0294844234983127,41,2023,-3.2,-5.288891247908275
Taj Gibson,2028,-0.9708413494129976,42,2023,-3.2,-6.259732597321273
Taurean Prince,2025,-0.1113673746585846,30,2024,-2.8,-2.9113673746585844
Taurean Prince,2026,0.1081192195415496,31,2024,-2.8,-2.8032481551170347
Taurean Prince,2027,-0.3544785529375076,32,2024,-2.8,-3.1577267080545424
Taurean Prince,2028,-0.214937354127566,33,2024,-2.8,-3.3726640621821082
Taurean Prince,2029,-0.2678877537449201,34,2024,-2.8,-3.6405518159270285
Terance Mann,2025,1.1611703634262085,28,2024,-1.5,-0.3388296365737915
Terance Mann,2026,1.2074936628341677,29,2024,-1.5,0.868664026260376
Terance Mann,2027,1.2432594299316406,30,2024,-1.5,2.1119234561920166
Terance Mann,2028,1.1653525829315186,31,2024,-1.5,3.277276039123535
Terance Mann,2029,1.1314896047115326,32,2024,-1.5,4.408765643835068
Terrence Ross,2024,-0.5695562362670898,32,2023,-2.1,-2.66955623626709
Terrence Ross,2025,-1.099783182144165,33,2023,-2.1,-3.769339418411255
Terrence Ross,2026,-0.8438752293586731,34,2023,-2.1,-4.613214647769928
Terrence Ross,2027,-0.571705679098765,35,2023,-2.1,-5.184920326868693
Terrence Ross,2028,-0.6580427487691244,36,2023,-2.1,-5.842963075637817
Terry Rozier,2025,0.4321691989898681,30,2024,1.5,1.9321691989898682
Terry Rozier,2026,0.0667638182640075,31,2024,1.5,1.9989330172538757
Terry Rozier,2027,-0.2235638499259948,32,2024,1.5,1.7753691673278809
Terry Rozier,2028,0.1376997629801432,33,2024,1.5,1.913068930308024
Terry Rozier,2029,0.0339715679486592,34,2024,1.5,1.9470404982566833
Thaddeus Young,2025,0.2054960429668426,36,2024,0.3,0.5054960429668426
Thaddeus Young,2026,-0.1848402321338653,37,2024,0.3,0.3206558108329773
Thaddeus Young,2027,-0.1325122863054275,38,2024,0.3,0.1881435245275498
Thaddeus Young,2028,-0.2047769874334335,39,2024,0.3,-0.01663346290588369
Thaddeus Young,2029,-0.2848539017140865,40,2024,0.3,-0.3014873646199701
Tim Hardaway Jr.,2025,0.114358901977539,32,2024,-2.9,-2.785641098022461
Tim Hardaway Jr.,2026,-0.4335184395313263,33,2024,-2.9,-3.219159537553787
Tim Hardaway Jr.,2027,-0.2833271250128746,34,2024,-2.9,-3.5024866625666617
Tim Hardaway Jr.,2028,-0.3631618494788806,35,2024,-2.9,-3.865648512045542
Tim Hardaway Jr.,2029,-0.4062175986667474,36,2024,-2.9,-4.27186611071229
Tobias Harris,2025,0.4808040261268616,32,2024,0.9,1.3808040261268615
Tobias Harris,2026,-0.0265982151031494,33,2024,0.9,1.354205811023712
Tobias Harris,2027,0.3806335777044296,34,2024,0.9,1.7348393887281417
Tobias Harris,2028,0.2228243301312128,35,2024,0.9,1.9576637188593544
Tobias Harris,2029,0.1366395031412442,36,2024,0.9,2.094303222000599
Torrey Craig,2025,0.0986964255571365,34,2024,-2.0,-1.9013035744428635
Torrey Craig,2026,-0.3253251165151596,35,2024,-2.0,-2.226628690958023
Torrey Craig,2027,-0.1327486485242843,36,2024,-2.0,-2.3593773394823074
Torrey Craig,2028,-0.334448183576266,37,2024,-2.0,-2.6938255230585737
Torrey Craig,2029,-0.3631866325934728,38,2024,-2.0,-3.057012155652046
Trae Young,2025,0.979956328868866,26,2024,2.6,3.579956328868866
Trae Young,2026,0.9506019949913024,27,2024,2.6,4.530558323860168
Trae Young,2027,0.7632599174976349,28,2024,2.6,5.293818241357803
Trae Young,2028,0.7214185496171316,29,2024,2.6,6.015236790974935
Trae Young,2029,0.6921138415733973,30,2024,2.6,6.707350632548332
Trey Lyles,2025,0.3251892626285553,29,2024,-1.1,-0.7748107373714448
Trey Lyles,2026,0.6088967025279999,30,2024,-1.1,-0.1659140348434449
Trey Lyles,2027,0.3691929131746292,31,2024,-1.1,0.2032788783311843
Trey Lyles,2028,0.1702499240636825,32,2024,-1.1,0.37352880239486685
Trey Lyles,2029,0.1036683432757854,33,2024,-1.1,0.4771971456706523
Tristan Thompson,2025,0.4472291469573974,33,2024,-1.4,-0.9527708530426025
Tristan Thompson,2026,0.0663890838623046,34,2024,-1.4,-0.8863817691802979
Tristan Thompson,2027,0.2569117546081543,35,2024,-1.4,-0.6294700145721436
Tristan Thompson,2028,0.2967813809712727,36,2024,-1.4,-0.332688633600871
Tristan Thompson,2029,0.2284853781263033,37,2024,-1.4,-0.10420325547456777
Troy Brown Jr.,2025,0.1935735940933227,25,2024,-2.6,-2.4064264059066773
Troy Brown Jr.,2026,0.6616910696029663,26,2024,-2.6,-1.744735336303711
Troy Brown Jr.,2027,0.1870959401130676,27,2024,-2.6,-1.5576393961906434
Troy Brown Jr.,2028,-0.3094139695167541,28,2024,-2.6,-1.8670533657073975
Troy Brown Jr.,2029,-0.2954645976424217,29,2024,-2.6,-2.1625179633498193
Tyler Herro,2025,0.5619615912437439,25,2024,0.8,1.361961591243744
Tyler Herro,2026,0.934531271457672,26,2024,0.8,2.296492862701416
Tyler Herro,2027,0.4971120953559875,27,2024,0.8,2.7936049580574034
Tyler Herro,2028,0.2290427883466084,28,2024,0.8,3.0226477464040116
Tyler Herro,2029,0.1354789870480696,29,2024,0.8,3.1581267334520815
Tyus Jones,2025,0.5104159116744995,28,2024,0.7,1.2104159116744995
Tyus Jones,2026,0.7348031997680664,29,2024,0.7,1.9452191114425659
Tyus Jones,2027,0.5760767161846161,30,2024,0.7,2.521295827627182
Tyus Jones,2028,0.5278619031111399,31,2024,0.7,3.0491577307383215
Tyus Jones,2029,0.490607221921285,32,2024,0.7,3.539764952659607
Victor Oladipo,2024,0.9708935618400574,31,2023,-2.1,-1.1291064381599427
Victor Oladipo,2025,-0.3549889326095581,32,2023,-2.1,-1.4840953707695008
Victor Oladipo,2026,-0.283416323363781,33,2023,-2.1,-1.7675116941332818
Victor Oladipo,2027,-0.2481280838449795,34,2023,-2.1,-2.015639777978261
Victor Oladipo,2028,-0.2637251081566016,35,2023,-2.1,-2.279364886134863
Wendell Carter Jr.,2025,0.4102779626846313,25,2024,0.9,1.3102779626846313
Wendell Carter Jr.,2026,0.7462723255157471,26,2024,0.9,2.0565502882003783
Wendell Carter Jr.,2027,0.5063775479793549,27,2024,0.9,2.562927836179733
Wendell Carter Jr.,2028,0.4913645088672638,28,2024,0.9,3.054292345046997
Wendell Carter Jr.,2029,0.4274838864803314,29,2024,0.9,3.4817762315273284
Wesley Matthews,2025,-0.2605266869068146,38,2024,-2.8,-3.0605266869068144
Wesley Matthews,2026,-0.3464150130748749,39,2024,-2.8,-3.4069416999816893
Wesley Matthews,2027,-0.3157099485397339,40,2024,-2.8,-3.722651648521423
Wesley Matthews,2028,-0.3138781785964966,41,2024,-2.8,-4.03652982711792
Wesley Matthews,2029,-0.3576793596148491,42,2024,-2.8,-4.394209186732769
Will Barton,2024,-0.2935654819011688,33,2023,-2.6,-2.893565481901169
Will Barton,2025,-0.813257247209549,34,2023,-2.6,-3.706822729110718
Will Barton,2026,-0.631936252117157,35,2023,-2.6,-4.338758981227874
Will Barton,2027,-0.8240841825803121,36,2023,-2.6,-5.162843163808187
Will Barton,2028,-0.8313845346371332,37,2023,-2.6,-5.99422769844532
Willy Hernangomez,2024,-0.2158726453781128,29,2023,0.3,0.0841273546218872
Willy Hernangomez,2025,-0.1082723736763,30,2023,0.3,-0.024145019054412797
Willy Hernangomez,2026,-0.2562634646892547,31,2023,0.3,-0.2804084837436675
Willy Hernangomez,2027,-0.3693378070990245,32,2023,0.3,-0.6497462908426919
Willy Hernangomez,2028,-0.4312335749467214,33,2023,0.3,-1.0809798657894132
Zach LaVine,2024,0.2717995345592499,28,2023,1.9,2.17179953455925
Zach LaVine,2025,0.5540889203548431,29,2023,1.9,2.725888454914093
Zach LaVine,2026,0.2123181670904159,30,2023,1.9,2.938206622004509
Zach LaVine,2027,0.2129627416531244,31,2023,1.9,3.1511693636576332
Zach LaVine,2028,0.1481519316633542,32,2023,1.9,3.299321295320987
