Player,Season,Projected_BPM_diff,Age,Last_Season,Last_BPM,Projected_BPM
Aaron Gordon,2025,-0.4641273021697998,29,2024,1.3,0.8358726978302002
Aaron Gordon,2026,-0.7598130702972412,30,2024,1.3,0.07605962753295903
Aaron Gordon,2027,-0.8374393582344055,31,2024,1.3,-0.7613797307014465
Aaron Gordon,2028,-0.950150191783905,32,2024,1.3,-1.7115299224853515
Aaron Gordon,2029,-1.070803076028824,33,2024,1.3,-2.7823329985141756
Aaron Holiday,2025,-0.268892765045166,28,2024,-1.5,-1.768892765045166
Aaron Holiday,2026,-0.4648306369781494,29,2024,-1.5,-2.2337234020233154
Aaron Holiday,2027,-0.5255214720964432,30,2024,-1.5,-2.7592448741197586
Aaron Holiday,2028,-0.6325628012418747,31,2024,-1.5,-3.3918076753616333
Aaron Holiday,2029,-0.7053472623229027,32,2024,-1.5,-4.097154937684536
Al Horford,2025,-1.120335340499878,38,2024,3.6,2.479664659500122
Al Horford,2026,-1.309164047241211,39,2024,3.6,1.1705006122589112
Al Horford,2027,-1.315216302871704,40,2024,3.6,-0.14471569061279288
Al Horford,2028,-1.356427828470866,41,2024,3.6,-1.501143519083659
Al Horford,2029,-1.3794972499211628,42,2024,3.6,-2.8806407690048217
Alec Burks,2025,-0.4544135928153991,33,2024,-2.3,-2.754413592815399
Alec Burks,2026,-0.7111755013465881,34,2024,-2.3,-3.465589094161987
Alec Burks,2027,-0.7280744314193726,35,2024,-2.3,-4.19366352558136
Alec Burks,2028,-0.7901320854822794,36,2024,-2.3,-4.983795611063639
Alec Burks,2029,-0.8874756892522176,37,2024,-2.3,-5.871271300315857
Alex Caruso,2025,-0.943173050880432,30,2024,2.5,1.5568269491195679
Alex Caruso,2026,-1.1296831369400024,31,2024,2.5,0.42714381217956543
Alex Caruso,2027,-1.157141625881195,32,2024,2.5,-0.7299978137016296
Alex Caruso,2028,-1.228396713733673,33,2024,2.5,-1.9583945274353027
Alex Caruso,2029,-1.2810223996639252,34,2024,2.5,-3.239416927099228
Alex Len,2025,-0.0021626949310302,31,2024,0.2,0.19783730506896982
Alex Len,2026,-0.1330055147409439,32,2024,0.2,0.06483179032802591
Alex Len,2027,-0.168150994926691,33,2024,0.2,-0.10331920459866512
Alex Len,2028,-0.2532924426098664,34,2024,0.2,-0.3566116472085315
Alex Len,2029,-0.3596585473666588,35,2024,0.2,-0.7162701945751904
Andre Drummond,2025,-0.1133246123790741,31,2024,0.1,-0.013324612379074091
Andre Drummond,2026,-0.2993378043174743,32,2024,0.1,-0.3126624166965484
Andre Drummond,2027,-0.3622454926371574,33,2024,0.1,-0.6749079093337058
Andre Drummond,2028,-0.412933645149072,34,2024,0.1,-1.0878415544827778
Andre Drummond,2029,-0.4869951891402403,35,2024,0.1,-1.5748367436230182
Andrew Wiggins,2025,-1.149651050567627,29,2024,-2.5,-3.649651050567627
Andrew Wiggins,2026,-1.233452320098877,30,2024,-2.5,-4.883103370666504
Andrew Wiggins,2027,-1.235068380832672,31,2024,-2.5,-6.118171751499176
Andrew Wiggins,2028,-1.249296446641286,32,2024,-2.5,-7.367468198140462
Andrew Wiggins,2029,-1.2711703578631084,33,2024,-2.5,-8.63863855600357
Anthony Davis,2025,-1.0405982732772827,31,2024,5.1,4.059401726722717
Anthony Davis,2026,-1.0893288850784302,32,2024,5.1,2.9700728416442868
Anthony Davis,2027,-1.116187870502472,33,2024,5.1,1.8538849711418148
Anthony Davis,2028,-1.1500678261121111,34,2024,5.1,0.7038171450297037
Anthony Davis,2029,-1.1689310173193614,35,2024,5.1,-0.46511387228965795
Austin Rivers,2024,-0.5165253281593323,31,2023,-2.8,-3.316525328159332
Austin Rivers,2025,-0.6805630326271057,32,2023,-2.8,-3.997088360786438
Austin Rivers,2026,-0.7090602219104767,33,2023,-2.8,-4.7061485826969145
Austin Rivers,2027,-0.7769353489081064,34,2023,-2.8,-5.483083931605021
Austin Rivers,2028,-0.8326059629519781,35,2023,-2.8,-6.315689894556999
Bam Adebayo,2025,0.8399139642715454,27,2024,2.4,3.2399139642715453
Bam Adebayo,2026,0.7381978034973145,28,2024,2.4,3.9781117677688598
Bam Adebayo,2027,0.6869278252124786,29,2024,2.4,4.665039592981339
Bam Adebayo,2028,0.6008255581061045,30,2024,2.4,5.265865151087443
Bam Adebayo,2029,0.5053388377030691,31,2024,2.4,5.771203988790512
Bismack Biyombo,2025,-1.4483669996261597,32,2024,-3.4,-4.84836699962616
Bismack Biyombo,2026,-1.5400973558425903,33,2024,-3.4,-6.38846435546875
Bismack Biyombo,2027,-1.552596151828766,34,2024,-3.4,-7.941060507297516
Bismack Biyombo,2028,-1.5758962035179138,35,2024,-3.4,-9.51695671081543
Bismack Biyombo,2029,-1.6097859144210815,36,2024,-3.4,-11.126742625236512
Blake Griffin,2024,-1.6491312980651855,34,2023,0.1,-1.5491312980651855
Blake Griffin,2025,-1.8244047164916992,35,2023,0.1,-3.3735360145568847
Blake Griffin,2026,-1.8467049598693848,36,2023,0.1,-5.22024097442627
Blake Griffin,2027,-1.8675096829732256,37,2023,0.1,-7.0877506573994955
Blake Griffin,2028,-1.8914669553438823,38,2023,0.1,-8.979217612743378
Boban Marjanovic,2024,-0.5358752012252808,35,2023,1.6,1.0641247987747193
Boban Marjanovic,2025,-0.7730023860931396,36,2023,1.6,0.2911224126815797
Boban Marjanovic,2026,-0.7876059114933014,37,2023,1.6,-0.4964834988117217
Boban Marjanovic,2027,-0.8904150029023489,38,2023,1.6,-1.3868985017140707
Boban Marjanovic,2028,-0.9674450705448786,39,2023,1.6,-2.354343572258949
Bobby Portis,2025,-0.531958818435669,29,2024,-0.8,-1.331958818435669
Bobby Portis,2026,-0.7281687259674072,30,2024,-0.8,-2.060127544403076
Bobby Portis,2027,-0.7391617298126221,31,2024,-0.8,-2.799289274215698
Bobby Portis,2028,-0.7890892823537191,32,2024,-0.8,-3.5883785565694177
Bobby Portis,2029,-0.8351472417513529,33,2024,-0.8,-4.42352579832077
Bogdan Bogdanovic,2025,-1.0246742963790894,32,2024,0.2,-0.8246742963790894
Bogdan Bogdanovic,2026,-1.245852828025818,33,2024,0.2,-2.070527124404907
Bogdan Bogdanovic,2027,-1.2616562247276306,34,2024,0.2,-3.3321833491325377
Bogdan Bogdanovic,2028,-1.3288686871528623,35,2024,0.2,-4.6610520362854
Bogdan Bogdanovic,2029,-1.3885553181171415,36,2024,0.2,-6.049607354402542
Bojan Bogdanovic,2025,-0.8692399263381958,35,2024,-3.2,-4.069239926338196
Bojan Bogdanovic,2026,-0.9746071100234984,36,2024,-3.2,-5.0438470363616945
Bojan Bogdanovic,2027,-0.981017142534256,37,2024,-3.2,-6.0248641788959505
Bojan Bogdanovic,2028,-1.0195542673269908,38,2024,-3.2,-7.0444184462229416
Bojan Bogdanovic,2029,-1.0712155749400456,39,2024,-3.2,-8.115634021162986
Bradley Beal,2025,-0.4516835808753967,31,2024,0.4,-0.05168358087539665
Bradley Beal,2026,-0.626261293888092,32,2024,0.4,-0.6779448747634887
Bradley Beal,2027,-0.7070826590061188,33,2024,0.4,-1.3850275337696076
Bradley Beal,2028,-0.8038530051708221,34,2024,0.4,-2.1888805389404298
Bradley Beal,2029,-0.9026675373315812,35,2024,0.4,-3.091548076272011
Brandon Ingram,2025,0.5589543581008911,27,2024,1.2,1.758954358100891
Brandon Ingram,2026,0.4183217883110046,28,2024,1.2,2.177276146411896
Brandon Ingram,2027,0.3762270957231521,29,2024,1.2,2.553503242135048
Brandon Ingram,2028,0.2599957237641017,30,2024,1.2,2.8134989658991496
Brandon Ingram,2029,0.1251079862316449,31,2024,1.2,2.9386069521307947
Brook Lopez,2025,-0.7559536099433899,36,2024,1.0,0.2440463900566101
Brook Lopez,2026,-0.91116863489151,37,2024,1.0,-0.6671222448348999
Brook Lopez,2027,-0.9620374143123628,38,2024,1.0,-1.6291596591472626
Brook Lopez,2028,-1.0379610359668732,39,2024,1.0,-2.6671206951141357
Brook Lopez,2029,-1.100105956196785,40,2024,1.0,-3.7672266513109207
Bruce Brown,2025,-0.5264835357666016,28,2024,-3.3,-3.8264835357666014
Bruce Brown,2026,-0.7023847103118896,29,2024,-3.3,-4.528868246078491
Bruce Brown,2027,-0.721307098865509,30,2024,-3.3,-5.250175344944
Bruce Brown,2028,-0.7573704123497009,31,2024,-3.3,-6.007545757293701
Bruce Brown,2029,-0.8068998903036118,32,2024,-3.3,-6.814445647597313
Buddy Hield,2025,-1.8917102813720703,32,2024,0.4,-1.4917102813720704
Buddy Hield,2026,-1.967496633529663,33,2024,0.4,-3.4592069149017335
Buddy Hield,2027,-1.9747178554534912,34,2024,0.4,-5.433924770355224
Buddy Hield,2028,-2.00003449122111,35,2024,0.4,-7.433959261576334
Buddy Hield,2029,-2.0178534587224326,36,2024,0.4,-9.451812720298767
CJ McCollum,2025,-0.4973639249801636,33,2024,3.1,2.6026360750198365
CJ McCollum,2026,-0.7079486846923828,34,2024,3.1,1.8946873903274537
CJ McCollum,2027,-0.7419636249542236,35,2024,3.1,1.15272376537323
CJ McCollum,2028,-0.8533929586410522,36,2024,3.1,0.2993308067321778
CJ McCollum,2029,-0.9456208646297456,37,2024,3.1,-0.6462900578975677
Cameron Payne,2025,-1.343332290649414,30,2024,-1.1,-2.443332290649414
Cameron Payne,2026,-1.4958152770996094,31,2024,-1.1,-3.9391475677490235
Cameron Payne,2027,-1.497380554676056,32,2024,-1.1,-5.436528122425079
Cameron Payne,2028,-1.5524052182833354,33,2024,-1.1,-6.9889333407084155
Cameron Payne,2029,-1.5976261099179585,34,2024,-1.1,-8.586559450626373
Caris LeVert,2025,-1.0357990264892578,30,2024,0.2,-0.8357990264892579
Caris LeVert,2026,-1.342369556427002,31,2024,0.2,-2.1781685829162596
Caris LeVert,2027,-1.3825611472129822,32,2024,0.2,-3.5607297301292418
Caris LeVert,2028,-1.4711315433184309,33,2024,0.2,-5.031861273447673
Caris LeVert,2029,-1.524482121070226,34,2024,0.2,-6.556343394517898
Cedi Osman,2025,-1.0370423793792725,29,2024,-2.1,-3.1370423793792725
Cedi Osman,2026,-1.25238037109375,30,2024,-2.1,-4.389422750473022
Cedi Osman,2027,-1.288723111152649,31,2024,-2.1,-5.678145861625671
Cedi Osman,2028,-1.3533679246902466,32,2024,-2.1,-7.031513786315918
Cedi Osman,2029,-1.4095723927021029,33,2024,-2.1,-8.44108617901802
Chris Paul,2025,-1.3064873218536377,39,2024,1.0,-0.3064873218536377
Chris Paul,2026,-1.4021694660186768,40,2024,1.0,-1.7086567878723145
Chris Paul,2027,-1.4165749549865725,41,2024,1.0,-3.1252317428588867
Chris Paul,2028,-1.4521598815917969,42,2024,1.0,-4.577391624450684
Chris Paul,2029,-1.4855763912200928,43,2024,1.0,-6.062968015670776
Clint Capela,2025,-0.8081871867179871,30,2024,0.1,-0.7081871867179871
Clint Capela,2026,-0.9463546872138976,31,2024,0.1,-1.6545418739318847
Clint Capela,2027,-1.022624135017395,32,2024,0.1,-2.6771660089492797
Clint Capela,2028,-1.0676209529240923,33,2024,0.1,-3.744786961873372
Clint Capela,2029,-1.1259964803854623,34,2024,0.1,-4.870783442258835
Cody Zeller,2025,-1.28798246383667,32,2024,-2.6,-3.88798246383667
Cody Zeller,2026,-1.4128243923187256,33,2024,-2.6,-5.300806856155395
Cody Zeller,2027,-1.451582968235016,34,2024,-2.6,-6.752389824390411
Cody Zeller,2028,-1.5214088956514995,35,2024,-2.6,-8.273798720041912
Cody Zeller,2029,-1.5861504276593523,36,2024,-2.6,-9.859949147701263
Cory Joseph,2024,-1.9414466619491575,32,2023,-1.5,-3.4414466619491577
Cory Joseph,2025,-1.9715126752853396,33,2023,-1.5,-5.412959337234497
Cory Joseph,2026,-1.9790629744529724,34,2023,-1.5,-7.3920223116874695
Cory Joseph,2027,-1.9937344988187156,35,2023,-1.5,-9.385756810506185
Cory Joseph,2028,-2.005290518204371,36,2023,-1.5,-11.391047328710556
D'Angelo Russell,2025,0.5861105918884277,28,2024,0.9,1.4861105918884276
D'Angelo Russell,2026,0.3355945944786072,29,2024,0.9,1.8217051863670348
D'Angelo Russell,2027,0.2651801258325577,30,2024,0.9,2.0868853121995925
D'Angelo Russell,2028,0.1762551516294479,31,2024,0.9,2.2631404638290404
D'Angelo Russell,2029,0.0719216763973236,32,2024,0.9,2.335062140226364
Damian Lillard,2025,-1.7761006355285645,34,2024,2.1,0.32389936447143564
Damian Lillard,2026,-1.899160385131836,35,2024,2.1,-1.5752610206604003
Damian Lillard,2027,-1.920023322105408,36,2024,2.1,-3.495284342765808
Damian Lillard,2028,-1.9648395776748655,37,2024,2.1,-5.460123920440674
Damian Lillard,2029,-1.996531218290329,38,2024,2.1,-7.456655138731003
Daniel Theis,2025,-1.3515256643295288,32,2024,-1.6,-2.951525664329529
Daniel Theis,2026,-1.473331093788147,33,2024,-1.6,-4.424856758117675
Daniel Theis,2027,-1.4964258670806885,34,2024,-1.6,-5.921282625198364
Daniel Theis,2028,-1.541772762934367,35,2024,-1.6,-7.463055388132732
Daniel Theis,2029,-1.5828052659829457,36,2024,-1.6,-9.045860654115677
Danilo Gallinari,2025,-1.010743498802185,36,2024,-1.9,-2.910743498802185
Danilo Gallinari,2026,-1.1863561868667605,37,2024,-1.9,-4.097099685668946
Danilo Gallinari,2027,-1.2080932259559631,38,2024,-1.9,-5.305192911624909
Danilo Gallinari,2028,-1.2726940512657166,39,2024,-1.9,-6.577886962890625
Danilo Gallinari,2029,-1.3301214575767517,40,2024,-1.9,-7.908008420467377
Danuel House Jr.,2025,-0.2685154676437378,31,2024,-4.0,-4.268515467643738
Danuel House Jr.,2026,-0.4136661291122436,32,2024,-4.0,-4.6821815967559814
Danuel House Jr.,2027,-0.4732646942138672,33,2024,-4.0,-5.155446290969849
Danuel House Jr.,2028,-0.5491188367207845,34,2024,-4.0,-5.704565127690634
Danuel House Jr.,2029,-0.6269588420788447,35,2024,-4.0,-6.331523969769478
Dario Saric,2025,-0.5452872514724731,30,2024,1.0,0.45471274852752686
Dario Saric,2026,-0.7762778997421265,31,2024,1.0,-0.3215651512145996
Dario Saric,2027,-0.8362820148468018,32,2024,1.0,-1.1578471660614014
Dario Saric,2028,-0.9543672402699788,33,2024,1.0,-2.11221440633138
Dario Saric,2029,-1.0218143711487453,34,2024,1.0,-3.1340287774801254
Davis Bertans,2025,-1.8064615726470947,32,2024,-1.4,-3.2064615726470946
Davis Bertans,2026,-1.8554458618164065,33,2024,-1.4,-5.061907434463501
Davis Bertans,2027,-1.8625842928886411,34,2024,-1.4,-6.924491727352143
Davis Bertans,2028,-1.8857829372088115,35,2024,-1.4,-8.810274664560954
Davis Bertans,2029,-1.9046751459439597,36,2024,-1.4,-10.714949810504914
De'Aaron Fox,2025,-0.3383825123310089,27,2024,2.7,2.3616174876689913
De'Aaron Fox,2026,-0.6411011517047882,28,2024,2.7,1.720516335964203
De'Aaron Fox,2027,-0.7121848911046982,29,2024,2.7,1.0083314448595049
De'Aaron Fox,2028,-0.8404893825451533,30,2024,2.7,0.16784206231435173
De'Aaron Fox,2029,-0.9573620532949766,31,2024,2.7,-0.789519990980625
De'Anthony Melton,2025,0.6442790031433105,26,2024,0.5,1.1442790031433105
De'Anthony Melton,2026,0.5119915008544922,27,2024,0.5,1.6562705039978027
De'Anthony Melton,2027,0.477395236492157,28,2024,0.5,2.1336657404899597
De'Anthony Melton,2028,0.3997531135876973,29,2024,0.5,2.5334188540776568
De'Anthony Melton,2029,0.3254762018720309,30,2024,0.5,2.8588950559496875
DeAndre Jordan,2025,-1.3425965309143066,36,2024,-1.7,-3.042596530914307
DeAndre Jordan,2026,-1.469489336013794,37,2024,-1.7,-4.512085866928101
DeAndre Jordan,2027,-1.4812758564949036,38,2024,-1.7,-5.993361723423004
DeAndre Jordan,2028,-1.524820903937022,39,2024,-1.7,-7.5181826273600265
DeAndre Jordan,2029,-1.5576269229253132,40,2024,-1.7,-9.075809550285339
DeMar DeRozan,2025,-1.0048681497573853,35,2024,1.8,0.7951318502426148
DeMar DeRozan,2026,-1.1828128099441528,36,2024,1.8,-0.38768095970153804
DeMar DeRozan,2027,-1.2022737860679626,37,2024,1.8,-1.5899547457695007
DeMar DeRozan,2028,-1.2643648584683735,38,2024,1.8,-2.8543196042378742
DeMar DeRozan,2029,-1.3101237813631694,39,2024,1.8,-4.164443385601044
Deandre Ayton,2025,1.1697218418121338,26,2024,0.3,1.4697218418121338
Deandre Ayton,2026,1.0278925895690918,27,2024,0.3,2.4976144313812254
Deandre Ayton,2027,1.0097689628601074,28,2024,0.3,3.507383394241333
Deandre Ayton,2028,0.9368955294291178,29,2024,0.3,4.444278923670451
Deandre Ayton,2029,0.8450116862853368,30,2024,0.3,5.2892906099557875
Dejounte Murray,2025,-0.6237510442733765,28,2024,1.7,1.0762489557266235
Dejounte Murray,2026,-0.8268276453018188,29,2024,1.7,0.24942131042480464
Dejounte Murray,2027,-0.8520305156707764,30,2024,1.7,-0.6026092052459717
Dejounte Murray,2028,-0.9386707146962484,31,2024,1.7,-1.5412799199422202
Dejounte Murray,2029,-1.032886157433192,32,2024,1.7,-2.574166077375412
Delon Wright,2025,-1.5542997121810913,32,2024,0.4,-1.1542997121810914
Delon Wright,2026,-1.6039856672286987,33,2024,0.4,-2.75828537940979
Delon Wright,2027,-1.615574598312378,34,2024,0.4,-4.373859977722168
Delon Wright,2028,-1.6320401827494304,35,2024,0.4,-6.005900160471598
Delon Wright,2029,-1.6485750277837117,36,2024,0.4,-7.65447518825531
Dennis Schroder,2025,-1.3557958602905271,31,2024,-1.8,-3.155795860290527
Dennis Schroder,2026,-1.426915407180786,32,2024,-1.8,-4.582711267471313
Dennis Schroder,2027,-1.4373944997787476,33,2024,-1.8,-6.020105767250061
Dennis Schroder,2028,-1.4648174047470093,34,2024,-1.8,-7.48492317199707
Dennis Schroder,2029,-1.48702210187912,35,2024,-1.8,-8.971945273876191
Dennis Smith Jr.,2025,0.7778077125549316,27,2024,-0.8,-0.022192287445068404
Dennis Smith Jr.,2026,0.4570344686508178,28,2024,-0.8,0.43484218120574947
Dennis Smith Jr.,2027,0.3374760746955871,29,2024,-0.8,0.7723182559013366
Dennis Smith Jr.,2028,0.1652281483014424,30,2024,-0.8,0.937546404202779
Dennis Smith Jr.,2029,0.0161686862508455,31,2024,-0.8,0.9537150904536245
Derrick Jones Jr.,2025,-0.1464544832706451,27,2024,-1.5,-1.6464544832706451
Derrick Jones Jr.,2026,-0.3345490992069244,28,2024,-1.5,-1.9810035824775696
Derrick Jones Jr.,2027,-0.3799457252025604,29,2024,-1.5,-2.36094930768013
Derrick Jones Jr.,2028,-0.4800379772981007,30,2024,-1.5,-2.8409872849782305
Derrick Jones Jr.,2029,-0.556121418873469,31,2024,-1.5,-3.3971087038516994
Derrick White,2025,-0.4471270143985748,30,2024,3.8,3.352872985601425
Derrick White,2026,-0.683822363615036,31,2024,3.8,2.669050621986389
Derrick White,2027,-0.6999543011188507,32,2024,3.8,1.9690963208675383
Derrick White,2028,-0.7855344712734222,33,2024,3.8,1.183561849594116
Derrick White,2029,-0.851102814078331,34,2024,3.8,0.33245903551578504
Devin Booker,2025,-0.7402186393737793,28,2024,3.0,2.2597813606262207
Devin Booker,2026,-0.9191286563873292,29,2024,3.0,1.3406527042388916
Devin Booker,2027,-0.946850597858429,30,2024,3.0,0.39380210638046265
Devin Booker,2028,-0.9889776905377706,31,2024,3.0,-0.5951755841573081
Devin Booker,2029,-1.058144728342692,32,2024,3.0,-1.6533203125
Dewayne Dedmon,2024,-1.651806354522705,34,2023,-1.6,-3.251806354522705
Dewayne Dedmon,2025,-1.7028241157531738,35,2023,-1.6,-4.9546304702758786
Dewayne Dedmon,2026,-1.713118076324463,36,2023,-1.6,-6.667748546600341
Dewayne Dedmon,2027,-1.7397418022155762,37,2023,-1.6,-8.407490348815918
Dewayne Dedmon,2028,-1.750190496444702,38,2023,-1.6,-10.15768084526062
Dillon Brooks,2025,-0.4856131076812744,29,2024,-3.6,-4.085613107681274
Dillon Brooks,2026,-0.7245526313781738,30,2024,-3.6,-4.810165739059448
Dillon Brooks,2027,-0.782023549079895,31,2024,-3.6,-5.592189288139343
Dillon Brooks,2028,-0.9273399909337362,32,2024,-3.6,-6.51952927907308
Dillon Brooks,2029,-1.0115108887354534,33,2024,-3.6,-7.531040167808532
Domantas Sabonis,2025,0.3842323720455169,28,2024,6.5,6.884232372045517
Domantas Sabonis,2026,0.1497201025485992,29,2024,6.5,7.033952474594116
Domantas Sabonis,2027,0.0914087146520614,30,2024,6.5,7.125361189246178
Domantas Sabonis,2028,-0.0316476672887802,31,2024,6.5,7.0937135219573975
Domantas Sabonis,2029,-0.1297690160572528,32,2024,6.5,6.963944505900145
Donovan Mitchell,2025,-0.0248454213142395,28,2024,5.8,5.77515457868576
Donovan Mitchell,2026,-0.2036386132240295,29,2024,5.8,5.571515965461731
Donovan Mitchell,2027,-0.2335413545370102,30,2024,5.8,5.337974610924721
Donovan Mitchell,2028,-0.3079596112171809,31,2024,5.8,5.030014999707539
Donovan Mitchell,2029,-0.3834082012375195,32,2024,5.8,4.64660679847002
Dorian Finney-Smith,2025,-0.6509463787078857,31,2024,-2.0,-2.6509463787078857
Dorian Finney-Smith,2026,-0.829721212387085,32,2024,-2.0,-3.4806675910949707
Dorian Finney-Smith,2027,-0.8464813232421875,33,2024,-2.0,-4.327148914337158
Dorian Finney-Smith,2028,-0.907026449839274,34,2024,-2.0,-5.234175364176432
Dorian Finney-Smith,2029,-0.9762391497691472,35,2024,-2.0,-6.2104145139455795
Doug McDermott,2025,-0.6177018284797668,33,2024,-3.4,-4.017701828479767
Doug McDermott,2026,-0.7584742903709412,34,2024,-3.4,-4.776176118850708
Doug McDermott,2027,-0.8184908926486969,35,2024,-3.4,-5.594667011499405
Doug McDermott,2028,-0.8824386696020762,36,2024,-3.4,-6.477105681101481
Doug McDermott,2029,-0.9548030545314152,37,2024,-3.4,-7.431908735632897
Draymond Green,2025,-0.8434919118881226,34,2024,2.4,1.5565080881118774
Draymond Green,2026,-1.003339409828186,35,2024,2.4,0.5531686782836913
Draymond Green,2027,-1.0332374572753906,36,2024,2.4,-0.4800687789916993
Draymond Green,2028,-1.1094242731730144,37,2024,2.4,-1.589493052164714
Draymond Green,2029,-1.1684383948644002,38,2024,2.4,-2.757931447029114
Dwight Powell,2025,-0.673803985118866,33,2024,-0.3,-0.973803985118866
Dwight Powell,2026,-0.8107464909553528,34,2024,-0.3,-1.7845504760742188
Dwight Powell,2027,-0.8471142947673798,35,2024,-0.3,-2.6316647708415983
Dwight Powell,2028,-0.9070530235767365,36,2024,-0.3,-3.538717794418335
Dwight Powell,2029,-0.9814624935388564,37,2024,-0.3,-4.520180287957191
Eric Gordon,2025,-0.8054678440093994,36,2024,-1.7,-2.5054678440093996
Eric Gordon,2026,-1.0637269020080566,37,2024,-1.7,-3.5691947460174562
Eric Gordon,2027,-1.1128349900245669,38,2024,-1.7,-4.682029736042023
Eric Gordon,2028,-1.1949984431266785,39,2024,-1.7,-5.877028179168701
Eric Gordon,2029,-1.264250934123993,40,2024,-1.7,-7.141279113292694
Evan Fournier,2025,-1.531438231468201,32,2024,-4.3,-5.8314382314682005
Evan Fournier,2026,-1.6161490678787231,33,2024,-4.3,-7.447587299346924
Evan Fournier,2027,-1.622408151626587,34,2024,-4.3,-9.069995450973511
Evan Fournier,2028,-1.6496317386627195,35,2024,-4.3,-10.719627189636231
Evan Fournier,2029,-1.6725565791130066,36,2024,-4.3,-12.392183768749238
Frank Kaminsky,2024,-1.0978325605392456,30,2023,2.8,1.7021674394607542
Frank Kaminsky,2025,-1.2589434385299685,31,2023,2.8,0.44322400093078596
Frank Kaminsky,2026,-1.3021199107170105,32,2023,2.8,-0.8588959097862245
Frank Kaminsky,2027,-1.3671985268592834,33,2023,2.8,-2.226094436645508
Frank Kaminsky,2028,-1.418123871088028,34,2023,2.8,-3.644218307733536
Frank Ntilikina,2024,-0.6438020467758179,25,2023,-6.7,-7.343802046775818
Frank Ntilikina,2025,-0.7415752410888672,26,2023,-6.7,-8.085377287864684
Frank Ntilikina,2026,-0.7481607496738434,27,2023,-6.7,-8.833538037538528
Frank Ntilikina,2027,-0.7462250093619028,28,2023,-6.7,-9.579763046900432
Frank Ntilikina,2028,-0.784443144996961,29,2023,-6.7,-10.364206191897392
Fred VanVleet,2025,-0.1564258635044098,30,2024,3.4,3.24357413649559
Fred VanVleet,2026,-0.4452566802501678,31,2024,3.4,2.7983174562454223
Fred VanVleet,2027,-0.5225541442632675,32,2024,3.4,2.2757633119821548
Fred VanVleet,2028,-0.6511816332737604,33,2024,3.4,1.6245816787083944
Fred VanVleet,2029,-0.7682234918077787,34,2024,3.4,0.8563581869006156
Furkan Korkmaz,2025,-0.4629668295383453,27,2024,-2.7,-3.1629668295383455
Furkan Korkmaz,2026,-0.6552562415599823,28,2024,-2.7,-3.818223071098328
Furkan Korkmaz,2027,-0.6999883949756622,29,2024,-2.7,-4.51821146607399
Furkan Korkmaz,2028,-0.8339074552059174,30,2024,-2.7,-5.352118921279907
Furkan Korkmaz,2029,-0.9751970618963242,31,2024,-2.7,-6.327315983176232
Gary Harris,2025,-1.131906032562256,30,2024,-1.2,-2.331906032562256
Gary Harris,2026,-1.2412779331207275,31,2024,-1.2,-3.5731839656829836
Gary Harris,2027,-1.2663210034370422,32,2024,-1.2,-4.839504969120026
Gary Harris,2028,-1.3101572394371033,33,2024,-1.2,-6.149662208557129
Gary Harris,2029,-1.3450287580490112,34,2024,-1.2,-7.49469096660614
George Hill,2024,-1.6627304553985596,37,2023,-1.5,-3.1627304553985596
George Hill,2025,-1.700369119644165,38,2023,-1.5,-4.863099575042725
George Hill,2026,-1.7032490372657776,39,2023,-1.5,-6.566348612308502
George Hill,2027,-1.72644704580307,40,2023,-1.5,-8.292795658111572
George Hill,2028,-1.7389661073684692,41,2023,-1.5,-10.031761765480042
Georges Niang,2025,-1.1001136302947998,31,2024,-2.9,-4.0001136302948
Georges Niang,2026,-1.1891539096832275,32,2024,-2.9,-5.189267539978028
Georges Niang,2027,-1.195247769355774,33,2024,-2.9,-6.384515309333802
Georges Niang,2028,-1.2375833590825398,34,2024,-2.9,-7.62209866841634
Georges Niang,2029,-1.2723037997881572,35,2024,-2.9,-8.894402468204499
Giannis Antetokounmpo,2025,-1.270770788192749,30,2024,9.0,7.729229211807251
Giannis Antetokounmpo,2026,-1.4358270168304443,31,2024,9.0,6.293402194976807
Giannis Antetokounmpo,2027,-1.45614892244339,32,2024,9.0,4.837253272533417
Giannis Antetokounmpo,2028,-1.5137718717257185,33,2024,9.0,3.3234814008076983
Giannis Antetokounmpo,2029,-1.5842484732468922,34,2024,9.0,1.7392329275608063
Goran Dragic,2024,-1.668182134628296,37,2023,-3.9,-5.568182134628296
Goran Dragic,2025,-1.765192985534668,38,2023,-3.9,-7.333375120162964
Goran Dragic,2026,-1.7774889469146729,39,2023,-3.9,-9.110864067077637
Goran Dragic,2027,-1.826687177022298,40,2023,-3.9,-10.937551244099934
Goran Dragic,2028,-1.8684427539507549,41,2023,-3.9,-12.80599399805069
Gordon Hayward,2025,-1.758378028869629,34,2024,-2.1,-3.858378028869629
Gordon Hayward,2026,-1.823603630065918,35,2024,-2.1,-5.6819816589355465
Gordon Hayward,2027,-1.8378833532333372,36,2024,-2.1,-7.519865012168884
Gordon Hayward,2028,-1.864520827929179,37,2024,-2.1,-9.384385840098064
Gordon Hayward,2029,-1.8948087294896443,38,2024,-2.1,-11.279194569587707
Gorgui Dieng,2024,-1.6346852779388428,34,2023,-3.9,-5.534685277938843
Gorgui Dieng,2025,-1.7035224437713623,35,2023,-3.9,-7.238207721710205
Gorgui Dieng,2026,-1.6876837015151978,36,2023,-3.9,-8.925891423225403
Gorgui Dieng,2027,-1.7019814252853394,37,2023,-3.9,-10.627872848510743
Gorgui Dieng,2028,-1.70991250872612,38,2023,-3.9,-12.337785357236863
Grayson Allen,2025,-0.6114664077758789,29,2024,1.3,0.6885335922241211
Grayson Allen,2026,-0.9114866256713868,30,2024,1.3,-0.22295303344726558
Grayson Allen,2027,-0.9519099593162536,31,2024,1.3,-1.1748629927635192
Grayson Allen,2028,-1.045019527276357,32,2024,1.3,-2.219882520039876
Grayson Allen,2029,-1.1409444014231365,33,2024,1.3,-3.360826921463013
Harrison Barnes,2025,-1.642958164215088,32,2024,-1.8,-3.4429581642150877
Harrison Barnes,2026,-1.71874737739563,33,2024,-1.8,-5.161705541610718
Harrison Barnes,2027,-1.7377928495407104,34,2024,-1.8,-6.899498391151428
Harrison Barnes,2028,-1.780121684074402,35,2024,-1.8,-8.67962007522583
Harrison Barnes,2029,-1.819203078746796,36,2024,-1.8,-10.498823153972626
Ish Smith,2025,-1.3733259439468384,36,2024,-6.8,-8.173325943946839
Ish Smith,2026,-1.461548924446106,37,2024,-6.8,-9.634874868392945
Ish Smith,2027,-1.4603842496871948,38,2024,-6.8,-11.09525911808014
Ish Smith,2028,-1.5060995817184448,39,2024,-6.8,-12.601358699798585
Ish Smith,2029,-1.553564935922623,40,2024,-6.8,-14.154923635721207
Ivica Zubac,2025,-0.9069921374320984,27,2024,0.8,-0.10699213743209834
Ivica Zubac,2026,-1.0096750855445862,28,2024,0.8,-1.1166672229766845
Ivica Zubac,2027,-1.0216557383537292,29,2024,0.8,-2.138322961330414
Ivica Zubac,2028,-1.0631859103838603,30,2024,0.8,-3.2015088717142746
Ivica Zubac,2029,-1.098900665839513,31,2024,0.8,-4.300409537553787
JaMychal Green,2024,-0.2716246843338012,33,2023,-0.5,-0.7716246843338013
JaMychal Green,2025,-0.4844632744789123,34,2023,-0.5,-1.2560879588127136
JaMychal Green,2026,-0.4440370053052902,35,2023,-0.5,-1.7001249641180038
JaMychal Green,2027,-0.5187703917423884,36,2023,-0.5,-2.218895355860392
JaMychal Green,2028,-0.5934195270140966,37,2023,-0.5,-2.812314882874489
JaVale McGee,2025,-1.3726431131362915,37,2024,-1.3,-2.6726431131362913
JaVale McGee,2026,-1.4298518896102903,38,2024,-1.3,-4.102495002746582
JaVale McGee,2027,-1.464310884475708,39,2024,-1.3,-5.56680588722229
JaVale McGee,2028,-1.4979366461435957,40,2024,-1.3,-7.0647425333658855
JaVale McGee,2029,-1.537400593360265,41,2024,-1.3,-8.602143126726151
Jae Crowder,2025,-1.6444703340530396,34,2024,-2.6,-4.244470334053039
Jae Crowder,2026,-1.7016905546188354,35,2024,-2.6,-5.946160888671875
Jae Crowder,2027,-1.7163614630699158,36,2024,-2.6,-7.66252235174179
Jae Crowder,2028,-1.7323070168495178,37,2024,-2.6,-9.394829368591308
Jae Crowder,2029,-1.7477577924728394,38,2024,-2.6,-11.142587161064148
Jakob Poeltl,2025,-0.9414097666740416,29,2024,0.7,-0.24140976667404168
Jakob Poeltl,2026,-1.0875120759010315,30,2024,0.7,-1.3289218425750733
Jakob Poeltl,2027,-1.1016899347305298,31,2024,0.7,-2.430611777305603
Jakob Poeltl,2028,-1.162686308224996,32,2024,0.7,-3.5932980855305994
Jakob Poeltl,2029,-1.2322782377401988,33,2024,0.7,-4.825576323270798
Jalen Brunson,2025,0.3236775696277618,28,2024,5.8,6.123677569627762
Jalen Brunson,2026,0.0975804030895233,29,2024,5.8,6.221257972717285
Jalen Brunson,2027,0.0477014631032943,30,2024,5.8,6.268959435820579
Jalen Brunson,2028,-0.0549118369817733,31,2024,5.8,6.214047598838806
Jalen Brunson,2029,-0.1822578758001327,32,2024,5.8,6.031789723038673
Jamal Murray,2025,1.03512442111969,27,2024,4.1,5.13512442111969
Jamal Murray,2026,0.9438462257385254,28,2024,4.1,6.078970646858215
Jamal Murray,2027,0.9002390205860138,29,2024,4.1,6.979209667444229
Jamal Murray,2028,0.823676198720932,30,2024,4.1,7.802885866165161
Jamal Murray,2029,0.7594238370656967,31,2024,4.1,8.562309703230857
James Harden,2025,-0.2202170193195343,35,2024,4.1,3.8797829806804653
James Harden,2026,-0.4791170060634613,36,2024,4.1,3.400665974617004
James Harden,2027,-0.5459914356470108,37,2024,4.1,2.8546745389699932
James Harden,2028,-0.6360950320959091,38,2024,4.1,2.218579506874084
James Harden,2029,-0.7057537958025932,39,2024,4.1,1.5128257110714909
Jarrett Allen,2025,0.7516520023345947,26,2024,3.0,3.7516520023345947
Jarrett Allen,2026,0.5736664533615112,27,2024,3.0,4.325318455696106
Jarrett Allen,2027,0.4898643493652344,28,2024,3.0,4.81518280506134
Jarrett Allen,2028,0.3595698277155558,29,2024,3.0,5.174752632776896
Jarrett Allen,2029,0.2419030119975407,30,2024,3.0,5.416655644774437
Jaylen Brown,2025,0.5121136903762817,28,2024,0.7,1.2121136903762817
Jaylen Brown,2026,0.3721463680267334,29,2024,0.7,1.584260058403015
Jaylen Brown,2027,0.276606485247612,30,2024,0.7,1.860866543650627
Jaylen Brown,2028,0.1702520797650019,31,2024,0.7,2.0311186234156287
Jaylen Brown,2029,0.0420234551032384,32,2024,0.7,2.0731420785188672
Jayson Tatum,2025,-0.1384174227714538,26,2024,5.1,4.961582577228546
Jayson Tatum,2026,-0.3695234060287475,27,2024,5.1,4.592059171199798
Jayson Tatum,2027,-0.4710805714130401,28,2024,5.1,4.120978599786758
Jayson Tatum,2028,-0.5893127024173737,29,2024,5.1,3.5316658973693844
Jayson Tatum,2029,-0.7187461853027344,30,2024,5.1,2.81291971206665
Jeff Green,2025,-1.5360593795776367,38,2024,-2.1,-3.636059379577637
Jeff Green,2026,-1.60839581489563,39,2024,-2.1,-5.244455194473266
Jeff Green,2027,-1.6199836134910583,40,2024,-2.1,-6.864438807964325
Jeff Green,2028,-1.6600049138069153,41,2024,-2.1,-8.52444372177124
Jeff Green,2029,-1.695747971534729,42,2024,-2.1,-10.220191693305969
Jerami Grant,2025,-1.3800060749053955,30,2024,-0.1,-1.4800060749053956
Jerami Grant,2026,-1.4710578918457031,31,2024,-0.1,-2.9510639667510987
Jerami Grant,2027,-1.53170508146286,32,2024,-0.1,-4.482769048213958
Jerami Grant,2028,-1.5811296105384829,33,2024,-0.1,-6.063898658752441
Jerami Grant,2029,-1.622574269771576,34,2024,-0.1,-7.686472928524017
Jevon Carter,2025,-0.9561673998832704,29,2024,-4.0,-4.95616739988327
Jevon Carter,2026,-1.0340713858604431,30,2024,-4.0,-5.990238785743713
Jevon Carter,2027,-1.0327673256397247,31,2024,-4.0,-7.023006111383438
Jevon Carter,2028,-1.0748245815436046,32,2024,-4.0,-8.097830692927044
Jevon Carter,2029,-1.123834287126859,33,2024,-4.0,-9.221664980053902
Jimmy Butler,2025,-0.875622570514679,35,2024,4.6,3.7243774294853207
Jimmy Butler,2026,-0.996602475643158,36,2024,4.6,2.7277749538421627
Jimmy Butler,2027,-1.031050741672516,37,2024,4.6,1.6967242121696469
Jimmy Butler,2028,-1.0882266561190288,38,2024,4.6,0.6084975560506178
Jimmy Butler,2029,-1.152401198943456,39,2024,4.6,-0.5439036428928379
Joe Harris,2024,-1.4244506359100342,32,2023,-1.1,-2.5244506359100343
Joe Harris,2025,-1.50170636177063,33,2023,-1.1,-4.026156997680664
Joe Harris,2026,-1.5236485004425049,34,2023,-1.1,-5.549805498123169
Joe Harris,2027,-1.560395320256551,35,2023,-1.1,-7.11020081837972
Joe Harris,2028,-1.590127209822337,36,2023,-1.1,-8.700328028202057
Joe Ingles,2025,-1.567974090576172,37,2024,-0.5,-2.067974090576172
Joe Ingles,2026,-1.626203536987305,38,2024,-0.5,-3.694177627563477
Joe Ingles,2027,-1.6294689774513245,39,2024,-0.5,-5.323646605014801
Joe Ingles,2028,-1.6500315070152285,40,2024,-0.5,-6.973678112030029
Joe Ingles,2029,-1.665448933839798,41,2024,-0.5,-8.639127045869827
Joel Embiid,2025,-0.0462004095315933,30,2024,11.6,11.553799590468406
Joel Embiid,2026,-0.3008711785078048,31,2024,11.6,11.252928411960601
Joel Embiid,2027,-0.3275561034679413,32,2024,11.6,10.92537230849266
Joel Embiid,2028,-0.4076023201147715,33,2024,11.6,10.51776998837789
Joel Embiid,2029,-0.4945431773861249,34,2024,11.6,10.023226810991764
John Collins,2025,-0.2760490477085113,27,2024,-0.9,-1.1760490477085113
John Collins,2026,-0.6105822026729584,28,2024,-0.9,-1.7866312503814696
John Collins,2027,-0.6413025259971619,29,2024,-0.9,-2.4279337763786315
John Collins,2028,-0.7451492746671041,30,2024,-0.9,-3.1730830510457357
John Collins,2029,-0.8179301569859186,31,2024,-0.9,-3.9910132080316543
John Wall,2024,-0.9188515543937684,33,2023,-1.2,-2.1188515543937685
John Wall,2025,-0.954102337360382,34,2023,-1.2,-3.0729538917541506
John Wall,2026,-0.9866169095039368,35,2023,-1.2,-4.059570801258087
John Wall,2027,-1.052156627178192,36,2023,-1.2,-5.1117274284362795
John Wall,2028,-1.1052147448062897,37,2023,-1.2,-6.216942173242569
Jonas Valanciunas,2025,-1.393940806388855,32,2024,1.2,-0.19394080638885502
Jonas Valanciunas,2026,-1.4992188215255735,33,2024,1.2,-1.6931596279144288
Jonas Valanciunas,2027,-1.5271000862121582,34,2024,1.2,-3.2202597141265867
Jonas Valanciunas,2028,-1.5718158880869548,35,2024,1.2,-4.792075602213542
Jonas Valanciunas,2029,-1.6102910538514454,36,2024,1.2,-6.402366656064987
Jordan Clarkson,2025,-1.514847755432129,32,2024,-4.5,-6.014847755432129
Jordan Clarkson,2026,-1.6010196208953855,33,2024,-4.5,-7.615867376327515
Jordan Clarkson,2027,-1.6155157089233398,34,2024,-4.5,-9.231383085250854
Jordan Clarkson,2028,-1.640168269475301,35,2024,-4.5,-10.871551354726154
Jordan Clarkson,2029,-1.6701329747835796,36,2024,-4.5,-12.541684329509735
Josh Hart,2025,-0.51283860206604,29,2024,0.0,-0.51283860206604
Josh Hart,2026,-0.6953551769256592,30,2024,0.0,-1.2081937789916992
Josh Hart,2027,-0.7551806271076202,31,2024,0.0,-1.9633744060993195
Josh Hart,2028,-0.8956074416637421,32,2024,0.0,-2.8589818477630615
Josh Hart,2029,-0.992553174495697,33,2024,0.0,-3.8515350222587585
Josh Okogie,2025,0.2167873382568359,26,2024,-0.5,-0.28321266174316406
Josh Okogie,2026,-0.1267074346542358,27,2024,-0.5,-0.4099200963973999
Josh Okogie,2027,-0.1676748245954513,28,2024,-0.5,-0.5775949209928513
Josh Okogie,2028,-0.297254279255867,29,2024,-0.5,-0.8748492002487183
Josh Okogie,2029,-0.4723345637321472,30,2024,-0.5,-1.3471837639808655
Josh Richardson,2025,-0.9490376710891724,31,2024,-1.3,-2.249037671089172
Josh Richardson,2026,-1.0391993522644043,32,2024,-1.3,-3.2882370233535765
Josh Richardson,2027,-1.055512934923172,33,2024,-1.3,-4.3437499582767485
Josh Richardson,2028,-1.073120524485906,34,2024,-1.3,-5.416870482762654
Josh Richardson,2029,-1.1189824889103572,35,2024,-1.3,-6.535852971673012
Jrue Holiday,2025,-1.7450464963912964,34,2024,2.1,0.3549535036087037
Jrue Holiday,2026,-1.8012601137161257,35,2024,2.1,-1.4463066101074218
Jrue Holiday,2027,-1.80939781665802,36,2024,2.1,-3.255704426765442
Jrue Holiday,2028,-1.8328420718510945,37,2024,2.1,-5.088546498616536
Jrue Holiday,2029,-1.8541821936766307,38,2024,2.1,-6.9427286922931675
Juancho Hernangomez,2024,-0.3227275609970093,28,2023,-3.3,-3.622727560997009
Juancho Hernangomez,2025,-0.4749165773391723,29,2023,-3.3,-4.0976441383361815
Juancho Hernangomez,2026,-0.5267837792634964,30,2023,-3.3,-4.624427917599678
Juancho Hernangomez,2027,-0.6082268208265305,31,2023,-3.3,-5.232654738426208
Juancho Hernangomez,2028,-0.6734519973397255,32,2023,-3.3,-5.906106735765934
Julius Randle,2025,0.2018109560012817,30,2024,1.9,2.1018109560012816
Julius Randle,2026,-0.1511649489402771,31,2024,1.9,1.9506460070610045
Julius Randle,2027,-0.1640789732336998,32,2024,1.9,1.7865670338273048
Julius Randle,2028,-0.3054108594854672,33,2024,1.9,1.4811561743418376
Julius Randle,2029,-0.4070387283960978,34,2024,1.9,1.0741174459457397
Justin Holiday,2025,-1.201313018798828,35,2024,-1.6,-2.8013130187988278
Justin Holiday,2026,-1.3049235343933103,36,2024,-1.6,-4.106236553192138
Justin Holiday,2027,-1.3269557356834412,37,2024,-1.6,-5.4331922888755795
Justin Holiday,2028,-1.3737399379412334,38,2024,-1.6,-6.806932226816812
Justin Holiday,2029,-1.4107177158196766,39,2024,-1.6,-8.21764994263649
Jusuf Nurkic,2025,-0.1661982387304306,30,2024,1.1,0.9338017612695695
Jusuf Nurkic,2026,-0.5284940153360367,31,2024,1.1,0.4053077459335328
Jusuf Nurkic,2027,-0.5130477249622345,32,2024,1.1,-0.1077399790287017
Jusuf Nurkic,2028,-0.64028732975324,33,2024,1.1,-0.7480273087819418
Jusuf Nurkic,2029,-0.7254301259915034,34,2024,1.1,-1.473457434773445
Karl-Anthony Towns,2025,-0.8478119373321533,29,2024,2.5,1.6521880626678467
Karl-Anthony Towns,2026,-1.1726250648498535,30,2024,2.5,0.47956299781799316
Karl-Anthony Towns,2027,-1.21034437417984,31,2024,2.5,-0.7307813763618469
Karl-Anthony Towns,2028,-1.331588129202525,32,2024,2.5,-2.062369505564372
Karl-Anthony Towns,2029,-1.431150217851003,33,2024,2.5,-3.4935197234153748
Kawhi Leonard,2025,-0.224051833152771,33,2024,5.5,5.275948166847229
Kawhi Leonard,2026,-0.5635323524475098,34,2024,5.5,4.712415814399719
Kawhi Leonard,2027,-0.6879159808158875,35,2024,5.5,4.024499833583832
Kawhi Leonard,2028,-0.8511026899019877,36,2024,5.5,3.1733971436818442
Kawhi Leonard,2029,-0.950922374924024,37,2024,5.5,2.22247476875782
Keita Bates-Diop,2025,-0.6774957180023193,29,2024,-1.0,-1.6774957180023193
Keita Bates-Diop,2026,-0.8392094373703003,30,2024,-1.0,-2.5167051553726196
Keita Bates-Diop,2027,-0.8865394592285156,31,2024,-1.0,-3.4032446146011353
Keita Bates-Diop,2028,-0.97703222433726,32,2024,-1.0,-4.3802768389383955
Keita Bates-Diop,2029,-1.0557581682999928,33,2024,-1.0,-5.436035007238388
Kelly Olynyk,2025,0.420104444026947,33,2024,1.8,2.220104444026947
Kelly Olynyk,2026,0.2798565030097961,34,2024,1.8,2.499960947036743
Kelly Olynyk,2027,0.2141950726509094,35,2024,1.8,2.7141560196876524
Kelly Olynyk,2028,0.1061407128969828,36,2024,1.8,2.8202967325846355
Kelly Olynyk,2029,-1.1729697386421434e-05,37,2024,1.8,2.820285002887249
Kelly Oubre Jr.,2025,-1.349191665649414,29,2024,-2.3,-3.649191665649414
Kelly Oubre Jr.,2026,-1.4166502952575684,30,2024,-2.3,-5.065841960906982
Kelly Oubre Jr.,2027,-1.4249275922775269,31,2024,-2.3,-6.490769553184509
Kelly Oubre Jr.,2028,-1.4426415363947551,32,2024,-2.3,-7.933411089579264
Kelly Oubre Jr.,2029,-1.4681223233540852,33,2024,-2.3,-9.40153341293335
Kenrich Williams,2025,-0.1560615748167038,30,2024,-0.8,-0.9560615748167038
Kenrich Williams,2026,-0.3684761673212051,31,2024,-0.8,-1.324537742137909
Kenrich Williams,2027,-0.493838682770729,32,2024,-0.8,-1.818376424908638
Kenrich Williams,2028,-0.6179179002841314,33,2024,-0.8,-2.43629432519277
Kenrich Williams,2029,-0.7304476077357928,34,2024,-0.8,-3.166741932928562
Kentavious Caldwell-Pope,2025,-1.2655287981033323,31,2024,-1.4,-2.665528798103332
Kentavious Caldwell-Pope,2026,-1.3526381254196167,32,2024,-1.4,-4.01816692352295
Kentavious Caldwell-Pope,2027,-1.370078682899475,33,2024,-1.4,-5.388245606422425
Kentavious Caldwell-Pope,2028,-1.4171018997828166,34,2024,-1.4,-6.805347506205241
Kentavious Caldwell-Pope,2029,-1.4502711494763691,35,2024,-1.4,-8.25561865568161
Kevin Durant,2025,-1.4020752906799316,36,2024,4.0,2.5979247093200684
Kevin Durant,2026,-1.4915897846221924,37,2024,4.0,1.106334924697876
Kevin Durant,2027,-1.501883089542389,38,2024,4.0,-0.39554816484451294
Kevin Durant,2028,-1.5337209900220234,39,2024,4.0,-1.9292691548665362
Kevin Durant,2029,-1.5651071468989055,40,2024,4.0,-3.494376301765442
Kevin Huerter,2025,0.7265593409538269,26,2024,-0.8,-0.07344065904617314
Kevin Huerter,2026,0.5756437182426453,27,2024,-0.8,0.5022030591964721
Kevin Huerter,2027,0.5430721640586853,28,2024,-0.8,1.0452752232551574
Kevin Huerter,2028,0.4484375119209289,29,2024,-0.8,1.4937127351760864
Kevin Huerter,2029,0.3559614196419716,30,2024,-0.8,1.849674154818058
Kevin Knox,2025,0.13856041431427,25,2024,-4.6,-4.46143958568573
Kevin Knox,2026,-0.0935405492782592,26,2024,-4.6,-4.554980134963989
Kevin Knox,2027,-0.1145456284284591,27,2024,-4.6,-4.669525763392448
Kevin Knox,2028,-0.2197974473237991,28,2024,-4.6,-4.889323210716247
Kevin Knox,2029,-0.3298281580209732,29,2024,-4.6,-5.21915136873722
Kevin Love,2025,-0.375866562128067,36,2024,3.6,3.224133437871933
Kevin Love,2026,-0.6685157716274261,37,2024,3.6,2.555617666244507
Kevin Love,2027,-0.6983045637607574,38,2024,3.6,1.8573131024837495
Kevin Love,2028,-0.7605253159999847,39,2024,3.6,1.0967877864837647
Kevin Love,2029,-0.8374850004911423,40,2024,3.6,0.25930278599262246
Kevon Looney,2025,-0.3688094615936279,28,2024,0.6,0.2311905384063721
Kevon Looney,2026,-0.5903637409210205,29,2024,0.6,-0.35917320251464846
Kevon Looney,2027,-0.5524650812149048,30,2024,0.6,-0.9116382837295532
Kevon Looney,2028,-0.6367009083429972,31,2024,0.6,-1.5483391920725502
Kevon Looney,2029,-0.7457875808080038,32,2024,0.6,-2.294126772880554
Khris Middleton,2025,-0.6167595982551575,33,2024,1.1,0.4832404017448426
Khris Middleton,2026,-0.7177013754844666,34,2024,1.1,-0.23446097373962393
Khris Middleton,2027,-0.7783138155937195,35,2024,1.1,-1.0127747893333434
Khris Middleton,2028,-0.8531976342201233,36,2024,1.1,-1.8659724235534667
Khris Middleton,2029,-0.9378040581941604,37,2024,1.1,-2.803776481747627
Klay Thompson,2025,-1.8849639892578125,34,2024,-0.4,-2.2849639892578124
Klay Thompson,2026,-1.941770315170288,35,2024,-0.4,-4.226734304428101
Klay Thompson,2027,-1.9546758532524109,36,2024,-0.4,-6.181410157680512
Klay Thompson,2028,-1.9658793409665425,37,2024,-0.4,-8.147289498647053
Klay Thompson,2029,-1.9775744179884596,38,2024,-0.4,-10.124863916635514
Kristaps Porzingis,2025,-0.3318598866462707,29,2024,5.1,4.768140113353729
Kristaps Porzingis,2026,-0.5760204195976257,30,2024,5.1,4.192119693756103
Kristaps Porzingis,2027,-0.6271522045135498,31,2024,5.1,3.5649674892425534
Kristaps Porzingis,2028,-0.756976048151652,32,2024,5.1,2.8079914410909015
Kristaps Porzingis,2029,-0.8626634528239568,33,2024,5.1,1.9453279882669445
Kyle Anderson,2025,-1.1799968481063845,31,2024,1.1,-0.07999684810638441
Kyle Anderson,2026,-1.2566169500350952,32,2024,1.1,-1.3366137981414794
Kyle Anderson,2027,-1.265239655971527,33,2024,1.1,-2.6018534541130065
Kyle Anderson,2028,-1.2935511072476704,34,2024,1.1,-3.8954045613606767
Kyle Anderson,2029,-1.3206452826658883,35,2024,1.1,-5.216049844026566
Kyle Kuzma,2025,0.1745310127735138,29,2024,-1.1,-0.9254689872264863
Kyle Kuzma,2026,0.006073385477066,30,2024,-1.1,-0.9193956017494203
Kyle Kuzma,2027,0.018241211771965,31,2024,-1.1,-0.9011543899774552
Kyle Kuzma,2028,-0.0915053139130274,32,2024,-1.1,-0.9926597038904826
Kyle Kuzma,2029,-0.1952764441569646,33,2024,-1.1,-1.1879361480474473
Kyle Lowry,2025,-1.4184449911117554,38,2024,-1.0,-2.4184449911117554
Kyle Lowry,2026,-1.4935001134872437,39,2024,-1.0,-3.911945104598999
Kyle Lowry,2027,-1.511116445064545,40,2024,-1.0,-5.423061549663544
Kyle Lowry,2028,-1.540991763273875,41,2024,-1.0,-6.964053312937419
Kyle Lowry,2029,-1.5704729755719502,42,2024,-1.0,-8.534526288509369
Kyrie Irving,2025,-0.7406354546546936,32,2024,4.9,4.159364545345307
Kyrie Irving,2026,-0.9726555943489076,33,2024,4.9,3.1867089509963993
Kyrie Irving,2027,-1.028039664030075,34,2024,4.9,2.158669286966324
Kyrie Irving,2028,-1.114636888106664,35,2024,4.9,1.0440323988596605
Kyrie Irving,2029,-1.162790949145953,36,2024,4.9,-0.11875855028629267
Landry Shamet,2025,-1.0650303363800049,27,2024,-4.0,-5.065030336380005
Landry Shamet,2026,-1.2062668800354004,28,2024,-4.0,-6.271297216415405
Landry Shamet,2027,-1.2381443977355957,29,2024,-4.0,-7.509441614151001
Landry Shamet,2028,-1.2786258856455486,30,2024,-4.0,-8.78806749979655
Landry Shamet,2029,-1.3291017611821492,31,2024,-4.0,-10.117169260978699
Larry Nance Jr.,2025,-1.3235567808151243,32,2024,2.0,0.6764432191848757
Larry Nance Jr.,2026,-1.432928442955017,33,2024,2.0,-0.7564852237701416
Larry Nance Jr.,2027,-1.4410039782524109,34,2024,2.0,-2.1974892020225525
Larry Nance Jr.,2028,-1.479675034681956,35,2024,2.0,-3.6771642367045088
Larry Nance Jr.,2029,-1.5116993685563405,36,2024,2.0,-5.188863605260849
Lauri Markkanen,2025,0.7251771688461304,27,2024,3.6,4.32517716884613
Lauri Markkanen,2026,0.5480353832244873,28,2024,3.6,4.873212552070617
Lauri Markkanen,2027,0.50332972407341,29,2024,3.6,5.376542276144027
Lauri Markkanen,2028,0.4209790925184886,30,2024,3.6,5.797521368662516
Lauri Markkanen,2029,0.2533090834816296,31,2024,3.6,6.050830452144146
LeBron James,2025,-1.3243472576141355,40,2024,6.5,5.175652742385864
LeBron James,2026,-1.428760290145874,41,2024,6.5,3.7468924522399902
LeBron James,2027,-1.4408143162727356,42,2024,6.5,2.3060781359672546
LeBron James,2028,-1.4824427167574563,43,2024,6.5,0.8236354192097988
LeBron James,2029,-1.525093932946523,44,2024,6.5,-0.701458513736724
Luka Doncic,2025,-0.4163153767585754,25,2024,9.9,9.483684623241425
Luka Doncic,2026,-0.6600901484489441,26,2024,9.9,8.82359447479248
Luka Doncic,2027,-0.7159859240055084,27,2024,9.9,8.107608550786972
Luka Doncic,2028,-0.8342670698960623,28,2024,9.9,7.27334148089091
Luka Doncic,2029,-0.9569893876711528,29,2024,9.9,6.316352093219757
Luke Kennard,2025,-0.0482580363750457,28,2024,-0.3,-0.3482580363750457
Luke Kennard,2026,-0.3495466113090515,29,2024,-0.3,-0.6978046476840972
Luke Kennard,2027,-0.3704249188303947,30,2024,-0.3,-1.0682295665144919
Luke Kennard,2028,-0.4522240733106931,31,2024,-0.3,-1.520453639825185
Luke Kennard,2029,-0.54246777916948,32,2024,-0.3,-2.062921418994665
Malcolm Brogdon,2025,-1.524242639541626,32,2024,2.0,0.475757360458374
Malcolm Brogdon,2026,-1.6006574630737305,33,2024,2.0,-1.1249001026153564
Malcolm Brogdon,2027,-1.6121483445167542,34,2024,2.0,-2.7370484471321106
Malcolm Brogdon,2028,-1.643219490845998,35,2024,2.0,-4.380267937978108
Malcolm Brogdon,2029,-1.6618304948012037,36,2024,2.0,-6.042098432779312
Malik Beasley,2025,-1.4605189561843872,28,2024,-1.8,-3.260518956184387
Malik Beasley,2026,-1.5329099893569946,29,2024,-1.8,-4.793428945541382
Malik Beasley,2027,-1.556120216846466,30,2024,-1.8,-6.349549162387848
Malik Beasley,2028,-1.5793208479881289,31,2024,-1.8,-7.928870010375976
Malik Beasley,2029,-1.6046127080917358,32,2024,-1.8,-9.533482718467713
Malik Monk,2025,0.7955297231674194,26,2024,0.6,1.3955297231674195
Malik Monk,2026,0.6504224538803101,27,2024,0.6,2.0459521770477296
Malik Monk,2027,0.6221697330474854,28,2024,0.6,2.668121910095215
Malik Monk,2028,0.5603156884511312,29,2024,0.6,3.2284375985463463
Malik Monk,2029,0.4529240156213442,30,2024,0.6,3.6813616141676904
Marcus Morris,2025,-1.1702585220336914,35,2024,-3.8,-4.970258522033691
Marcus Morris,2026,-1.257068395614624,36,2024,-3.8,-6.227326917648315
Marcus Morris,2027,-1.26354718208313,37,2024,-3.8,-7.490874099731445
Marcus Morris,2028,-1.2991282145182292,38,2024,-3.8,-8.790002314249675
Marcus Morris,2029,-1.3288756211598711,39,2024,-3.8,-10.118877935409547
Marcus Smart,2024,-0.6411161422729492,29,2023,-1.0,-1.6411161422729492
Marcus Smart,2025,-0.8112128973007202,30,2023,-1.0,-2.4523290395736694
Marcus Smart,2026,-0.8373318910598755,31,2023,-1.0,-3.289660930633545
Marcus Smart,2027,-0.9314979712168376,32,2023,-1.0,-4.221158901850383
Marcus Smart,2028,-1.0032676210006075,33,2023,-1.0,-5.22442652285099
Markieff Morris,2024,-1.3382608890533447,34,2023,-2.7,-4.038260889053345
Markieff Morris,2025,-1.4714124202728271,35,2023,-2.7,-5.509673309326172
Markieff Morris,2026,-1.4784632921218872,36,2023,-2.7,-6.988136601448059
Markieff Morris,2027,-1.5263548294703166,37,2023,-2.7,-8.514491430918376
Markieff Morris,2028,-1.5541266699632008,38,2023,-2.7,-10.068618100881576
Mason Plumlee,2025,-1.357135534286499,34,2024,-0.8,-2.157135534286499
Mason Plumlee,2026,-1.453376054763794,35,2024,-0.8,-3.610511589050293
Mason Plumlee,2027,-1.4663039445877075,36,2024,-0.8,-5.076815533638
Mason Plumlee,2028,-1.4894883235295613,37,2024,-0.8,-6.566303857167561
Mason Plumlee,2029,-1.517882476250331,38,2024,-0.8,-8.084186333417893
Matthew Dellavedova,2024,-1.017836570739746,33,2023,-5.2,-6.217836570739746
Matthew Dellavedova,2025,-1.124281406402588,34,2023,-5.2,-7.342117977142334
Matthew Dellavedova,2026,-1.1526578664779663,35,2023,-5.2,-8.4947758436203
Matthew Dellavedova,2027,-1.210156242052714,36,2023,-5.2,-9.704932085673015
Matthew Dellavedova,2028,-1.2602376242478688,37,2023,-5.2,-10.965169709920882
Maxi Kleber,2025,-0.4139812290668487,33,2024,-1.3,-1.7139812290668488
Maxi Kleber,2026,-0.6811206042766571,34,2024,-1.3,-2.3951018333435057
Maxi Kleber,2027,-0.6971883177757263,35,2024,-1.3,-3.092290151119232
Maxi Kleber,2028,-0.8087839086850485,36,2024,-1.3,-3.901074059804281
Maxi Kleber,2029,-0.907109002272288,37,2024,-1.3,-4.808183062076568
Mikal Bridges,2025,-0.7530781030654907,28,2024,-0.4,-1.1530781030654906
Mikal Bridges,2026,-0.8139655590057373,29,2024,-0.4,-1.967043662071228
Mikal Bridges,2027,-0.7975176870822906,30,2024,-0.4,-2.7645613491535186
Mikal Bridges,2028,-0.7929382820924123,31,2024,-0.4,-3.557499631245931
Mikal Bridges,2029,-0.8207447330156962,32,2024,-0.4,-4.3782443642616276
Mike Conley,2025,-1.6045129299163818,37,2024,3.4,1.795487070083618
Mike Conley,2026,-1.7059814929962158,38,2024,3.4,0.08950557708740225
Mike Conley,2027,-1.7125769257545471,39,2024,3.4,-1.6230713486671449
Mike Conley,2028,-1.7515040437380474,40,2024,3.4,-3.3745753924051924
Mike Conley,2029,-1.7982185085614522,41,2024,3.4,-5.172793900966644
Mike Muscala,2025,-0.9565656185150146,33,2024,-5.3,-6.2565656185150145
Mike Muscala,2026,-1.0507423877716064,34,2024,-5.3,-7.307308006286621
Mike Muscala,2027,-1.0825974941253662,35,2024,-5.3,-8.389905500411988
Mike Muscala,2028,-1.130516767501831,36,2024,-5.3,-9.520422267913819
Mike Muscala,2029,-1.1701475977897644,37,2024,-5.3,-10.690569865703583
Mitchell Robinson,2025,0.893282413482666,26,2024,0.0,0.893282413482666
Mitchell Robinson,2026,0.7546381950378418,27,2024,0.0,1.6479206085205078
Mitchell Robinson,2027,0.7373448014259338,28,2024,0.0,2.3852654099464417
Mitchell Robinson,2028,0.6535268823305765,29,2024,0.0,3.038792292277018
Mitchell Robinson,2029,0.5610034068425497,30,2024,0.0,3.599795699119568
Mo Bamba,2025,0.7510063648223877,26,2024,-1.0,-0.2489936351776123
Mo Bamba,2026,0.6629948616027832,27,2024,-1.0,0.4140012264251709
Mo Bamba,2027,0.6250647604465485,28,2024,-1.0,1.0390659868717194
Mo Bamba,2028,0.5819812715053558,29,2024,-1.0,1.6210472583770752
Mo Bamba,2029,0.5323718637228012,30,2024,-1.0,2.1534191220998764
Monte Morris,2025,-0.6758268475532532,29,2024,0.7,0.024173152446746782
Monte Morris,2026,-0.8236710429191589,30,2024,0.7,-0.7994978904724122
Monte Morris,2027,-0.8608604371547699,31,2024,0.7,-1.660358327627182
Monte Morris,2028,-0.9405730466047922,32,2024,0.7,-2.6009313742319744
Monte Morris,2029,-1.0070118357737858,33,2024,0.7,-3.60794321000576
Montrezl Harrell,2024,-0.6872846484184265,30,2023,-1.3,-1.9872846484184266
Montrezl Harrell,2025,-0.9121549725532532,31,2023,-1.3,-2.8994396209716795
Montrezl Harrell,2026,-0.9398658573627472,32,2023,-1.3,-3.8393054783344267
Montrezl Harrell,2027,-1.0011857052644093,33,2023,-1.3,-4.840491183598836
Montrezl Harrell,2028,-1.0630870411793392,34,2023,-1.3,-5.903578224778175
Moritz Wagner,2025,0.2634597420692444,27,2024,2.0,2.2634597420692444
Moritz Wagner,2026,0.013675034046173,28,2024,2.0,2.2771347761154175
Moritz Wagner,2027,0.0199576020240783,29,2024,2.0,2.297092378139496
Moritz Wagner,2028,-0.061717132727305,30,2024,2.0,2.2353752454121905
Moritz Wagner,2029,-0.1546085675557454,31,2024,2.0,2.0807666778564453
Myles Turner,2025,-0.2178958356380462,28,2024,0.9,0.6821041643619539
Myles Turner,2026,-0.2741719186306,29,2024,0.9,0.40793224573135384
Myles Turner,2027,-0.2792608588933944,30,2024,0.9,0.12867138683795942
Myles Turner,2028,-0.3066185663143794,31,2024,0.9,-0.17794717947641991
Myles Turner,2029,-0.3851315652330716,32,2024,0.9,-0.5630787447094915
Nicolas Batum,2025,-1.1806350946426392,36,2024,-0.4,-1.580635094642639
Nicolas Batum,2026,-1.3773797750473022,37,2024,-0.4,-2.9580148696899413
Nicolas Batum,2027,-1.377411961555481,38,2024,-0.4,-4.335426831245423
Nicolas Batum,2028,-1.4377861420313518,39,2024,-0.4,-5.773212973276775
Nicolas Batum,2029,-1.4967625041802723,40,2024,-0.4,-7.269975477457047
Nikola Jokic,2025,-0.5983127355575562,29,2024,13.2,12.601687264442443
Nikola Jokic,2026,-0.8040796518325806,30,2024,13.2,11.797607612609863
Nikola Jokic,2027,-0.8593461215496063,31,2024,13.2,10.938261491060256
Nikola Jokic,2028,-0.966221203406652,32,2024,13.2,9.972040287653604
Nikola Jokic,2029,-1.0571511934200923,33,2024,13.2,8.914889094233512
Nikola Vucevic,2025,-1.4687659740447998,34,2024,0.1,-1.3687659740447997
Nikola Vucevic,2026,-1.5950582027435305,35,2024,0.1,-2.96382417678833
Nikola Vucevic,2027,-1.6327574253082275,36,2024,0.1,-4.596581602096558
Nikola Vucevic,2028,-1.67487629254659,37,2024,0.1,-6.271457894643148
Nikola Vucevic,2029,-1.7170659999052684,38,2024,0.1,-7.9885238945484165
Norman Powell,2025,-0.6150962710380554,31,2024,-0.8,-1.4150962710380555
Norman Powell,2026,-0.8254972100257874,32,2024,-0.8,-2.2405934810638426
Norman Powell,2027,-0.8845909833908081,33,2024,-0.8,-3.1251844644546507
Norman Powell,2028,-0.9938913583755492,34,2024,-0.8,-4.1190758228302
Norman Powell,2029,-1.0945418030023577,35,2024,-0.8,-5.2136176258325575
OG Anunoby,2025,-0.5611975193023682,27,2024,-0.6,-1.1611975193023683
OG Anunoby,2026,-0.6566534042358398,28,2024,-0.6,-1.817850923538208
OG Anunoby,2027,-0.7187283039093018,29,2024,-0.6,-2.53657922744751
OG Anunoby,2028,-0.774804433186849,30,2024,-0.6,-3.311383660634359
OG Anunoby,2029,-0.8415890137354533,31,2024,-0.6,-4.152972674369812
P.J. Tucker,2025,-1.3953750133514404,39,2024,-3.6,-4.99537501335144
P.J. Tucker,2026,-1.4379961490631104,40,2024,-3.6,-6.43337116241455
P.J. Tucker,2027,-1.4509745836257937,41,2024,-3.6,-7.884345746040344
P.J. Tucker,2028,-1.463918725649516,42,2024,-3.6,-9.34826447168986
P.J. Tucker,2029,-1.4840786357720692,43,2024,-3.6,-10.832343107461929
Pascal Siakam,2025,-0.7742705345153809,30,2024,1.9,1.125729465484619
Pascal Siakam,2026,-0.9158425331115724,31,2024,1.9,0.2098869323730468
Pascal Siakam,2027,-0.9646522998809814,32,2024,1.9,-0.7547653675079347
Pascal Siakam,2028,-1.0299742221832275,33,2024,1.9,-1.7847395896911622
Pascal Siakam,2029,-1.0898739397525787,34,2024,1.9,-2.874613529443741
Pat Connaughton,2025,-1.3886868953704834,32,2024,-1.6,-2.9886868953704835
Pat Connaughton,2026,-1.461399793624878,33,2024,-1.6,-4.450086688995361
Pat Connaughton,2027,-1.4636245965957642,34,2024,-1.6,-5.913711285591125
Pat Connaughton,2028,-1.486722509066264,35,2024,-1.6,-7.40043379465739
Pat Connaughton,2029,-1.505899985631307,36,2024,-1.6,-8.906333780288696
Patrick Beverley,2025,-1.2517822980880735,36,2024,-1.1,-2.3517822980880734
Patrick Beverley,2026,-1.3272637128829956,37,2024,-1.1,-3.6790460109710694
Patrick Beverley,2027,-1.339235246181488,38,2024,-1.1,-5.018281257152557
Patrick Beverley,2028,-1.370337466398875,39,2024,-1.1,-6.388618723551433
Patrick Beverley,2029,-1.3971347411473591,40,2024,-1.1,-7.785753464698791
Patty Mills,2025,-1.63102388381958,36,2024,-4.6,-6.23102388381958
Patty Mills,2026,-1.6806039810180664,37,2024,-4.6,-7.911627864837646
Patty Mills,2027,-1.6923533082008362,38,2024,-4.6,-9.603981173038482
Patty Mills,2028,-1.710414985815684,39,2024,-4.6,-11.314396158854166
Patty Mills,2029,-1.735117753346761,40,2024,-4.6,-13.049513912200927
Paul George,2025,-1.6579911708831787,34,2024,3.2,1.5420088291168215
Paul George,2026,-1.7226569652557373,35,2024,3.2,-0.18064813613891584
Paul George,2027,-1.7479676008224487,36,2024,3.2,-1.9286157369613646
Paul George,2028,-1.7873429854710896,37,2024,3.2,-3.715958722432454
Paul George,2029,-1.8169246117273967,38,2024,3.2,-5.532883334159851
Raul Neto,2024,-0.6404119729995728,31,2023,-0.2,-0.8404119729995727
Raul Neto,2025,-0.8737647533416748,32,2023,-0.2,-1.7141767263412475
Raul Neto,2026,-0.8831946551799774,33,2023,-0.2,-2.597371381521225
Raul Neto,2027,-0.9606464604536692,34,2023,-0.2,-3.5580178419748942
Raul Neto,2028,-1.0424186637004216,35,2023,-0.2,-4.600436505675316
Reggie Bullock,2025,-0.7566936016082764,33,2024,-2.4,-3.1566936016082763
Reggie Bullock,2026,-0.93710196018219,34,2024,-2.4,-4.093795561790467
Reggie Bullock,2027,-0.9286563396453856,35,2024,-2.4,-5.022451901435852
Reggie Bullock,2028,-0.982031226158142,36,2024,-2.4,-6.0044831275939945
Reggie Bullock,2029,-1.0366970598697662,37,2024,-2.4,-7.041180187463761
Reggie Jackson,2025,-0.8340718746185303,34,2024,-3.2,-4.0340718746185305
Reggie Jackson,2026,-1.0397197008132937,35,2024,-3.2,-5.073791575431824
Reggie Jackson,2027,-1.045527845621109,36,2024,-3.2,-6.119319421052933
Reggie Jackson,2028,-1.1380527516206105,37,2024,-3.2,-7.257372172673543
Reggie Jackson,2029,-1.207209641734759,38,2024,-3.2,-8.464581814408302
Richaun Holmes,2025,-0.7789405584335327,31,2024,-3.3,-4.0789405584335325
Richaun Holmes,2026,-0.8756948709487915,32,2024,-3.3,-4.954635429382324
Richaun Holmes,2027,-0.9144247770309448,33,2024,-3.3,-5.869060206413269
Richaun Holmes,2028,-0.9688467582066854,34,2024,-3.3,-6.837906964619954
Richaun Holmes,2029,-1.0063150922457378,35,2024,-3.3,-7.844222056865692
Ricky Rubio,2024,-0.5290831327438354,33,2023,-2.8,-3.3290831327438353
Ricky Rubio,2025,-0.7376319169998169,34,2023,-2.8,-4.066715049743652
Ricky Rubio,2026,-0.7912639081478119,35,2023,-2.8,-4.857978957891464
Ricky Rubio,2027,-0.8686570227146149,36,2023,-2.8,-5.726635980606079
Ricky Rubio,2028,-0.9486017227172852,37,2023,-2.8,-6.675237703323364
Robert Covington,2024,-0.1233506649732589,33,2023,1.7,1.576649335026741
Robert Covington,2025,-0.3678464740514755,34,2023,1.7,1.2088028609752655
Robert Covington,2026,-0.461333267390728,35,2023,1.7,0.7474695935845375
Robert Covington,2027,-0.5623504295945168,36,2023,1.7,0.1851191639900207
Robert Covington,2028,-0.6816282756626606,37,2023,1.7,-0.4965091116726399
Robin Lopez,2024,-0.8144878149032593,35,2023,-3.0,-3.8144878149032593
Robin Lopez,2025,-0.9485607147216796,36,2023,-3.0,-4.763048529624939
Robin Lopez,2026,-0.9321435391902924,37,2023,-3.0,-5.695192068815231
Robin Lopez,2027,-1.0016901791095734,38,2023,-3.0,-6.696882247924805
Robin Lopez,2028,-1.0668151378631592,39,2023,-3.0,-7.763697385787964
Royce O'Neale,2025,-1.1809251308441162,31,2024,0.0,-1.1809251308441162
Royce O'Neale,2026,-1.2846474647521973,32,2024,0.0,-2.4655725955963135
Royce O'Neale,2027,-1.3019502758979795,33,2024,0.0,-3.767522871494293
Royce O'Neale,2028,-1.3487244645754497,34,2024,0.0,-5.116247336069743
Royce O'Neale,2029,-1.387320806582769,35,2024,0.0,-6.503568142652512
Rudy Gay,2024,-1.6003379821777344,37,2023,-4.0,-5.600337982177734
Rudy Gay,2025,-1.6701903343200684,38,2023,-4.0,-7.270528316497803
Rudy Gay,2026,-1.6845792531967163,39,2023,-4.0,-8.955107569694519
Rudy Gay,2027,-1.7028989394505818,40,2023,-4.0,-10.6580065091451
Rudy Gay,2028,-1.719120095173518,41,2023,-4.0,-12.377126604318619
Rudy Gobert,2025,-1.1104915142059326,32,2024,1.8,0.6895084857940674
Rudy Gobert,2026,-1.275994062423706,33,2024,1.8,-0.5864855766296386
Rudy Gobert,2027,-1.3039264678955078,34,2024,1.8,-1.8904120445251464
Rudy Gobert,2028,-1.3791022300720217,35,2024,1.8,-3.269514274597168
Rudy Gobert,2029,-1.4418281018733978,36,2024,1.8,-4.711342376470566
Russell Westbrook,2025,-0.7083349823951721,36,2024,0.5,-0.20833498239517212
Russell Westbrook,2026,-0.9560829997062684,37,2024,0.5,-1.1644179821014404
Russell Westbrook,2027,-0.9591128826141356,38,2024,0.5,-2.123530864715576
Russell Westbrook,2028,-1.032419204711914,39,2024,0.5,-3.1559500694274902
Russell Westbrook,2029,-1.084785670042038,40,2024,0.5,-4.240735739469528
Seth Curry,2025,-1.4498469829559326,34,2024,-3.3,-4.749846982955932
Seth Curry,2026,-1.5272042751312256,35,2024,-3.3,-6.277051258087158
Seth Curry,2027,-1.539546251296997,36,2024,-3.3,-7.816597509384155
Seth Curry,2028,-1.577492634455363,37,2024,-3.3,-9.394090143839518
Seth Curry,2029,-1.6121919949849446,38,2024,-3.3,-11.006282138824464
Shai Gilgeous-Alexander,2025,0.6727333664894104,26,2024,9.0,9.67273336648941
Shai Gilgeous-Alexander,2026,0.6019987463951111,27,2024,9.0,10.274732112884521
Shai Gilgeous-Alexander,2027,0.5616204738616943,28,2024,9.0,10.836352586746216
Shai Gilgeous-Alexander,2028,0.51188858350118,29,2024,9.0,11.348241170247396
Shai Gilgeous-Alexander,2029,0.443507211903731,30,2024,9.0,11.791748382151127
Spencer Dinwiddie,2025,-1.09305739402771,31,2024,-1.9,-2.99305739402771
Spencer Dinwiddie,2026,-1.1967277526855469,32,2024,-1.9,-4.189785146713257
Spencer Dinwiddie,2027,-1.2148290276527405,33,2024,-1.9,-5.404614174365998
Spencer Dinwiddie,2028,-1.2408909996350606,34,2024,-1.9,-6.645505174001057
Spencer Dinwiddie,2029,-1.2684795061747234,35,2024,-1.9,-7.913984680175782
Stanley Johnson,2024,0.3842800557613373,27,2023,-1.0,-0.6157199442386627
Stanley Johnson,2025,0.0846847593784332,28,2023,-1.0,-0.5310351848602295
Stanley Johnson,2026,-0.0535869747400283,29,2023,-1.0,-0.5846221596002578
Stanley Johnson,2027,-0.1381192455689112,30,2023,-1.0,-0.722741405169169
Stanley Johnson,2028,-0.2353041147192319,31,2023,-1.0,-0.9580455198884008
Stephen Curry,2025,-1.2971807718276978,36,2024,5.2,3.9028192281723024
Stephen Curry,2026,-1.4660967588424685,37,2024,5.2,2.436722469329834
Stephen Curry,2027,-1.4744728803634644,38,2024,5.2,0.9622495889663698
Stephen Curry,2028,-1.5170281330744426,39,2024,5.2,-0.554778544108073
Stephen Curry,2029,-1.56824587782224,40,2024,5.2,-2.123024421930313
Steven Adams,2024,-0.4977249503135681,30,2023,0.6,0.10227504968643186
Steven Adams,2025,-0.7041708827018738,31,2023,0.6,-0.6018958330154419
Steven Adams,2026,-0.7643989622592926,32,2023,0.6,-1.3662947952747344
Steven Adams,2027,-0.8274047076702118,33,2023,0.6,-2.193699502944946
Steven Adams,2028,-0.8964633196592331,34,2023,0.6,-3.0901628226041793
Svi Mykhailiuk,2025,-0.2187845408916473,27,2024,-1.8,-2.018784540891647
Svi Mykhailiuk,2026,-0.4025783240795135,28,2024,-1.8,-2.4213628649711607
Svi Mykhailiuk,2027,-0.4848786145448684,29,2024,-1.8,-2.906241479516029
Svi Mykhailiuk,2028,-0.5849670817454656,30,2024,-1.8,-3.4912085612614945
Svi Mykhailiuk,2029,-0.7031312162677447,31,2024,-1.8,-4.1943397775292395
T.J. McConnell,2025,-1.4983644485473633,32,2024,3.0,1.5016355514526367
T.J. McConnell,2026,-1.576365947723389,33,2024,3.0,-0.07473039627075195
T.J. McConnell,2027,-1.5998157858848572,34,2024,3.0,-1.6745461821556091
T.J. McConnell,2028,-1.6265493035316467,35,2024,3.0,-3.301095485687256
T.J. McConnell,2029,-1.6512823104858398,36,2024,3.0,-4.952377796173096
T.J. Warren,2024,-0.891235888004303,30,2023,-2.0,-2.891235888004303
T.J. Warren,2025,-1.2188565135002136,31,2023,-2.0,-4.110092401504517
T.J. Warren,2026,-1.3046268224716189,32,2023,-2.0,-5.414719223976135
T.J. Warren,2027,-1.412022630373637,33,2023,-2.0,-6.826741854349772
T.J. Warren,2028,-1.5083819230397542,34,2023,-2.0,-8.335123777389526
Taj Gibson,2024,-1.5193151235580444,38,2023,-3.2,-4.719315123558045
Taj Gibson,2025,-1.5929516553878784,39,2023,-3.2,-6.312266778945923
Taj Gibson,2026,-1.6034316420555117,40,2023,-3.2,-7.9156984210014345
Taj Gibson,2027,-1.6202533841133118,41,2023,-3.2,-9.535951805114745
Taj Gibson,2028,-1.6373355984687803,42,2023,-3.2,-11.173287403583526
Taurean Prince,2025,-0.7502627968788147,30,2024,-2.8,-3.5502627968788145
Taurean Prince,2026,-0.97456294298172,31,2024,-2.8,-4.5248257398605345
Taurean Prince,2027,-1.0233222544193268,32,2024,-2.8,-5.548147994279861
Taurean Prince,2028,-1.1036763687928517,33,2024,-2.8,-6.651824363072713
Taurean Prince,2029,-1.1993425736824672,34,2024,-2.8,-7.85116693675518
Terrence Ross,2024,-1.5792505741119385,32,2023,-2.1,-3.6792505741119386
Terrence Ross,2025,-1.631333827972412,33,2023,-2.1,-5.31058440208435
Terrence Ross,2026,-1.6384305357933044,34,2023,-2.1,-6.949014937877655
Terrence Ross,2027,-1.6812559564908345,35,2023,-2.1,-8.63027089436849
Terrence Ross,2028,-1.70993639032046,36,2023,-2.1,-10.34020728468895
Terry Rozier,2025,-1.110558271408081,30,2024,1.5,0.38944172859191895
Terry Rozier,2026,-1.2300622463226318,31,2024,1.5,-0.8406205177307129
Terry Rozier,2027,-1.2533310651779177,32,2024,1.5,-2.0939515829086304
Terry Rozier,2028,-1.3049753109614055,33,2024,1.5,-3.398926893870036
Terry Rozier,2029,-1.3651763101418812,34,2024,1.5,-4.764103204011917
Thaddeus Young,2025,-1.1052629947662354,36,2024,0.3,-0.8052629947662353
Thaddeus Young,2026,-1.1999993324279783,37,2024,0.3,-2.005262327194214
Thaddeus Young,2027,-1.2487438321113586,38,2024,0.3,-3.2540061593055727
Thaddeus Young,2028,-1.285742700099945,39,2024,0.3,-4.539748859405518
Thaddeus Young,2029,-1.3254365622997284,40,2024,0.3,-5.865185421705246
Tim Hardaway Jr.,2025,-1.482683181762695,32,2024,-2.9,-4.382683181762695
Tim Hardaway Jr.,2026,-1.6054449081420898,33,2024,-2.9,-5.9881280899047855
Tim Hardaway Jr.,2027,-1.6317522525787354,34,2024,-2.9,-7.619880342483521
Tim Hardaway Jr.,2028,-1.673203070958455,35,2024,-2.9,-9.293083413441975
Tim Hardaway Jr.,2029,-1.7125325600306194,36,2024,-2.9,-11.005615973472596
Tobias Harris,2025,-1.6028721332550049,32,2024,0.9,-0.7028721332550049
Tobias Harris,2026,-1.6780705451965332,33,2024,0.9,-2.380942678451538
Tobias Harris,2027,-1.6989529728889463,34,2024,0.9,-4.079895651340484
Tobias Harris,2028,-1.7263448437054951,35,2024,0.9,-5.806240495045979
Tobias Harris,2029,-1.743644009033839,36,2024,0.9,-7.549884504079818
Torrey Craig,2025,-1.7041165828704834,34,2024,-2.0,-3.7041165828704834
Torrey Craig,2026,-1.7874066829681396,35,2024,-2.0,-5.491523265838623
Torrey Craig,2027,-1.810988128185272,36,2024,-2.0,-7.302511394023895
Torrey Craig,2028,-1.8397172093391416,37,2024,-2.0,-9.142228603363037
Torrey Craig,2029,-1.8650642335414889,38,2024,-2.0,-11.007292836904526
Trae Young,2025,0.2905389666557312,26,2024,2.6,2.8905389666557313
Trae Young,2026,0.1318634152412414,27,2024,2.6,3.0224023818969727
Trae Young,2027,0.0862303674221038,28,2024,2.6,3.1086327493190766
Trae Young,2028,-0.0266595383485158,29,2024,2.6,3.0819732109705607
Trae Young,2029,-0.1329030791918436,30,2024,2.6,2.949070131778717
Trey Lyles,2025,-0.9214797019958496,29,2024,-1.1,-2.0214797019958497
Trey Lyles,2026,-1.2257723808288574,30,2024,-1.1,-3.247252082824707
Trey Lyles,2027,-1.2427820563316343,31,2024,-1.1,-4.490034139156341
Trey Lyles,2028,-1.329520761966705,32,2024,-1.1,-5.8195549011230465
Trey Lyles,2029,-1.4012743830680847,33,2024,-1.1,-7.220829284191131
Tristan Thompson,2025,-0.3196719884872436,33,2024,-1.4,-1.7196719884872436
Tristan Thompson,2026,-0.5598655343055725,34,2024,-1.4,-2.279537522792816
Tristan Thompson,2027,-0.6068229526281357,35,2024,-1.4,-2.8863604754209518
Tristan Thompson,2028,-0.6920899897813797,36,2024,-1.4,-3.5784504652023315
Tristan Thompson,2029,-0.7686827555298805,37,2024,-1.4,-4.347133220732212
Troy Brown Jr.,2025,0.1763031780719757,25,2024,-2.6,-2.4236968219280244
Troy Brown Jr.,2026,-0.1297598183155059,26,2024,-2.6,-2.5534566402435304
Troy Brown Jr.,2027,-0.1787200272083282,27,2024,-2.6,-2.7321766674518586
Troy Brown Jr.,2028,-0.2792124251524607,28,2024,-2.6,-3.011389092604319
Troy Brown Jr.,2029,-0.3726547447343667,29,2024,-2.6,-3.3840438373386856
Tyus Jones,2025,-0.0807162523269653,28,2024,0.7,0.6192837476730346
Tyus Jones,2026,-0.2734066247940063,29,2024,0.7,0.3458771228790284
Tyus Jones,2027,-0.3053480088710785,30,2024,0.7,0.040529114007949896
Tyus Jones,2028,-0.364604502916336,31,2024,0.7,-0.32407538890838605
Tyus Jones,2029,-0.4300608336925506,32,2024,0.7,-0.7541362226009367
Victor Oladipo,2024,-1.484838604927063,31,2023,-2.1,-3.584838604927063
Victor Oladipo,2025,-1.5358699560165403,32,2023,-2.1,-5.120708560943603
Victor Oladipo,2026,-1.57271546125412,33,2023,-2.1,-6.693424022197723
Victor Oladipo,2027,-1.6167437036832173,34,2023,-2.1,-8.310167725880941
Victor Oladipo,2028,-1.6593076090017955,35,2023,-2.1,-9.969475334882736
Wendell Carter Jr.,2025,0.6711458563804626,25,2024,0.9,1.5711458563804626
Wendell Carter Jr.,2026,0.466595709323883,26,2024,0.9,2.0377415657043456
Wendell Carter Jr.,2027,0.3961611092090606,27,2024,0.9,2.4339026749134063
Wendell Carter Jr.,2028,0.2703555524349212,28,2024,0.9,2.7042582273483275
Wendell Carter Jr.,2029,0.1357085257768631,29,2024,0.9,2.8399667531251906
Wesley Matthews,2025,-1.6823147535324097,38,2024,-2.8,-4.4823147535324095
Wesley Matthews,2026,-1.7282980680465698,39,2024,-2.8,-6.210612821578979
Wesley Matthews,2027,-1.738723874092102,40,2024,-2.8,-7.949336695671081
Wesley Matthews,2028,-1.7631090084711711,41,2024,-2.8,-9.712445704142253
Wesley Matthews,2029,-1.7852953275044758,42,2024,-2.8,-11.49774103164673
Will Barton,2024,-0.9401640892028807,33,2023,-2.6,-3.540164089202881
Will Barton,2025,-1.087648630142212,34,2023,-2.6,-4.627812719345092
Will Barton,2026,-1.1078067421913147,35,2023,-2.6,-5.735619461536407
Will Barton,2027,-1.1579446991284688,36,2023,-2.6,-6.8935641606648765
Will Barton,2028,-1.204690138498942,37,2023,-2.6,-8.098254299163818
Willy Hernangomez,2024,-1.3246400356292725,29,2023,0.3,-1.0246400356292724
Willy Hernangomez,2025,-1.4660823345184326,30,2023,0.3,-2.4907223701477053
Willy Hernangomez,2026,-1.4964025020599363,31,2023,0.3,-3.987124872207642
Willy Hernangomez,2027,-1.534946044286092,32,2023,0.3,-5.522070916493734
Willy Hernangomez,2028,-1.5878293613592784,33,2023,0.3,-7.109900277853012
Zach LaVine,2024,0.0551813244819641,28,2023,1.9,1.955181324481964
Zach LaVine,2025,-0.1614306569099426,29,2023,1.9,1.7937506675720214
Zach LaVine,2026,-0.1694076582789421,30,2023,1.9,1.6243430092930793
Zach LaVine,2027,-0.2494092856844266,31,2023,1.9,1.3749337236086527
Zach LaVine,2028,-0.3123102324704329,32,2023,1.9,1.0626234911382197
