Player,Season,Projected_VORP_diff,Last_Season,Last_VORP,Projected_VORP
Aaron Gordon,2025,-0.3820734322071075,2024,1.9,1.5179265677928924
Aaron Gordon,2026,-0.7459916770458221,2024,1.9,0.7719348907470702
Aaron Gordon,2027,-0.6667865514755249,2024,1.9,0.10514833927154532
Aaron Gordon,2028,-0.7304956515630087,2024,1.9,-0.6253473122914635
Aaron Gordon,2029,-0.7943152735630671,2024,1.9,-1.4196625858545304
Aaron Holiday,2025,-0.214343786239624,2024,0.2,-0.014343786239623985
Aaron Holiday,2026,-0.2709027230739593,2024,0.2,-0.28524650931358325
Aaron Holiday,2027,-0.2888186946511268,2024,0.2,-0.5740652039647101
Aaron Holiday,2028,-0.3188103760282199,2024,0.2,-0.89287557999293
Aaron Holiday,2029,-0.3506705549856027,2024,0.2,-1.2435461349785326
Aaron Nesmith,2025,0.0307946614921093,2024,0.8,0.8307946614921093
Aaron Nesmith,2026,0.0369274877011776,2024,0.8,0.8677221491932869
Aaron Nesmith,2027,-0.0245199762284755,2024,0.8,0.8432021729648115
Aaron Nesmith,2028,-0.0631162586311499,2024,0.8,0.7800859143336616
Aaron Nesmith,2029,-0.0973374660437305,2024,0.8,0.6827484482899311
Al Horford,2025,-0.7570619583129883,2024,2.5,1.7429380416870117
Al Horford,2026,-0.9535341262817384,2024,2.5,0.7894039154052734
Al Horford,2027,-0.952982485294342,2024,2.5,-0.1635785698890686
Al Horford,2028,-1.0143654545148213,2024,2.5,-1.1779440244038897
Al Horford,2029,-1.07269890109698,2024,2.5,-2.2506429255008698
Alec Burks,2025,0.0352723933756351,2024,-0.1,-0.06472760662436491
Alec Burks,2026,-0.1632236577570438,2024,-0.1,-0.22795126438140872
Alec Burks,2027,-0.0814598575234413,2024,-0.1,-0.30941112190485
Alec Burks,2028,-0.093574287990729,2024,-0.1,-0.40298540989557896
Alec Burks,2029,-0.1050237224747737,2024,-0.1,-0.5080091323703527
Alex Caruso,2025,-0.6257019639015198,2024,2.3,1.67429803609848
Alex Caruso,2026,-0.6703914999961853,2024,2.3,1.0039065361022947
Alex Caruso,2027,-0.8126128613948822,2024,2.3,0.19129367470741254
Alex Caruso,2028,-0.9094678461551666,2024,2.3,-0.7181741714477541
Alex Caruso,2029,-0.9910380095243454,2024,2.3,-1.7092121809720995
Alex Len,2025,-0.2054504156112671,2024,0.2,-0.005450415611267079
Alex Len,2026,-0.0199847519397735,2024,0.2,-0.025435167551040583
Alex Len,2027,-0.1683601215481758,2024,0.2,-0.1937952890992164
Alex Len,2028,-0.2034603382150332,2024,0.2,-0.3972556273142496
Alex Len,2029,-0.2417658207317193,2024,0.2,-0.6390214480459688
Amir Coffey,2025,-0.1456418335437774,2024,-0.1,-0.24564183354377742
Amir Coffey,2026,-0.2016684412956237,2024,-0.1,-0.4473102748394011
Amir Coffey,2027,-0.20827516913414,2024,-0.1,-0.6555854439735411
Amir Coffey,2028,-0.229029913743337,2024,-0.1,-0.8846153577168782
Amir Coffey,2029,-0.2486129614214102,2024,-0.1,-1.1332283191382886
Andre Drummond,2025,-0.0738218277692794,2024,0.7,0.6261781722307206
Andre Drummond,2026,0.2647690325975418,2024,0.7,0.8909472048282624
Andre Drummond,2027,0.0621997937560081,2024,0.7,0.9531469985842704
Andre Drummond,2028,0.0408584599693616,2024,0.7,0.9940054585536321
Andre Drummond,2029,0.0198475948224465,2024,0.7,1.0138530533760786
Andrew Wiggins,2025,0.1556697636842727,2024,-0.3,-0.14433023631572728
Andrew Wiggins,2026,-0.1482552364468574,2024,-0.3,-0.2925854727625847
Andrew Wiggins,2027,-0.0383585356175899,2024,-0.3,-0.33094400838017457
Andrew Wiggins,2028,-0.0627769790589809,2024,-0.3,-0.3937209874391555
Andrew Wiggins,2029,-0.0858474997803568,2024,-0.3,-0.4795684872195123
Anfernee Simons,2025,-0.0270804725587368,2024,0.8,0.7729195274412632
Anfernee Simons,2026,-0.1645615734159946,2024,0.8,0.6083579540252686
Anfernee Simons,2027,-0.2464222535490989,2024,0.8,0.36193570047616974
Anfernee Simons,2028,-0.3423854683836301,2024,0.8,0.019550232092539588
Anfernee Simons,2029,-0.4282320874432723,2024,0.8,-0.40868185535073276
Anthony Davis,2025,-1.838603138923645,2024,4.9,3.0613968610763553
Anthony Davis,2026,-2.2115262746810918,2024,4.9,0.849870586395264
Anthony Davis,2027,-2.1326767206192017,2024,4.9,-1.2828061342239376
Anthony Davis,2028,-2.184142629305521,2024,4.9,-3.4669487635294587
Anthony Davis,2029,-2.228705187638601,2024,4.9,-5.69565395116806
Anthony Edwards,2025,0.7371639013290405,2024,3.7,4.437163901329041
Anthony Edwards,2026,2.7494298219680786,2024,3.7,7.186593723297119
Anthony Edwards,2027,1.3157243132591248,2024,3.7,8.502318036556243
Anthony Edwards,2028,0.9511527021725972,2024,3.7,9.453470738728841
Anthony Edwards,2029,0.5429653028647105,2024,3.7,9.996436041593551
Austin Rivers,2024,0.0261468030512332,2023,-0.2,-0.1738531969487668
Austin Rivers,2025,-0.0244802050292491,2023,-0.2,-0.1983334019780159
Austin Rivers,2026,-0.0235135927796363,2023,-0.2,-0.2218469947576522
Austin Rivers,2027,-0.0416563947995503,2023,-0.2,-0.26350338955720254
Austin Rivers,2028,-0.058884839216868,2023,-0.2,-0.3223882287740705
Bam Adebayo,2025,-0.2869984805583954,2024,2.7,2.413001519441605
Bam Adebayo,2026,-0.4578598439693451,2024,2.7,1.9551416754722597
Bam Adebayo,2027,-0.6645805984735489,2024,2.7,1.2905610769987108
Bam Adebayo,2028,-0.8331252386172613,2024,2.7,0.4574358383814494
Bam Adebayo,2029,-0.9701066340009372,2024,2.7,-0.5126707956194876
Ben Simmons,2024,0.3820036947727203,2023,0.7,1.0820036947727203
Ben Simmons,2025,-0.2515649795532226,2023,0.7,0.8304387152194976
Ben Simmons,2026,-0.110074071213603,2023,0.7,0.7203646440058946
Ben Simmons,2027,-0.2138634193688631,2023,0.7,0.5065012246370315
Ben Simmons,2028,-0.3151408554986119,2023,0.7,0.19136036913841958
Bismack Biyombo,2025,0.2511171400547027,2024,-0.3,-0.048882859945297286
Bismack Biyombo,2026,-0.0023253858089447,2024,-0.3,-0.05120824575424199
Bismack Biyombo,2027,0.0972379744052887,2024,-0.3,0.04602972865104671
Bismack Biyombo,2028,0.0789776543776194,2024,-0.3,0.1250073830286661
Bismack Biyombo,2029,0.0621638235946496,2024,-0.3,0.1871712066233157
Blake Griffin,2024,-0.0530815906822681,2023,0.3,0.2469184093177319
Blake Griffin,2025,-0.1861246638000011,2023,0.3,0.06079374551773081
Blake Griffin,2026,-0.1754141747951507,2023,0.3,-0.11462042927741989
Blake Griffin,2027,-0.2135191857814788,2023,0.3,-0.3281396150588987
Blake Griffin,2028,-0.2539744265377521,2023,0.3,-0.5821140415966508
Boban Marjanovic,2024,-0.2852008640766144,2023,0.2,-0.08520086407661437
Boban Marjanovic,2025,-0.185245543718338,2023,0.2,-0.2704464077949524
Boban Marjanovic,2026,-0.25779028236866,2023,0.2,-0.5282366901636124
Boban Marjanovic,2027,-0.271726593375206,2023,0.2,-0.7999632835388184
Boban Marjanovic,2028,-0.2858157455921173,2023,0.2,-1.0857790291309357
Bobby Portis,2025,-0.2207249999046325,2024,0.6,0.37927500009536746
Bobby Portis,2026,-0.3350340127944946,2024,0.6,0.04424098730087289
Bobby Portis,2027,-0.3123391419649124,2024,0.6,-0.2680981546640395
Bobby Portis,2028,-0.3331062247355779,2024,0.6,-0.6012043793996175
Bobby Portis,2029,-0.3530139649907748,2024,0.6,-0.9542183443903923
Bogdan Bogdanovic,2025,-0.5138207674026489,2024,1.4,0.886179232597351
Bogdan Bogdanovic,2026,-0.6321514844894409,2024,1.4,0.25402774810791007
Bogdan Bogdanovic,2027,-0.643482893705368,2024,1.4,-0.389455145597458
Bogdan Bogdanovic,2028,-0.6868602732817332,2024,1.4,-1.076315418879191
Bogdan Bogdanovic,2029,-0.7295820166667303,2024,1.4,-1.8058974355459214
Bojan Bogdanovic,2025,0.292933851480484,2024,-0.4,-0.10706614851951601
Bojan Bogdanovic,2026,-0.1067955493927002,2024,-0.4,-0.2138616979122162
Bojan Bogdanovic,2027,0.0720706060528755,2024,-0.4,-0.1417910918593407
Bojan Bogdanovic,2028,0.0591386978824933,2024,-0.4,-0.08265239397684737
Bojan Bogdanovic,2029,0.04478745876501,2024,-0.4,-0.03786493521183737
Bradley Beal,2025,-0.3193040788173675,2024,1.1,0.7806959211826325
Bradley Beal,2026,-0.7198568880558014,2024,1.1,0.060839033126831144
Bradley Beal,2027,-0.6588343381881714,2024,1.1,-0.5979953050613402
Bradley Beal,2028,-0.7445334990819296,2024,1.1,-1.34252880414327
Bradley Beal,2029,-0.8195180694262186,2024,1.1,-2.1620468735694884
Brandon Clarke,2024,0.6803224682807922,2023,1.3,1.9803224682807923
Brandon Clarke,2025,0.081290602684021,2023,1.3,2.061613070964813
Brandon Clarke,2026,0.2761361002922058,2023,1.3,2.337749171257019
Brandon Clarke,2027,0.211847186088562,2023,1.3,2.549596357345581
Brandon Clarke,2028,0.1521713733673095,2023,1.3,2.7017677307128904
Brandon Ingram,2025,0.417421281337738,2024,1.7,2.1174212813377378
Brandon Ingram,2026,0.073020339012146,2024,1.7,2.1904416203498838
Brandon Ingram,2027,0.0093211531639099,2024,1.7,2.1997627735137937
Brandon Ingram,2028,-0.1457174221674601,2024,1.7,2.0540453513463337
Brandon Ingram,2029,-0.2926314634581407,2024,1.7,1.761413887888193
Brook Lopez,2025,-0.5456421971321106,2024,1.8,1.2543578028678894
Brook Lopez,2026,-0.811040461063385,2024,1.8,0.44331734180450444
Brook Lopez,2027,-0.7467450797557831,2024,1.8,-0.30342773795127864
Brook Lopez,2028,-0.7877131203810374,2024,1.8,-1.0911408583323159
Brook Lopez,2029,-0.8257471968730291,2024,1.8,-1.916888055205345
Bruce Brown,2025,0.3573791086673736,2024,-0.6,-0.24262089133262638
Bruce Brown,2026,-0.0504633784294128,2024,-0.6,-0.29308426976203916
Bruce Brown,2027,0.1253836080431938,2024,-0.6,-0.16770066171884535
Bruce Brown,2028,0.1090619936585426,2024,-0.6,-0.05863866806030271
Bruce Brown,2029,0.0942585207521915,2024,-0.6,0.03561985269188883
Bruno Fernando,2025,0.0184660218656063,2024,-0.1,-0.0815339781343937
Bruno Fernando,2026,-0.0632866211235523,2024,-0.1,-0.144820599257946
Bruno Fernando,2027,-0.0681911930441856,2024,-0.1,-0.2130117923021316
Bruno Fernando,2028,-0.0971966832876205,2024,-0.1,-0.31020847558975206
Bruno Fernando,2029,-0.1275057233870029,2024,-0.1,-0.437714198976755
Buddy Hield,2025,-0.4571700990200043,2024,1.3,0.8428299009799958
Buddy Hield,2026,-0.5473929941654205,2024,1.3,0.29543690681457524
Buddy Hield,2027,-0.5728796124458313,2024,1.3,-0.27744270563125606
Buddy Hield,2028,-0.6141731937726339,2024,1.3,-0.8916158994038901
Buddy Hield,2029,-0.6544936696688334,2024,1.3,-1.5461095690727233
CJ McCollum,2025,-1.461721897125244,2024,2.8,1.338278102874756
CJ McCollum,2026,-1.344753980636597,2024,2.8,-0.006475877761840998
CJ McCollum,2027,-1.5078986287117004,2024,2.8,-1.5143745064735414
CJ McCollum,2028,-1.5683589975039165,2024,2.8,-3.082733503977458
CJ McCollum,2029,-1.6222004195054371,2024,2.8,-4.704933923482895
Caleb Martin,2025,0.0168456695973873,2024,0.0,0.0168456695973873
Caleb Martin,2026,-0.1144641824066639,2024,0.0,-0.0976185128092766
Caleb Martin,2027,-0.0986871067434549,2024,0.0,-0.19630561955273151
Caleb Martin,2028,-0.1320753178248802,2024,0.0,-0.3283809373776117
Caleb Martin,2029,-0.1686103160803516,2024,0.0,-0.4969912534579633
Cam Reddish,2025,0.2939444482326507,2024,-0.3,-0.006055551767349288
Cam Reddish,2026,0.1556706130504608,2024,-0.3,0.14961506128311147
Cam Reddish,2027,0.1917270869016647,2024,-0.3,0.3413421481847762
Cam Reddish,2028,0.172039583325386,2024,-0.3,0.5133817315101621
Cam Reddish,2029,0.1536529287695884,2024,-0.3,0.6670346602797506
Cameron Johnson,2025,-0.0489059500396251,2024,1.0,0.9510940499603749
Cameron Johnson,2026,-0.5828843899071217,2024,1.0,0.3682096600532533
Cameron Johnson,2027,-0.3778130710124969,2024,1.0,-0.009603410959243552
Cameron Johnson,2028,-0.4175618986288706,2024,1.0,-0.4271653095881143
Cameron Johnson,2029,-0.4584901009996732,2024,1.0,-0.8856554105877874
Cameron Payne,2025,0.1233997344970703,2024,0.3,0.4233997344970703
Cameron Payne,2026,0.095806747674942,2024,0.3,0.5192064821720123
Cameron Payne,2027,0.0144263003021478,2024,0.3,0.5336327824741601
Cameron Payne,2028,-0.0545693679402271,2024,0.3,0.479063414533933
Cameron Payne,2029,-0.1197625904654463,2024,0.3,0.35930082406848673
Caris LeVert,2025,-0.8014740943908691,2024,1.1,0.29852590560913095
Caris LeVert,2026,-1.4320716857910156,2024,1.1,-1.1335457801818847
Caris LeVert,2027,-1.2732640504837036,2024,1.1,-2.4068098306655883
Caris LeVert,2028,-1.3528937101364136,2024,1.1,-3.759703540802002
Caris LeVert,2029,-1.4200044572353363,2024,1.1,-5.179707998037339
Cedi Osman,2025,0.1117351651191711,2024,0.0,0.1117351651191711
Cedi Osman,2026,-0.109756551682949,2024,0.0,0.001978613436222104
Cedi Osman,2027,-0.0353097319602966,2024,0.0,-0.0333311185240745
Cedi Osman,2028,-0.0594693447152773,2024,0.0,-0.0928004632393518
Cedi Osman,2029,-0.0806018582855661,2024,0.0,-0.1734023215249179
Chimezie Metu,2025,0.1665619760751724,2024,0.2,0.3665619760751724
Chimezie Metu,2026,0.0205170959234237,2024,0.2,0.38707907199859615
Chimezie Metu,2027,0.063040405511856,2024,0.2,0.4501194775104521
Chimezie Metu,2028,0.0452127605676651,2024,0.2,0.4953322380781172
Chimezie Metu,2029,0.0291035454720258,2024,0.2,0.524435783550143
Chris Boucher,2025,0.0097813419997692,2024,0.1,0.1097813419997692
Chris Boucher,2026,-0.0669617094099521,2024,0.1,0.04281963258981711
Chris Boucher,2027,-0.040555439889431,2024,0.1,0.0022641927003861084
Chris Boucher,2028,-0.0474073886871337,2024,0.1,-0.0451431959867476
Chris Boucher,2029,-0.0537916738539934,2024,0.1,-0.09893486984074099
Chris Paul,2025,-0.3912868201732635,2024,1.2,0.8087131798267364
Chris Paul,2026,-0.7714197933673859,2024,1.2,0.03729338645935054
Chris Paul,2027,-0.6597117185592651,2024,1.2,-0.6224183320999146
Chris Paul,2028,-0.7070405085881551,2024,1.2,-1.3294588406880699
Chris Paul,2029,-0.7514639298121134,2024,1.2,-2.080922770500183
Christian Wood,2025,0.6069831848144531,2024,-0.2,0.4069831848144531
Christian Wood,2026,-0.3977980017662048,2024,-0.2,0.009185183048248335
Christian Wood,2027,0.0756939128041267,2024,-0.2,0.08487909585237502
Christian Wood,2028,0.0561961655815442,2024,-0.2,0.14107526143391924
Christian Wood,2029,0.0362615582222739,2024,-0.2,0.17733681965619313
Clint Capela,2025,0.5252845287322998,2024,1.0,1.5252845287322998
Clint Capela,2026,-0.3638278841972351,2024,1.0,1.1614566445350647
Clint Capela,2027,-0.0891617070883512,2024,1.0,1.0722949374467134
Clint Capela,2028,-0.1892230429997047,2024,1.0,0.8830718944470088
Clint Capela,2029,-0.2829088528330127,2024,1.0,0.6001630416139961
Coby White,2025,0.0149586759507656,2024,0.9,0.9149586759507656
Coby White,2026,0.0457700453698635,2024,0.9,0.9607287213206291
Coby White,2027,-0.0842151772230863,2024,0.9,0.8765135440975428
Coby White,2028,-0.1510089579969644,2024,0.9,0.7255045861005784
Coby White,2029,-0.2123821070417761,2024,0.9,0.5131224790588024
Cody Zeller,2025,0.3433704078197479,2024,0.0,0.3433704078197479
Cody Zeller,2026,0.1467474997043609,2024,0.0,0.49011790752410883
Cody Zeller,2027,0.1865161210298538,2024,0.0,0.6766340285539626
Cody Zeller,2028,0.1497576087713241,2024,0.0,0.8263916373252866
Cody Zeller,2029,0.1123018525540828,2024,0.0,0.9386934898793694
Cole Anthony,2025,0.3378826379776001,2024,1.0,1.3378826379776
Cole Anthony,2026,-0.0319748520851135,2024,1.0,1.3059077858924866
Cole Anthony,2027,0.0138094443827867,2024,1.0,1.3197172302752733
Cole Anthony,2028,-0.074277219052116,2024,1.0,1.2454400112231574
Cole Anthony,2029,-0.1525230150048931,2024,1.0,1.092916996218264
Collin Sexton,2025,-0.3528021872043609,2024,2.0,1.647197812795639
Collin Sexton,2026,-0.3379567563533783,2024,2.0,1.3092410564422607
Collin Sexton,2027,-0.5339407324790955,2024,2.0,0.7753003239631653
Collin Sexton,2028,-0.6430167158444723,2024,2.0,0.13228360811869289
Collin Sexton,2029,-0.7450129042069117,2024,2.0,-0.6127292960882187
Cory Joseph,2024,-0.1277118176221847,2023,0.2,0.07228818237781531
Cory Joseph,2025,-0.0956143140792846,2023,0.2,-0.0233261317014693
Cory Joseph,2026,-0.1604437194764614,2023,0.2,-0.1837698511779307
Cory Joseph,2027,-0.1931003617743651,2023,0.2,-0.3768702129522958
Cory Joseph,2028,-0.2255736061682303,2023,0.2,-0.6024438191205261
D'Angelo Russell,2025,-0.063200443983078,2024,1.8,1.736799556016922
D'Angelo Russell,2026,-0.5143345296382904,2024,1.8,1.2224650263786316
D'Angelo Russell,2027,-0.4676172733306885,2024,1.8,0.7548477530479432
D'Angelo Russell,2028,-0.5684460997581482,2024,1.8,0.18640165328979497
D'Angelo Russell,2029,-0.6585897952318192,2024,1.8,-0.4721881419420242
Damian Jones,2025,0.1619158387184143,2024,0.1,0.2619158387184143
Damian Jones,2026,0.3452129364013672,2024,0.1,0.6071287751197815
Damian Jones,2027,0.2062749862670898,2024,0.1,0.8134037613868713
Damian Jones,2028,0.1761895219484965,2024,0.1,0.9895932833353678
Damian Jones,2029,0.1475216125448545,2024,0.1,1.1371148958802224
Damian Lillard,2025,-0.5400999188423157,2024,2.7,2.1599000811576845
Damian Lillard,2026,-2.283923327922821,2024,2.7,-0.12402324676513654
Damian Lillard,2027,-1.5401357412338257,2024,2.7,-1.6641589879989622
Damian Lillard,2028,-1.6155134439468384,2024,2.7,-3.2796724319458006
Damian Lillard,2029,-1.6813200116157532,2024,2.7,-4.960992443561554
Damion Lee,2024,0.0173763968050479,2023,0.1,0.11737639680504791
Damion Lee,2025,0.0224975533783435,2023,0.1,0.1398739501833914
Damion Lee,2026,-0.0102614350616931,2023,0.1,0.1296125151216983
Damion Lee,2027,-0.0307117390135924,2023,0.1,0.09890077610810591
Damion Lee,2028,-0.0498781794061263,2023,0.1,0.0490225967019796
Daniel Gafford,2025,-0.5868357419967651,2024,2.1,1.513164258003235
Daniel Gafford,2026,-0.7986701726913452,2024,2.1,0.7144940853118897
Daniel Gafford,2027,-0.8771830797195435,2024,2.1,-0.16268899440765372
Daniel Gafford,2028,-0.985012968381246,2024,2.1,-1.1477019627888998
Daniel Gafford,2029,-1.0778163472811382,2024,2.1,-2.2255183100700378
Daniel Theis,2025,-0.245437353849411,2024,0.1,-0.145437353849411
Daniel Theis,2026,-0.3011867105960846,2024,0.1,-0.4466240644454956
Daniel Theis,2027,-0.3096718788146972,2024,0.1,-0.7562959432601929
Daniel Theis,2028,-0.3343822161356608,2024,0.1,-1.0906781593958537
Daniel Theis,2029,-0.3610505362351735,2024,0.1,-1.4517286956310271
Danilo Gallinari,2025,-0.07369926571846,2024,0.0,-0.07369926571846
Danilo Gallinari,2026,-0.2007149755954742,2024,0.0,-0.2744142413139342
Danilo Gallinari,2027,-0.1664999052882194,2024,0.0,-0.4409141466021536
Danilo Gallinari,2028,-0.1867895796895027,2024,0.0,-0.6277037262916563
Danilo Gallinari,2029,-0.2082322500646114,2024,0.0,-0.8359359763562677
Dante Exum,2025,-0.2153555005788803,2024,0.4,0.1846444994211197
Dante Exum,2026,-0.2036918550729751,2024,0.4,-0.01904735565185539
Dante Exum,2027,-0.2664356380701065,2024,0.4,-0.28548299372196195
Dante Exum,2028,-0.3060186554988225,2024,0.4,-0.5915016492207844
Dante Exum,2029,-0.3462044621507327,2024,0.4,-0.9377061113715172
Danuel House Jr.,2025,0.1160587668418884,2024,-0.3,-0.1839412331581116
Danuel House Jr.,2026,0.0498157143592834,2024,-0.3,-0.1341255187988282
Danuel House Jr.,2027,0.0645023733377456,2024,-0.3,-0.06962314546108261
Danuel House Jr.,2028,0.0540676414966583,2024,-0.3,-0.015555503964424344
Danuel House Jr.,2029,0.0442847404628992,2024,-0.3,0.028729236498474864
Dario Saric,2025,-0.7231944799423218,2024,0.9,0.17680552005767824
Dario Saric,2026,-0.880308985710144,2024,0.9,-0.7035034656524658
Dario Saric,2027,-0.9422667622566224,2024,0.9,-1.6457702279090882
Dario Saric,2028,-1.036923587322235,2024,0.9,-2.6826938152313233
Dario Saric,2029,-1.1285432130098343,2024,0.9,-3.8112370282411576
Darius Bazley,2024,0.5731381177902222,2023,0.2,0.7731381177902221
Darius Bazley,2025,0.315711498260498,2023,0.2,1.0888496160507202
Darius Bazley,2026,0.373494416475296,2023,0.2,1.4623440325260162
Darius Bazley,2027,0.3293286661307017,2023,0.2,1.791672698656718
Darius Bazley,2028,0.2876696859796842,2023,0.2,2.0793423846364023
Darius Garland,2025,0.7160152196884155,2024,0.5,1.2160152196884155
Darius Garland,2026,-0.0798210501670837,2024,0.5,1.1361941695213318
Darius Garland,2027,0.1355990022420883,2024,0.5,1.27179317176342
Darius Garland,2028,0.0029678096373875,2024,0.5,1.2747609814008076
Darius Garland,2029,-0.1338936475416024,2024,0.5,1.1408673338592052
Davis Bertans,2025,0.0710849165916442,2024,0.1,0.1710849165916442
Davis Bertans,2026,0.0564964711666107,2024,0.1,0.2275813877582549
Davis Bertans,2027,0.04094791226089,2024,0.1,0.2685293000191449
Davis Bertans,2028,0.0258793154110511,2024,0.1,0.29440861543019603
Davis Bertans,2029,0.0111540068561832,2024,0.1,0.3055626222863792
De'Aaron Fox,2025,-0.7225944399833679,2024,3.2,2.4774055600166323
De'Aaron Fox,2026,-1.411670982837677,2024,3.2,1.0657345771789553
De'Aaron Fox,2027,-1.3188236951828003,2024,3.2,-0.25308911800384504
De'Aaron Fox,2028,-1.44830318291982,2024,3.2,-1.701392300923665
De'Aaron Fox,2029,-1.559015820423762,2024,3.2,-3.260408121347427
De'Andre Hunter,2025,0.1050583869218826,2024,-0.2,-0.09494161307811741
De'Andre Hunter,2026,0.1443185955286026,2024,-0.2,0.04937698245048519
De'Andre Hunter,2027,0.0805992782115936,2024,-0.2,0.1299762606620788
De'Andre Hunter,2028,0.0561854839324951,2024,-0.2,0.1861617445945739
De'Andre Hunter,2029,0.0340561466291546,2024,-0.2,0.22021789122372853
De'Anthony Melton,2025,-0.1288686245679855,2024,0.7,0.5711313754320144
De'Anthony Melton,2026,-0.2380603104829788,2024,0.7,0.33307106494903566
De'Anthony Melton,2027,-0.2430987581610679,2024,0.7,0.08997230678796775
De'Anthony Melton,2028,-0.283721166352431,2024,0.7,-0.1937488595644632
De'Anthony Melton,2029,-0.3265761298437913,2024,0.7,-0.5203249894082544
DeAndre Jordan,2025,0.0050065033137798,2024,0.0,0.0050065033137798
DeAndre Jordan,2026,-0.0735938288271427,2024,0.0,-0.0685873255133629
DeAndre Jordan,2027,-0.0684562437236309,2024,0.0,-0.1370435692369938
DeAndre Jordan,2028,-0.0887393119434515,2024,0.0,-0.2257828811804453
DeAndre Jordan,2029,-0.1077402637650569,2024,0.0,-0.33352314494550217
DeMar DeRozan,2025,-1.152746319770813,2024,2.8,1.6472536802291868
DeMar DeRozan,2026,-1.535659909248352,2024,2.8,0.11159377098083478
DeMar DeRozan,2027,-1.4775798916816711,2024,2.8,-1.3659861207008364
DeMar DeRozan,2028,-1.551758865515391,2024,2.8,-2.9177449862162277
DeMar DeRozan,2029,-1.616529067357381,2024,2.8,-4.534274053573609
Dean Wade,2025,-0.2742093503475189,2024,0.6,0.32579064965248106
Dean Wade,2026,-0.2680656015872955,2024,0.6,0.057725048065185525
Dean Wade,2027,-0.3203411251306534,2024,0.6,-0.26261607706546786
Dean Wade,2028,-0.3584399074316025,2024,0.6,-0.6210559844970703
Dean Wade,2029,-0.3989610821008682,2024,0.6,-1.0200170665979384
Deandre Ayton,2025,0.478887528181076,2024,1.0,1.478887528181076
Deandre Ayton,2026,-0.0642058551311492,2024,1.0,1.4146816730499268
Deandre Ayton,2027,0.1338832452893257,2024,1.0,1.5485649183392525
Deandre Ayton,2028,0.0847369159261385,2024,1.0,1.6333018342653909
Deandre Ayton,2029,0.0395992522438367,2024,1.0,1.6729010865092278
Dejounte Murray,2025,0.0683834999799728,2024,2.6,2.668383499979973
Dejounte Murray,2026,0.0266081020236015,2024,2.6,2.6949916020035745
Dejounte Murray,2027,-0.1599665451794862,2024,2.6,2.535025056824088
Dejounte Murray,2028,-0.2906802849223216,2024,2.6,2.2443447719017664
Dejounte Murray,2029,-0.4123281144226591,2024,2.6,1.8320166574791075
Delon Wright,2025,-0.1876263171434402,2024,0.5,0.3123736828565598
Delon Wright,2026,-0.4081606119871139,2024,0.5,-0.09578692913055409
Delon Wright,2027,-0.3335035890340805,2024,0.5,-0.4292905181646346
Delon Wright,2028,-0.3594985951979955,2024,0.5,-0.7887891133626301
Delon Wright,2029,-0.3887070963780085,2024,0.5,-1.1774962097406387
Deni Avdija,2025,0.4350002110004425,2024,0.6,1.0350002110004426
Deni Avdija,2026,0.670919269323349,2024,0.6,1.7059194803237916
Deni Avdija,2027,0.4698994606733322,2024,0.6,2.175818940997124
Deni Avdija,2028,0.4186459730068843,2024,0.6,2.594464914004008
Deni Avdija,2029,0.370293786128362,2024,0.6,2.96475870013237
Dennis Schroder,2025,-0.3825889825820923,2024,0.1,-0.2825889825820923
Dennis Schroder,2026,-0.4203789234161377,2024,0.1,-0.70296790599823
Dennis Schroder,2027,-0.4994779676198959,2024,0.1,-1.2024458736181258
Dennis Schroder,2028,-0.5537618547677994,2024,0.1,-1.7562077283859252
Dennis Schroder,2029,-0.6000585928559303,2024,0.1,-2.3562663212418555
Dennis Smith Jr.,2025,0.2083964943885803,2024,0.3,0.5083964943885803
Dennis Smith Jr.,2026,0.3788649439811706,2024,0.3,0.8872614383697508
Dennis Smith Jr.,2027,0.2152290791273117,2024,0.3,1.1024905174970625
Dennis Smith Jr.,2028,0.1651856650908788,2024,0.3,1.2676761825879415
Dennis Smith Jr.,2029,0.1180060865978399,2024,0.3,1.3856822691857813
Derrick Jones Jr.,2025,0.0736884474754333,2024,0.2,0.2736884474754333
Derrick Jones Jr.,2026,0.072344571352005,2024,0.2,0.3460330188274383
Derrick Jones Jr.,2027,0.0376494321972131,2024,0.2,0.38368245102465137
Derrick Jones Jr.,2028,0.0139431760956843,2024,0.2,0.39762562712033567
Derrick Jones Jr.,2029,-0.0088921667387088,2024,0.2,0.3887334603816269
Derrick White,2025,-0.5586667656898499,2024,3.5,2.94133323431015
Derrick White,2026,-0.7132880091667175,2024,3.5,2.2280452251434326
Derrick White,2027,-0.8508859872817993,2024,3.5,1.3771592378616333
Derrick White,2028,-0.9674357175827026,2024,3.5,0.40972352027893066
Derrick White,2029,-1.0718572288751602,2024,3.5,-0.6621337085962296
Desmond Bane,2025,0.1632748991250991,2024,1.7,1.8632748991250991
Desmond Bane,2026,-0.7241983562707901,2024,1.7,1.1390765428543088
Desmond Bane,2027,-0.4539482146501541,2024,1.7,0.6851283282041549
Desmond Bane,2028,-0.5488762507836024,2024,1.7,0.13625207742055268
Desmond Bane,2029,-0.6376892452438673,2024,1.7,-0.5014371678233147
Devin Booker,2025,-0.479123443365097,2024,3.1,2.620876556634903
Devin Booker,2026,-0.9580955803394318,2024,3.1,1.6627809762954713
Devin Booker,2027,-0.9867638945579528,2024,3.1,0.6760170817375184
Devin Booker,2028,-1.1401860117912292,2024,3.1,-0.46416893005371085
Devin Booker,2029,-1.2704393565654757,2024,3.1,-1.7346082866191863
Devin Vassell,2025,-0.1540403366088867,2024,1.1,0.9459596633911134
Devin Vassell,2026,-0.1640502214431762,2024,1.1,0.7819094419479372
Devin Vassell,2027,-0.2392129972577095,2024,1.1,0.5426964446902277
Devin Vassell,2028,-0.3009099289774894,2024,1.1,0.24178651571273835
Devin Vassell,2029,-0.3495859242975712,2024,1.1,-0.10779940858483283
Devonte' Graham,2024,-0.2289358526468277,2023,0.6,0.3710641473531723
Devonte' Graham,2025,-0.2830188721418381,2023,0.6,0.0880452752113342
Devonte' Graham,2026,-0.2994080930948257,2023,0.6,-0.21136281788349154
Devonte' Graham,2027,-0.329695388674736,2023,0.6,-0.5410582065582276
Devonte' Graham,2028,-0.3616323694586754,2023,0.6,-0.902690576016903
Dewayne Dedmon,2024,-0.1877440214157104,2023,0.0,-0.1877440214157104
Dewayne Dedmon,2025,-0.2015572190284729,2023,0.0,-0.3893012404441833
Dewayne Dedmon,2026,-0.2287842333316803,2023,0.0,-0.6180854737758636
Dewayne Dedmon,2027,-0.2530532975991567,2023,0.0,-0.8711387713750203
Dewayne Dedmon,2028,-0.2787338818113009,2023,0.0,-1.1498726531863213
Dillon Brooks,2025,0.1517189741134643,2024,-0.9,-0.7482810258865358
Dillon Brooks,2026,0.0885011255741119,2024,-0.9,-0.6597799003124238
Dillon Brooks,2027,0.1015819981694221,2024,-0.9,-0.5581979021430017
Dillon Brooks,2028,0.0912691578269004,2024,-0.9,-0.4669287443161013
Dillon Brooks,2029,0.0799471884965896,2024,-0.9,-0.38698155581951166
Domantas Sabonis,2025,-0.3950559198856354,2024,6.2,5.804944080114365
Domantas Sabonis,2026,-1.2614369094371796,2024,6.2,4.543507170677185
Domantas Sabonis,2027,-1.0881806313991549,2024,6.2,3.4553265392780306
Domantas Sabonis,2028,-1.2319348951180775,2024,6.2,2.2233916441599533
Domantas Sabonis,2029,-1.3421350071827571,2024,6.2,0.8812566369771959
Donovan Mitchell,2025,-0.0109016373753547,2024,3.9,3.889098362624645
Donovan Mitchell,2026,-0.489944152534008,2024,3.9,3.399154210090637
Donovan Mitchell,2027,-0.563921183347702,2024,3.9,2.835233026742935
Donovan Mitchell,2028,-0.7362015942732493,2024,3.9,2.099031432469686
Donovan Mitchell,2029,-0.8933907796939214,2024,3.9,1.2056406527757644
Donte DiVincenzo,2025,-1.1704320907592771,2024,3.2,2.029567909240723
Donte DiVincenzo,2026,-0.7910962104797363,2024,3.2,1.2384716987609867
Donte DiVincenzo,2027,-1.1298765540122986,2024,3.2,0.10859514474868792
Donte DiVincenzo,2028,-1.2176147103309631,2024,3.2,-1.1090195655822752
Donte DiVincenzo,2029,-1.294127732515335,2024,3.2,-2.4031472980976103
Dorian Finney-Smith,2025,0.0901938676834106,2024,0.0,0.0901938676834106
Dorian Finney-Smith,2026,0.0388740599155426,2024,0.0,0.1290679275989532
Dorian Finney-Smith,2027,0.0469809677451849,2024,0.0,0.1760488953441381
Dorian Finney-Smith,2028,0.0346003466596206,2024,0.0,0.21064924200375867
Dorian Finney-Smith,2029,0.022332774164776,2024,0.0,0.23298201616853467
Doug McDermott,2025,0.0201535187661647,2024,-0.3,-0.27984648123383526
Doug McDermott,2026,0.0376338474452495,2024,-0.3,-0.2422126337885858
Doug McDermott,2027,0.014574185013771,2024,-0.3,-0.2276384487748148
Doug McDermott,2028,0.0054356480638186,2024,-0.3,-0.22220280071099618
Doug McDermott,2029,-0.0033755941937367,2024,-0.3,-0.2255783949047329
Draymond Green,2025,-0.0797505676746368,2024,1.6,1.5202494323253632
Draymond Green,2026,-0.0859292149543762,2024,1.6,1.434320217370987
Draymond Green,2027,-0.2624420151114464,2024,1.6,1.1718782022595406
Draymond Green,2028,-0.3707427059610684,2024,1.6,0.8011354962984722
Draymond Green,2029,-0.4693806457022826,2024,1.6,0.3317548505961896
Drew Eubanks,2025,0.1947249621152877,2024,0.2,0.39472496211528774
Drew Eubanks,2026,-0.1798554509878158,2024,0.2,0.2148695111274719
Drew Eubanks,2027,-0.0444397088140249,2024,0.2,0.170429802313447
Drew Eubanks,2028,-0.0748248938471078,2024,0.2,0.0956049084663392
Drew Eubanks,2029,-0.1006265021860599,2024,0.2,-0.005021593719720691
Duncan Robinson,2025,-0.3194427788257599,2024,0.6,0.2805572211742401
Duncan Robinson,2026,-0.4295784533023834,2024,0.6,-0.14902123212814333
Duncan Robinson,2027,-0.4377643913030624,2024,0.6,-0.5867856234312058
Duncan Robinson,2028,-0.4800194849570592,2024,0.6,-1.066805108388265
Duncan Robinson,2029,-0.5225659559170405,2024,0.6,-1.5893710643053054
Dwight Powell,2025,-0.3689421117305755,2024,0.4,0.031057888269424516
Dwight Powell,2026,-0.4216371476650238,2024,0.4,-0.39057925939559934
Dwight Powell,2027,-0.4567051529884338,2024,0.4,-0.8472844123840332
Dwight Powell,2028,-0.4958022435506184,2024,0.4,-1.3430866559346515
Dwight Powell,2029,-0.5319140801827112,2024,0.4,-1.875000736117363
Eric Gordon,2025,-0.2096866071224212,2024,0.1,-0.1096866071224212
Eric Gordon,2026,-0.2987529933452606,2024,0.1,-0.4084396004676819
Eric Gordon,2027,-0.2922280430793762,2024,0.1,-0.7006676435470581
Eric Gordon,2028,-0.3186008532842,2024,0.1,-1.019268496831258
Eric Gordon,2029,-0.3437530646721522,2024,0.1,-1.3630215615034103
Evan Fournier,2025,0.5852583050727844,2024,-0.3,0.28525830507278443
Evan Fournier,2026,0.078083336353302,2024,-0.3,0.36334164142608644
Evan Fournier,2027,0.3106949180364609,2024,-0.3,0.6740365594625473
Evan Fournier,2028,0.2980603526035945,2024,-0.3,0.9720969120661418
Evan Fournier,2029,0.2861558472116788,2024,-0.3,1.2582527592778205
Frank Kaminsky,2024,-0.2718815803527832,2023,0.3,0.028118419647216786
Frank Kaminsky,2025,-0.1755798459053039,2023,0.3,-0.1474614262580871
Frank Kaminsky,2026,-0.286130741238594,2023,0.3,-0.4335921674966811
Frank Kaminsky,2027,-0.3363911559184392,2023,0.3,-0.7699833234151203
Frank Kaminsky,2028,-0.3900362874070803,2023,0.3,-1.1600196108222007
Frank Ntilikina,2024,0.5949379801750183,2023,-0.7,-0.10506201982498165
Frank Ntilikina,2025,0.2271024584770202,2023,-0.7,0.12204043865203862
Frank Ntilikina,2026,0.3880144208669662,2023,-0.7,0.5100548595190049
Frank Ntilikina,2027,0.3737251112858454,2023,-0.7,0.8837799708048502
Frank Ntilikina,2028,0.3604097341497739,2023,-0.7,1.244189704954624
Fred VanVleet,2025,-1.019100308418274,2024,3.6,2.580899691581726
Fred VanVleet,2026,-1.3915294408798218,2024,3.6,1.1893702507019044
Fred VanVleet,2027,-1.3566495776176453,2024,3.6,-0.16727932691574088
Fred VanVleet,2028,-1.4448930223782857,2024,3.6,-1.6121723492940263
Fred VanVleet,2029,-1.5226540664831798,2024,3.6,-3.1348264157772063
Furkan Korkmaz,2025,0.0029966905713081,2024,-0.1,-0.09700330942869191
Furkan Korkmaz,2026,0.00771264731884,2024,-0.1,-0.0892906621098519
Furkan Korkmaz,2027,-0.0180601831525564,2024,-0.1,-0.1073508452624083
Furkan Korkmaz,2028,-0.0314433245609203,2024,-0.1,-0.1387941698233286
Furkan Korkmaz,2029,-0.0437340907131632,2024,-0.1,-0.1825282605364918
Garrison Mathews,2025,0.1229323148727417,2024,-0.2,-0.07706768512725831
Garrison Mathews,2026,0.0653260648250579,2024,-0.2,-0.011741620302200412
Garrison Mathews,2027,0.0715152844786644,2024,-0.2,0.05977366417646396
Garrison Mathews,2028,0.0556350822250048,2024,-0.2,0.11540874640146875
Garrison Mathews,2029,0.0407865106438597,2024,-0.2,0.15619525704532844
Gary Harris,2025,-0.0502574406564235,2024,0.3,0.24974255934357648
Gary Harris,2026,-0.1170641519129276,2024,0.3,0.1326784074306489
Gary Harris,2027,-0.1228694841265678,2024,0.3,0.009808923304081119
Gary Harris,2028,-0.1468645309408505,2024,0.3,-0.13705560763676938
Gary Harris,2029,-0.1698494280378023,2024,0.3,-0.30690503567457167
Gary Trent Jr.,2025,0.1952414661645889,2024,-0.3,-0.10475853383541109
Gary Trent Jr.,2026,0.0015563517808914,2024,-0.3,-0.1032021820545197
Gary Trent Jr.,2027,0.0757496878504753,2024,-0.3,-0.027452494204044386
Gary Trent Jr.,2028,0.0616130804022153,2024,-0.3,0.03416058619817092
Gary Trent Jr.,2029,0.0474589668835202,2024,-0.3,0.08161955308169111
George Hill,2024,0.0182915963232517,2023,0.1,0.1182915963232517
George Hill,2025,0.0572238154709339,2023,0.1,0.17551541179418562
George Hill,2026,0.007630631327629,2023,0.1,0.1831460431218146
George Hill,2027,-0.0114775026837984,2023,0.1,0.17166854043801621
George Hill,2028,-0.0313516141225894,2023,0.1,0.1403169263154268
Georges Niang,2025,0.0167966820299625,2024,-0.4,-0.38320331797003754
Georges Niang,2026,-0.0803181789815425,2024,-0.4,-0.46352149695158
Georges Niang,2027,-0.0619866289198398,2024,-0.4,-0.5255081258714198
Georges Niang,2028,-0.0831640896697839,2024,-0.4,-0.6086722155412037
Georges Niang,2029,-0.1052065795908371,2024,-0.4,-0.7138787951320408
Giannis Antetokounmpo,2019,1.5261164903640747,2024,7.2,8.726116490364074
Giannis Antetokounmpo,2020,0.70586097240448,2024,7.2,9.431977462768554
Giannis Antetokounmpo,2021,0.5738391876220703,2024,7.2,10.005816650390624
Giannis Antetokounmpo,2022,0.1941779851913452,2024,7.2,10.19999463558197
Giannis Antetokounmpo,2023,-0.1620053285732865,2024,7.2,10.037989307008683
Goga Bitadze,2025,-0.0757885873317718,2024,1.0,0.9242114126682281
Goga Bitadze,2026,0.1498313322663307,2024,1.0,1.0740427449345589
Goga Bitadze,2027,-0.0674292780458927,2024,1.0,1.0066134668886662
Goga Bitadze,2028,-0.1331845161815484,2024,1.0,0.8734289507071178
Goga Bitadze,2029,-0.1808889030168453,2024,1.0,0.6925400476902726
Goran Dragic,2024,0.3698472678661346,2023,-0.4,-0.030152732133865434
Goran Dragic,2025,0.2024846374988556,2023,-0.4,0.1723319053649902
Goran Dragic,2026,0.2468939423561096,2023,-0.4,0.41922584772109983
Goran Dragic,2027,0.2209029793739318,2023,-0.4,0.6401288270950317
Goran Dragic,2028,0.1968975886702537,2023,-0.4,0.8370264157652855
Gordon Hayward,2025,0.254861444234848,2024,0.0,0.254861444234848
Gordon Hayward,2026,0.0378201901912689,2024,0.0,0.29268163442611694
Gordon Hayward,2027,0.0996783375740051,2024,0.0,0.39235997200012207
Gordon Hayward,2028,0.0675594210624694,2024,0.0,0.45991939306259144
Gordon Hayward,2029,0.0329180406406521,2024,0.0,0.49283743370324357
Gorgui Dieng,2024,0.5272257328033447,2023,-0.2,0.3272257328033447
Gorgui Dieng,2025,0.2990661859512329,2023,-0.2,0.6262919187545777
Gorgui Dieng,2026,0.38094063103199,2023,-0.2,1.0072325497865677
Gorgui Dieng,2027,0.360078697403272,2023,-0.2,1.3673112471898397
Gorgui Dieng,2028,0.3398508975903193,2023,-0.2,1.707162144780159
Grant Williams,2025,0.2034594416618347,2024,-0.3,-0.0965405583381653
Grant Williams,2026,0.148124873638153,2024,-0.3,0.05158431529998769
Grant Williams,2027,0.1447937786579132,2024,-0.3,0.1963780939579009
Grant Williams,2028,0.126724769671758,2024,-0.3,0.32310286362965895
Grant Williams,2029,0.1103059525291124,2024,-0.3,0.4334088161587713
Grayson Allen,2025,-0.5164803266525269,2024,2.0,1.4835196733474731
Grayson Allen,2026,-0.504938006401062,2024,2.0,0.9785816669464111
Grayson Allen,2027,-0.6146379709243774,2024,2.0,0.3639436960220337
Grayson Allen,2028,-0.677345077196757,2024,2.0,-0.31340138117472316
Grayson Allen,2029,-0.736839493115743,2024,2.0,-1.0502408742904663
Hamidou Diallo,2024,0.1825459450483322,2023,0.1,0.2825459450483322
Hamidou Diallo,2025,-0.0951295271515846,2023,0.1,0.1874164178967476
Hamidou Diallo,2026,0.0012831948697566,2023,0.1,0.1886996127665042
Hamidou Diallo,2027,-0.0241334078212579,2023,0.1,0.1645662049452463
Hamidou Diallo,2028,-0.0437662561113635,2023,0.1,0.12079994883388279
Harrison Barnes,2025,-0.2440124899148941,2024,0.1,-0.1440124899148941
Harrison Barnes,2026,-0.2733110636472702,2024,0.1,-0.41732355356216433
Harrison Barnes,2027,-0.2979928404092788,2024,0.1,-0.7153163939714432
Harrison Barnes,2028,-0.3274481743574142,2024,0.1,-1.0427645683288573
Harrison Barnes,2029,-0.3576507493853569,2024,0.1,-1.4004153177142142
Immanuel Quickley,2025,0.2183153331279754,2024,1.7,1.9183153331279754
Immanuel Quickley,2026,-0.397326797246933,2024,1.7,1.5209885358810424
Immanuel Quickley,2027,-0.2863397970795631,2024,1.7,1.2346487388014793
Immanuel Quickley,2028,-0.3990346019466718,2024,1.7,0.8356141368548076
Immanuel Quickley,2029,-0.5120070713261763,2024,1.7,0.32360706552863117
Isaac Okoro,2025,-0.0312515497207641,2024,0.4,0.3687484502792359
Isaac Okoro,2026,-0.1083278656005859,2024,0.4,0.26042058467865004
Isaac Okoro,2027,-0.1100970953702926,2024,0.4,0.15032348930835743
Isaac Okoro,2028,-0.1332422445217768,2024,0.4,0.01708124478658063
Isaac Okoro,2029,-0.1582807091375192,2024,0.4,-0.14119946435093855
Isaiah Hartenstein,2025,-1.507983684539795,2024,2.6,1.0920163154602052
Isaiah Hartenstein,2026,-1.829833984375,2024,2.6,-0.7378176689147948
Isaiah Hartenstein,2027,-1.8056564331054688,2024,2.6,-2.5434741020202636
Isaiah Hartenstein,2028,-1.8733312288920083,2024,2.6,-4.416805330912272
Isaiah Hartenstein,2029,-1.928966720898946,2024,2.6,-6.345772051811219
Isaiah Joe,2025,0.0999830365180969,2024,1.0,1.099983036518097
Isaiah Joe,2026,-0.1018340736627578,2024,1.0,0.998148962855339
Isaiah Joe,2027,-0.1056958548724651,2024,1.0,0.892453107982874
Isaiah Joe,2028,-0.1729843653738498,2024,1.0,0.7194687426090242
Isaiah Joe,2029,-0.2344460655003786,2024,1.0,0.48502267710864555
Isaiah Stewart,2025,0.1668341308832168,2024,-0.1,0.0668341308832168
Isaiah Stewart,2026,0.0541549175977706,2024,-0.1,0.1209890484809874
Isaiah Stewart,2027,0.0885364636778831,2024,-0.1,0.20952551215887052
Isaiah Stewart,2028,0.0756941214203834,2024,-0.1,0.28521963357925395
Isaiah Stewart,2029,0.0640655197203159,2024,-0.1,0.3492851532995699
Ish Smith,2025,0.2859556376934051,2024,-0.9,-0.614044362306595
Ish Smith,2026,0.3052792251110077,2024,-0.9,-0.3087651371955872
Ish Smith,2027,0.2850485444068908,2024,-0.9,-0.02371659278869631
Ish Smith,2028,0.2779112259546916,2024,-0.9,0.25419463316599533
Ish Smith,2029,0.270718773206075,2024,-0.9,0.5249134063720703
Ivica Zubac,2025,-0.2578237354755401,2024,1.3,1.0421762645244599
Ivica Zubac,2026,-0.1975525319576263,2024,1.3,0.8446237325668337
Ivica Zubac,2027,-0.2968938201665878,2024,1.3,0.5477299124002459
Ivica Zubac,2028,-0.3408953895171483,2024,1.3,0.20683452288309767
Ivica Zubac,2029,-0.3801152730981509,2024,1.3,-0.1732807502150533
Ja Morant,2024,1.54504132270813,2023,3.8,5.34504132270813
Ja Morant,2025,-1.292030543088913,2023,3.8,4.053010779619217
Ja Morant,2026,-0.676283948123455,2023,3.8,3.3767268314957617
Ja Morant,2027,-1.1023433382312458,2023,3.8,2.274383493264516
Ja Morant,2028,-1.4132750121255715,2023,3.8,0.8611084811389444
JaMychal Green,2024,-0.1102626249194145,2023,0.3,0.18973737508058547
JaMychal Green,2025,-0.0758734419941902,2023,0.3,0.11386393308639528
JaMychal Green,2026,-0.1246264465153217,2023,0.3,-0.010762513428926423
JaMychal Green,2027,-0.1465811344484488,2023,0.3,-0.15734364787737526
JaMychal Green,2028,-0.1685258628179629,2023,0.3,-0.32586951069533815
JaVale McGee,2025,-0.1533523350954055,2024,0.1,-0.05335233509540549
JaVale McGee,2026,-0.1338219791650772,2024,0.1,-0.18717431426048267
JaVale McGee,2027,-0.1723702996969223,2024,0.1,-0.359544613957405
JaVale McGee,2028,-0.1926155140002568,2024,0.1,-0.5521601279576618
JaVale McGee,2029,-0.2144116113583246,2024,0.1,-0.7665717393159864
Jaden McDaniels,2025,0.2373717427253723,2024,-0.3,-0.0626282572746277
Jaden McDaniels,2026,0.1222578883171081,2024,-0.3,0.05962963104248037
Jaden McDaniels,2027,0.1488431245088577,2024,-0.3,0.2084727555513381
Jaden McDaniels,2028,0.1304228752851486,2024,-0.3,0.3388956308364867
Jaden McDaniels,2029,0.1137473061680793,2024,-0.3,0.452642937004566
Jae Crowder,2025,0.2236312627792358,2024,-0.2,0.0236312627792358
Jae Crowder,2026,-0.0441496074199676,2024,-0.2,-0.020518344640731795
Jae Crowder,2027,0.0749924555420875,2024,-0.2,0.05447411090135573
Jae Crowder,2028,0.0646074339747428,2024,-0.2,0.11908154487609851
Jae Crowder,2029,0.053350212983787,2024,-0.2,0.17243175785988551
Jae'Sean Tate,2025,-0.0631917417049408,2024,-0.1,-0.1631917417049408
Jae'Sean Tate,2026,-0.0942624062299728,2024,-0.1,-0.2574541479349136
Jae'Sean Tate,2027,-0.0957024507224559,2024,-0.1,-0.3531565986573695
Jae'Sean Tate,2028,-0.1073335247735182,2024,-0.1,-0.4604901234308877
Jae'Sean Tate,2029,-0.1182784208407004,2024,-0.1,-0.5787685442715881
Jakob Poeltl,2025,-0.0166552141308784,2024,0.9,0.8833447858691216
Jakob Poeltl,2026,-0.4313803240656852,2024,0.9,0.4519644618034364
Jakob Poeltl,2027,-0.3626086711883545,2024,0.9,0.08935579061508192
Jakob Poeltl,2028,-0.4540655016899109,2024,0.9,-0.3647097110748291
Jakob Poeltl,2029,-0.5404301807284355,2024,0.9,-0.9051398918032646
Jalen Brunson,2025,-1.2259697914123535,2024,5.4,4.174030208587647
Jalen Brunson,2026,-2.6135525703430176,2024,5.4,1.5604776382446293
Jalen Brunson,2027,-2.0565638542175293,2024,5.4,-0.49608621597290004
Jalen Brunson,2028,-2.1207598050435386,2024,5.4,-2.616846021016439
Jalen Brunson,2029,-2.169897715250651,2024,5.4,-4.7867437362670895
Jalen McDaniels,2025,0.488837867975235,2024,-1.0,-0.511162132024765
Jalen McDaniels,2026,0.2187362015247345,2024,-1.0,-0.2924259305000305
Jalen McDaniels,2027,0.34400475025177,2024,-1.0,0.0515788197517395
Jalen McDaniels,2028,0.3379653493563334,2024,-1.0,0.38954416910807277
Jalen McDaniels,2029,0.3323963185151418,2024,-1.0,0.7219404876232145
Jamal Murray,2025,-1.037365198135376,2024,2.9,1.862634801864624
Jamal Murray,2026,-0.6327025890350342,2024,2.9,1.2299322128295898
Jamal Murray,2027,-1.3282753229141235,2024,2.9,-0.09834311008453378
Jamal Murray,2028,-1.5560344457626345,2024,2.9,-1.654377555847168
Jamal Murray,2029,-1.736739218235016,2024,2.9,-3.391116774082184
James Harden,2025,-1.0358620882034302,2024,3.8,2.7641379117965696
James Harden,2026,-1.7258793115615845,2024,3.8,1.0382586002349852
James Harden,2027,-1.4641548991203308,2024,3.8,-0.42589629888534564
James Harden,2028,-1.512856384118398,2024,3.8,-1.9387526830037434
James Harden,2029,-1.557444582382838,2024,3.8,-3.4961972653865816
Jaren Jackson Jr.,2025,0.5681589841842651,2024,1.3,1.8681589841842652
Jaren Jackson Jr.,2026,-0.3051349520683288,2024,1.3,1.5630240321159363
Jaren Jackson Jr.,2027,-0.0260125938802957,2024,1.3,1.5370114382356408
Jaren Jackson Jr.,2028,-0.1123697763929764,2024,1.3,1.4246416618426643
Jaren Jackson Jr.,2029,-0.1944303701942165,2024,1.3,1.2302112916484478
Jarrett Allen,2025,-0.5525232553482056,2024,3.1,2.5474767446517945
Jarrett Allen,2026,-0.7216402292251587,2024,3.1,1.8258365154266358
Jarrett Allen,2027,-0.7751345038414001,2024,3.1,1.0507020115852357
Jarrett Allen,2028,-0.8483589291572571,2024,3.1,0.2023430824279786
Jarrett Allen,2029,-0.9119924306869508,2024,3.1,-0.7096493482589721
Javonte Green,2024,-0.0626174062490463,2023,0.4,0.3373825937509537
Javonte Green,2025,0.0153260082006454,2023,0.4,0.35270860195159914
Javonte Green,2026,-0.0785168781876564,2023,0.4,0.27419172376394274
Javonte Green,2027,-0.1172901118795077,2023,0.4,0.15690161188443502
Javonte Green,2028,-0.1501794376720985,2023,0.4,0.006722174212336562
Jaxson Hayes,2025,-0.0221941135823726,2024,0.0,-0.0221941135823726
Jaxson Hayes,2026,-0.0975430347025394,2024,0.0,-0.119737148284912
Jaxson Hayes,2027,-0.0940348543226718,2024,0.0,-0.21377200260758378
Jaxson Hayes,2028,-0.1097737215459346,2024,0.0,-0.32354572415351834
Jaxson Hayes,2029,-0.1251129936426878,2024,0.0,-0.44865871779620614
Jaylen Brown,2025,-0.2949148714542389,2024,1.6,1.3050851285457612
Jaylen Brown,2026,-0.6621005833148956,2024,1.6,0.6429845452308656
Jaylen Brown,2027,-0.7962354570627213,2024,1.6,-0.15325091183185569
Jaylen Brown,2028,-0.9693768471479416,2024,1.6,-1.1226277589797973
Jaylen Brown,2029,-1.1123976334929466,2024,1.6,-2.235025392472744
Jayson Tatum,2025,0.0594546981155872,2024,4.7,4.759454698115587
Jayson Tatum,2026,-0.61325379088521,2024,4.7,4.146200907230377
Jayson Tatum,2027,-0.9555042833089828,2024,4.7,3.1906966239213945
Jayson Tatum,2028,-1.317105049888293,2024,4.7,1.8735915740331013
Jayson Tatum,2029,-1.6488712107141812,2024,4.7,0.2247203633189203
Jeff Green,2025,-0.1780091822147369,2024,0.0,-0.1780091822147369
Jeff Green,2026,-0.1307985484600067,2024,0.0,-0.30880773067474365
Jeff Green,2027,-0.1753155067563057,2024,0.0,-0.48412323743104935
Jeff Green,2028,-0.1884392028053601,2024,0.0,-0.6725624402364094
Jeff Green,2029,-0.2005674118796984,2024,0.0,-0.8731298521161078
Jerami Grant,2025,-0.0500854961574077,2024,0.9,0.8499145038425924
Jerami Grant,2026,-0.2283634431660175,2024,0.9,0.6215510606765748
Jerami Grant,2027,-0.2772461846470833,2024,0.9,0.34430487602949156
Jerami Grant,2028,-0.3669214968880017,2024,0.9,-0.022616620858510128
Jerami Grant,2029,-0.4579604479173819,2024,0.9,-0.480577068775892
Jevon Carter,2025,0.4132421314716339,2024,-0.5,-0.08675786852836609
Jevon Carter,2026,0.186087816953659,2024,-0.5,0.09932994842529297
Jevon Carter,2027,0.278241902589798,2024,-0.5,0.37757185101509094
Jevon Carter,2028,0.2656186123689015,2024,-0.5,0.6431904633839924
Jevon Carter,2029,0.2535842234889666,2024,-0.5,0.8967746868729591
Jimmy Butler,2025,-0.9282404780387878,2024,3.4,2.471759521961212
Jimmy Butler,2026,-2.063969671726227,2024,3.4,0.40778985023498526
Jimmy Butler,2027,-1.662682592868805,2024,3.4,-1.2548927426338197
Jimmy Butler,2028,-1.742672622203827,2024,3.4,-2.9975653648376466
Jimmy Butler,2029,-1.802047282457352,2024,3.4,-4.799612647294998
Joe Harris,2024,-0.100006990134716,2023,0.3,0.19999300986528398
Joe Harris,2025,-0.2846609130501747,2023,0.3,-0.08466790318489076
Joe Harris,2026,-0.2337550371885299,2023,0.3,-0.3184229403734207
Joe Harris,2027,-0.2614705214897792,2023,0.3,-0.5798934618631999
Joe Harris,2028,-0.2889440854390462,2023,0.3,-0.868837547302246
Joe Ingles,2025,-0.1054587811231613,2024,0.5,0.3945412188768387
Joe Ingles,2026,-0.2468985468149185,2024,0.5,0.14764267206192022
Joe Ingles,2027,-0.226186417043209,2024,0.5,-0.0785437449812888
Joe Ingles,2028,-0.2577852581938107,2024,0.5,-0.3363290031750995
Joe Ingles,2029,-0.2891561674575011,2024,0.5,-0.6254851706326006
Joel Embiid,2021,2.492464065551758,2024,4.5,6.992464065551758
Joel Embiid,2022,1.6549334526062012,2024,4.5,8.647397518157959
Joel Embiid,2023,1.4802880883216858,2024,4.5,10.127685606479645
Joel Embiid,2024,1.0525888800621033,2024,4.5,11.180274486541748
Joel Embiid,2025,0.6438453197479248,2024,4.5,11.824119806289673
John Collins,2025,0.0147419460117816,2024,0.5,0.5147419460117816
John Collins,2026,0.0260452814400196,2024,0.5,0.5407872274518012
John Collins,2027,-0.0175032168626785,2024,0.5,0.5232840105891227
John Collins,2028,-0.0412888502081235,2024,0.5,0.4819951603809992
John Collins,2029,-0.0651557749758164,2024,0.5,0.41683938540518284
John Konchar,2025,0.0195684619247913,2024,0.5,0.5195684619247913
John Konchar,2026,0.0402709431946277,2024,0.5,0.559839405119419
John Konchar,2027,-0.0222168862819671,2024,0.5,0.5376225188374519
John Konchar,2028,-0.0588636621832847,2024,0.5,0.4787588566541672
John Konchar,2029,-0.0957869095727801,2024,0.5,0.3829719470813871
John Wall,2024,-0.0330063216388225,2023,0.1,0.0669936783611775
John Wall,2025,-0.2794770784676075,2023,0.1,-0.21248340010643
John Wall,2026,-0.21951275318861,2023,0.1,-0.43199615329504004
John Wall,2027,-0.2561399713158607,2023,0.1,-0.6881361246109007
John Wall,2028,-0.2910411357879638,2023,0.1,-0.9791772603988645
Jonas Valanciunas,2025,-0.8742908239364624,2024,1.6,0.7257091760635377
Jonas Valanciunas,2026,-0.5158083438873291,2024,1.6,0.20990083217620858
Jonas Valanciunas,2027,-0.806110292673111,2024,1.6,-0.5962094604969024
Jonas Valanciunas,2028,-0.8722874820232391,2024,1.6,-1.4684969425201415
Jonas Valanciunas,2029,-0.9301306456327438,2024,1.6,-2.3986275881528853
Jordan Clarkson,2025,0.2780762016773224,2024,-1.1,-0.8219237983226777
Jordan Clarkson,2026,-0.0308481752872467,2024,-1.1,-0.8527719736099244
Jordan Clarkson,2027,0.0953845679759979,2024,-1.1,-0.7573874056339265
Jordan Clarkson,2028,0.0758195420106252,2024,-1.1,-0.6815678636233014
Jordan Clarkson,2029,0.0555102850000063,2024,-1.1,-0.6260575786232949
Jordan McLaughlin,2025,-0.3746410608291626,2024,1.0,0.6253589391708374
Jordan McLaughlin,2026,-0.0715755820274353,2024,1.0,0.5537833571434021
Jordan McLaughlin,2027,-0.3117422759532928,2024,1.0,0.24204108119010925
Jordan McLaughlin,2028,-0.3660485843817393,2024,1.0,-0.12400750319163012
Jordan McLaughlin,2029,-0.4118318234880765,2024,1.0,-0.5358393266797066
Jordan Nwora,2025,0.3710943162441253,2024,-0.1,0.2710943162441253
Jordan Nwora,2026,0.4573026597499847,2024,-0.1,0.72839697599411
Jordan Nwora,2027,0.3805450797080993,2024,-0.1,1.1089420557022092
Jordan Nwora,2028,0.361981193224589,2024,-0.1,1.4709232489267983
Jordan Nwora,2029,0.3460628961523374,2024,-0.1,1.8169861450791356
Jordan Poole,2025,0.4493263661861419,2024,-1.2,-0.750673633813858
Jordan Poole,2026,-0.0478620827198028,2024,-1.2,-0.7985357165336608
Jordan Poole,2027,0.1704649329185485,2024,-1.2,-0.6280707836151124
Jordan Poole,2028,0.1521811087926229,2024,-1.2,-0.47588967482248945
Jordan Poole,2029,0.135576798270146,2024,-1.2,-0.34031287655234344
Josh Green,2025,0.2170017063617706,2024,-0.3,-0.08299829363822939
Josh Green,2026,0.1758988499641418,2024,-0.3,0.09290055632591238
Josh Green,2027,0.1575104147195816,2024,-0.3,0.250410971045494
Josh Green,2028,0.1339667389790217,2024,-0.3,0.38437771002451565
Josh Green,2029,0.1117231783767541,2024,-0.3,0.4961008884012697
Josh Hart,2025,-0.1452957987785339,2024,1.4,1.254704201221466
Josh Hart,2026,-0.2101325392723083,2024,1.4,1.0445716619491576
Josh Hart,2027,-0.2352077886462211,2024,1.4,0.8093638733029367
Josh Hart,2028,-0.2753085568547249,2024,1.4,0.5340553164482118
Josh Hart,2029,-0.3193659670650959,2024,1.4,0.2146893493831159
Josh Okogie,2025,0.2206718325614929,2024,0.4,0.6206718325614929
Josh Okogie,2026,-0.0247893929481506,2024,0.4,0.5958824396133423
Josh Okogie,2027,0.045069895684719,2024,0.4,0.6409523352980613
Josh Okogie,2028,0.0131802186369895,2024,0.4,0.6541325539350509
Josh Okogie,2029,-0.0149467699229717,2024,0.4,0.6391857840120792
Josh Richardson,2025,0.0094480775296688,2024,0.2,0.20944807752966882
Josh Richardson,2026,-0.0777657963335514,2024,0.2,0.1316822811961174
Josh Richardson,2027,-0.0849771816283464,2024,0.2,0.046705099567771
Josh Richardson,2028,-0.117445424819986,2024,0.2,-0.07074032525221502
Josh Richardson,2029,-0.1502488221352299,2024,0.2,-0.2209891473874449
Jrue Holiday,2025,-0.0951281040906906,2024,2.4,2.3048718959093093
Jrue Holiday,2026,-0.4103422909975052,2024,2.4,1.894529604911804
Jrue Holiday,2027,-0.3305974453687668,2024,2.4,1.5639321595430373
Jrue Holiday,2028,-0.3806086331605911,2024,2.4,1.1833235263824462
Jrue Holiday,2029,-0.4329430535435676,2024,2.4,0.7503804728388785
Juancho Hernangomez,2024,0.2775227725505829,2023,-0.2,0.07752277255058287
Juancho Hernangomez,2025,0.0817044973373413,2023,-0.2,0.15922726988792418
Juancho Hernangomez,2026,0.1605699062347412,2023,-0.2,0.3197971761226654
Juancho Hernangomez,2027,0.1498995920022328,2023,-0.2,0.4696967681248982
Juancho Hernangomez,2028,0.1411200600365797,2023,-0.2,0.6108168281614779
Julius Randle,2025,0.8336554765701294,2024,1.6,2.4336554765701295
Julius Randle,2026,-1.473699688911438,2024,1.6,0.9599557876586915
Julius Randle,2027,-0.7451428472995758,2024,1.6,0.2148129403591157
Julius Randle,2028,-0.9941446880499522,2024,1.6,-0.7793317476908364
Julius Randle,2029,-1.2040246923764546,2024,1.6,-1.9833564400672912
Justin Holiday,2025,-0.4538967609405517,2024,0.1,-0.35389676094055167
Justin Holiday,2026,-0.4495952725410461,2024,0.1,-0.8034920334815978
Justin Holiday,2027,-0.4930559694766998,2024,0.1,-1.2965480029582974
Justin Holiday,2028,-0.5207828183968862,2024,0.1,-1.8173308213551835
Justin Holiday,2029,-0.5493594954411188,2024,0.1,-2.3666903167963023
Jusuf Nurkic,2025,-0.564380407333374,2024,1.6,1.035619592666626
Jusuf Nurkic,2026,-1.0881834030151367,2024,1.6,-0.05256381034851065
Jusuf Nurkic,2027,-0.9342072904109956,2024,1.6,-0.9867711007595061
Jusuf Nurkic,2028,-0.9931168456872304,2024,1.6,-1.9798879464467363
Jusuf Nurkic,2029,-1.050576890508334,2024,1.6,-3.0304648369550704
KJ Martin,2025,0.2506506443023681,2024,-0.4,-0.1493493556976319
KJ Martin,2026,-0.0520583689212799,2024,-0.4,-0.20140772461891182
KJ Martin,2027,0.075841337442398,2024,-0.4,-0.1255663871765138
KJ Martin,2028,0.0613063176472981,2024,-0.4,-0.0642600695292157
KJ Martin,2029,0.0475404780978957,2024,-0.4,-0.016719591431320013
Karl-Anthony Towns,2025,-0.089695356786251,2024,2.3,2.2103046432137488
Karl-Anthony Towns,2026,-1.2795337215065956,2024,2.3,0.9307709217071531
Karl-Anthony Towns,2027,-0.8188270926475525,2024,2.3,0.11194382905960065
Karl-Anthony Towns,2028,-0.8901629249254862,2024,2.3,-0.7782190958658854
Karl-Anthony Towns,2029,-0.9562941392262776,2024,2.3,-1.7345132350921633
Kawhi Leonard,2025,-0.530167281627655,2024,4.4,3.8698327183723453
Kawhi Leonard,2026,-1.011228621006012,2024,4.4,2.8586040973663334
Kawhi Leonard,2027,-0.924556702375412,2024,4.4,1.9340473949909214
Kawhi Leonard,2028,-1.0134943624337514,2024,4.4,0.9205530325571702
Kawhi Leonard,2029,-1.094073678056399,2024,4.4,-0.17352064549922908
Keita Bates-Diop,2025,-0.054775420576334,2024,0.2,0.145224579423666
Keita Bates-Diop,2026,-0.1384547315537929,2024,0.2,0.0067698478698731135
Keita Bates-Diop,2027,-0.125088557600975,2024,0.2,-0.11831870973110187
Keita Bates-Diop,2028,-0.1420064121484756,2024,0.2,-0.26032512187957746
Keita Bates-Diop,2029,-0.1601756028831005,2024,0.2,-0.4205007247626779
Keldon Johnson,2025,0.0789651721715927,2024,0.2,0.2789651721715927
Keldon Johnson,2026,0.033992163836956,2024,0.2,0.3129573360085487
Keldon Johnson,2027,0.0141040123999118,2024,0.2,0.3270613484084605
Keldon Johnson,2028,-0.0112294467786947,2024,0.2,0.3158319016297658
Keldon Johnson,2029,-0.0327987990652521,2024,0.2,0.28303310256451375
Kelly Olynyk,2025,-0.4892229735851288,2024,1.7,1.2107770264148712
Kelly Olynyk,2026,-0.6668091118335724,2024,1.7,0.5439679145812988
Kelly Olynyk,2027,-0.7503817677497864,2024,1.7,-0.2064138531684876
Kelly Olynyk,2028,-0.8415869275728861,2024,1.7,-1.0480007807413736
Kelly Olynyk,2029,-0.9220676024754842,2024,1.7,-1.970068383216858
Kelly Oubre Jr.,2025,-0.0829843133687973,2024,-0.1,-0.1829843133687973
Kelly Oubre Jr.,2026,-0.20500348508358,2024,-0.1,-0.3879877984523773
Kelly Oubre Jr.,2027,-0.1812789291143417,2024,-0.1,-0.569266727566719
Kelly Oubre Jr.,2028,-0.2073901941378911,2024,-0.1,-0.7766569217046101
Kelly Oubre Jr.,2029,-0.2350134054819742,2024,-0.1,-1.0116703271865843
Kenrich Williams,2025,-0.0903807580471038,2024,0.3,0.2096192419528962
Kenrich Williams,2026,-0.18556809425354,2024,0.3,0.02405114769935618
Kenrich Williams,2027,-0.1834565326571464,2024,0.3,-0.15940538495779022
Kenrich Williams,2028,-0.2134955103198687,2024,0.3,-0.37290089527765896
Kenrich Williams,2029,-0.2446309340496858,2024,0.3,-0.6175318293273449
Kentavious Caldwell-Pope,2025,-0.331996887922287,2024,0.4,0.06800311207771303
Kentavious Caldwell-Pope,2026,-0.4339909255504608,2024,0.4,-0.3659878134727478
Kentavious Caldwell-Pope,2027,-0.4476335346698761,2024,0.4,-0.8136213481426239
Kentavious Caldwell-Pope,2028,-0.4888960023721059,2024,0.4,-1.3025173505147296
Kentavious Caldwell-Pope,2029,-0.5286693523327509,2024,0.4,-1.8311867028474809
Kevin Durant,2025,-0.758631706237793,2024,4.3,3.541368293762207
Kevin Durant,2026,-3.1054084300994877,2024,4.3,0.4359598636627191
Kevin Durant,2027,-2.0871331095695496,2024,4.3,-1.65117324590683
Kevin Durant,2028,-2.164018372694651,2024,4.3,-3.8151916186014807
Kevin Durant,2029,-2.2256839176019034,2024,4.3,-6.040875536203385
Kevin Huerter,2025,-0.0006898157298564,2024,0.5,0.4993101842701436
Kevin Huerter,2026,-0.2765695340931415,2024,0.5,0.22274065017700212
Kevin Huerter,2027,-0.1850854009389877,2024,0.5,0.03765524923801444
Kevin Huerter,2028,-0.2148104459047317,2024,0.5,-0.1771551966667173
Kevin Huerter,2029,-0.2447167262434959,2024,0.5,-0.42187192291021325
Kevin Knox,2025,0.3539403080940246,2024,-0.4,-0.04605969190597542
Kevin Knox,2026,0.2432680130004882,2024,-0.4,0.1972083210945128
Kevin Knox,2027,0.2795712947845459,2024,-0.4,0.4767796158790587
Kevin Knox,2028,0.2684053778648376,2024,-0.4,0.7451849937438962
Kevin Knox,2029,0.2579590827226639,2024,-0.4,1.00314407646656
Kevin Love,2025,-1.6842706203460691,2024,1.3,-0.38427062034606907
Kevin Love,2026,-1.7122669219970703,2024,1.3,-2.09653754234314
Kevin Love,2027,-1.805571973323822,2024,1.3,-3.902109515666962
Kevin Love,2028,-1.8601355353991191,2024,1.3,-5.762245051066081
Kevin Love,2029,-1.9036799271901448,2024,1.3,-7.665924978256226
Kevon Looney,2025,0.2721107304096222,2024,0.8,1.0721107304096222
Kevon Looney,2026,-0.5057432353496552,2024,0.8,0.5663674950599671
Kevon Looney,2027,-0.2366988360881805,2024,0.8,0.3296686589717866
Kevon Looney,2028,-0.3164315323034922,2024,0.8,0.013237126668294463
Kevon Looney,2029,-0.3910996740063031,2024,0.8,-0.3778625473380086
Khris Middleton,2025,-0.3933439552783966,2024,1.2,0.8066560447216033
Khris Middleton,2026,-0.4904445707798004,2024,1.2,0.31621147394180293
Khris Middleton,2027,-0.5485386699438095,2024,1.2,-0.23232719600200658
Khris Middleton,2028,-0.6150461385647455,2024,1.2,-0.847373334566752
Khris Middleton,2029,-0.6767267559965452,2024,1.2,-1.5241000905632973
Klay Thompson,2025,-0.4503952860832214,2024,0.9,0.44960471391677864
Klay Thompson,2026,-0.4931845664978027,2024,0.9,-0.04357985258102404
Klay Thompson,2027,-0.5195919424295425,2024,0.9,-0.5631717950105667
Klay Thompson,2028,-0.5516756822665533,2024,0.9,-1.1148474772771202
Klay Thompson,2029,-0.5830295706788698,2024,0.9,-1.69787704795599
Kris Dunn,2025,-0.0355125442147254,2024,0.6,0.5644874557852746
Kris Dunn,2026,-0.0956246182322502,2024,0.6,0.4688628375530244
Kris Dunn,2027,-0.1172836050391197,2024,0.6,0.35157923251390466
Kris Dunn,2028,-0.1456842496991157,2024,0.6,0.20589498281478896
Kris Dunn,2029,-0.1725026965141296,2024,0.6,0.03339228630065938
Kristaps Porzingis,2025,-0.3621505796909332,2024,3.0,2.6378494203090668
Kristaps Porzingis,2026,-0.3718960583209991,2024,3.0,2.2659533619880676
Kristaps Porzingis,2027,-0.5941079407930374,2024,3.0,1.6718454211950302
Kristaps Porzingis,2028,-0.7299171537160873,2024,3.0,0.9419282674789429
Kristaps Porzingis,2029,-0.858027957379818,2024,3.0,0.08390031009912491
Kyle Anderson,2025,-0.1270008981227874,2024,1.4,1.2729991018772124
Kyle Anderson,2026,-0.6473865211009979,2024,1.4,0.6256125807762146
Kyle Anderson,2027,-0.5421890467405319,2024,1.4,0.08342353403568259
Kyle Anderson,2028,-0.6364915122588476,2024,1.4,-0.5530679782231651
Kyle Anderson,2029,-0.725583645204703,2024,1.4,-1.278651623427868
Kyle Kuzma,2025,-0.1311429738998413,2024,0.5,0.3688570261001587
Kyle Kuzma,2026,-0.1716161668300628,2024,0.5,0.19724085927009588
Kyle Kuzma,2027,-0.2236882597208023,2024,0.5,-0.026447400450706482
Kyle Kuzma,2028,-0.270437295238177,2024,0.5,-0.29688469568888354
Kyle Kuzma,2029,-0.31345018496116,2024,0.5,-0.6103348806500435
Kyle Lowry,2025,-0.2861117720603943,2024,0.4,0.11388822793960574
Kyle Lowry,2026,-0.4227880239486694,2024,0.4,-0.3088997960090637
Kyle Lowry,2027,-0.4148832857608795,2024,0.4,-0.7237830817699432
Kyle Lowry,2028,-0.4532835781574249,2024,0.4,-1.1770666599273683
Kyle Lowry,2029,-0.4913200139999389,2024,0.4,-1.6683866739273072
Kyrie Irving,2025,-0.9691829681396484,2024,3.6,2.6308170318603517
Kyrie Irving,2026,-1.0829932689666748,2024,3.6,1.5478237628936768
Kyrie Irving,2027,-1.1824246048927307,2024,3.6,0.36539915800094613
Kyrie Irving,2028,-1.2749058604240415,2024,3.6,-0.9095067024230956
Kyrie Irving,2029,-1.358694851398468,2024,3.6,-2.2682015538215636
Lamar Stevens,2025,0.1948356926441192,2024,0.0,0.1948356926441192
Lamar Stevens,2026,0.4057494103908539,2024,0.0,0.6005851030349731
Lamar Stevens,2027,0.2691290825605392,2024,0.0,0.8697141855955124
Lamar Stevens,2028,0.2503598481416702,2024,0.0,1.1200740337371826
Lamar Stevens,2029,0.2327352613210678,2024,0.0,1.3528092950582504
Landry Shamet,2025,0.3243277668952942,2024,-0.4,-0.07567223310470583
Landry Shamet,2026,0.0333339571952819,2024,-0.4,-0.04233827590942396
Landry Shamet,2027,0.1569854766130447,2024,-0.4,0.11464720070362078
Landry Shamet,2028,0.1439112077156702,2024,-0.4,0.258558408419291
Landry Shamet,2029,0.1318132628997167,2024,-0.4,0.39037167131900774
Larry Nance Jr.,2025,-0.3832161426544189,2024,1.2,0.816783857345581
Larry Nance Jr.,2026,-0.449931800365448,2024,1.2,0.366852056980133
Larry Nance Jr.,2027,-0.4642707109451294,2024,1.2,-0.09741865396499638
Larry Nance Jr.,2028,-0.4949456652005513,2024,1.2,-0.5923643191655477
Larry Nance Jr.,2029,-0.5249868209163348,2024,1.2,-1.1173511400818825
Lauri Markkanen,2025,0.1263511776924133,2024,2.6,2.7263511776924134
Lauri Markkanen,2026,-0.4118539988994598,2024,2.6,2.3144971787929536
Lauri Markkanen,2027,-0.2805925011634826,2024,2.6,2.033904677629471
Lauri Markkanen,2028,-0.3702407578627268,2024,2.6,1.6636639197667442
Lauri Markkanen,2029,-0.4843082179625829,2024,2.6,1.1793557018041612
LeBron James,2025,-1.668480634689331,2024,5.4,3.7315193653106693
LeBron James,2026,-1.639202356338501,2024,5.4,2.0923170089721683
LeBron James,2027,-1.8297268152236936,2024,5.4,0.2625901937484745
LeBron James,2028,-1.9050905307133992,2024,5.4,-1.6425003369649245
LeBron James,2029,-1.9661927620569863,2024,5.4,-3.6086930990219113
Lonnie Walker IV,2025,0.2312482893466949,2024,0.2,0.4312482893466949
Lonnie Walker IV,2026,0.3331905901432037,2024,0.2,0.7644388794898986
Lonnie Walker IV,2027,0.2346042841672897,2024,0.2,0.9990431636571884
Lonnie Walker IV,2028,0.2077173143625259,2024,0.2,1.206760478019714
Lonnie Walker IV,2029,0.1831422075629234,2024,0.2,1.3899026855826375
Luguentz Dort,2025,-0.2891542613506317,2024,0.2,-0.0891542613506317
Luguentz Dort,2026,-0.2108096182346344,2024,0.2,-0.2999638795852661
Luguentz Dort,2027,-0.2898383140563965,2024,0.2,-0.5898021936416626
Luguentz Dort,2028,-0.3164488077163696,2024,0.2,-0.9062510013580323
Luguentz Dort,2029,-0.345299981534481,2024,0.2,-1.2515509828925133
Luka Doncic,2023,-0.5231097936630249,2024,8.0,7.476890206336975
Luka Doncic,2024,-0.8078296184539795,2024,8.0,6.669060587882996
Luka Doncic,2025,-0.9019938707351683,2024,8.0,5.767066717147827
Luka Doncic,2026,-1.0234359900156658,2024,8.0,4.743630727132161
Luka Doncic,2027,-1.1331793268521626,2024,8.0,3.610451400279999
Luke Kennard,2025,0.0168916247785091,2024,0.4,0.4168916247785091
Luke Kennard,2026,-0.0926092825829982,2024,0.4,0.3242823421955109
Luke Kennard,2027,-0.0906932502985,2024,0.4,0.2335890918970109
Luke Kennard,2028,-0.1244040975968043,2024,0.4,0.10918499430020662
Luke Kennard,2029,-0.1559397721042235,2024,0.4,-0.04675477780401688
Luke Kornet,2025,-0.5062101483345032,2024,1.3,0.7937898516654969
Luke Kornet,2026,-0.5809690356254578,2024,1.3,0.2128208160400391
Luke Kornet,2027,-0.6244000792503357,2024,1.3,-0.4115792632102966
Luke Kornet,2028,-0.6826051672299703,2024,1.3,-1.094184430440267
Luke Kornet,2029,-0.7391706506411234,2024,1.3,-1.8333550810813903
Malachi Flynn,2025,0.107070967555046,2024,0.0,0.107070967555046
Malachi Flynn,2026,0.1801898032426834,2024,0.0,0.2872607707977294
Malachi Flynn,2027,0.105906456708908,2024,0.0,0.39316722750663735
Malachi Flynn,2028,0.0821036795775095,2024,0.0,0.4752709070841469
Malachi Flynn,2029,0.0605561484893163,2024,0.0,0.5358270555734632
Malcolm Brogdon,2025,0.2866894006729126,2024,1.1,1.3866894006729127
Malcolm Brogdon,2026,-0.3263963684439659,2024,1.1,1.0602930322289468
Malcolm Brogdon,2027,-0.1499922145158052,2024,1.1,0.9103008177131415
Malcolm Brogdon,2028,-0.2284434890995423,2024,1.1,0.6818573286135993
Malcolm Brogdon,2029,-0.2982543039446075,2024,1.1,0.38360302466899177
Malik Beasley,2025,-0.345600813627243,2024,0.1,-0.24560081362724298
Malik Beasley,2026,-0.4024769961833954,2024,0.1,-0.6480778098106384
Malik Beasley,2027,-0.4217896908521652,2024,0.1,-1.0698675006628036
Malik Beasley,2028,-0.4556161711613337,2024,0.1,-1.5254836718241371
Malik Beasley,2029,-0.4874204819401105,2024,0.1,-2.012904153764248
Malik Monk,2025,0.0465390868484973,2024,1.2,1.2465390868484973
Malik Monk,2026,-0.416059035807848,2024,1.2,0.8304800510406493
Malik Monk,2027,-0.4022177010774612,2024,1.2,0.4282623499631881
Malik Monk,2028,-0.5213258316119512,2024,1.2,-0.09306348164876321
Malik Monk,2029,-0.6244578758875529,2024,1.2,-0.717521357536316
Marcus Morris,2025,0.3408003449440002,2024,-0.4,-0.059199655055999834
Marcus Morris,2026,0.1905837059020996,2024,-0.4,0.13138405084609983
Marcus Morris,2027,0.2513183802366256,2024,-0.4,0.3827024310827255
Marcus Morris,2028,0.2418820609649022,2024,-0.4,0.6245844920476277
Marcus Morris,2029,0.2324830169479052,2024,-0.4,0.857067508995533
Marcus Smart,2024,-0.2629624009132385,2023,0.5,0.23703759908676147
Marcus Smart,2025,-0.6601623296737671,2023,0.5,-0.4231247305870056
Marcus Smart,2026,-0.5510497540235519,2023,0.5,-0.9741744846105576
Marcus Smart,2027,-0.5983361154794693,2023,0.5,-1.5725106000900269
Marcus Smart,2028,-0.6400508508086205,2023,0.5,-2.2125614508986473
Markieff Morris,2024,0.3364075720310211,2023,-0.1,0.2364075720310211
Markieff Morris,2025,0.2111704647541046,2023,-0.1,0.44757803678512575
Markieff Morris,2026,0.2432539463043213,2023,-0.1,0.690831983089447
Markieff Morris,2027,0.2234699924786885,2023,-0.1,0.9143019755681355
Markieff Morris,2028,0.2046754087011019,2023,-0.1,1.1189773842692374
Marvin Bagley III,2025,0.0269209258258342,2024,0.4,0.42692092582583424
Marvin Bagley III,2026,-0.0342182181775569,2024,0.4,0.3927027076482773
Marvin Bagley III,2027,-0.0397509280592203,2024,0.4,0.352951779589057
Marvin Bagley III,2028,-0.0607981390009323,2024,0.4,0.2921536405881247
Marvin Bagley III,2029,-0.0812872157742579,2024,0.4,0.2108664248138668
Mason Plumlee,2025,0.1987019777297973,2024,0.2,0.3987019777297973
Mason Plumlee,2026,-0.5038875043392181,2024,0.2,-0.10518552660942082
Mason Plumlee,2027,-0.2074258998036384,2024,0.2,-0.3126114264130592
Mason Plumlee,2028,-0.2417751972874005,2024,0.2,-0.5543866237004598
Mason Plumlee,2029,-0.2771849284569422,2024,0.2,-0.8315715521574021
Matisse Thybulle,2025,-0.1287449896335601,2024,0.9,0.77125501036644
Matisse Thybulle,2026,-0.0968716144561767,2024,0.9,0.6743833959102632
Matisse Thybulle,2027,-0.1520773842930793,2024,0.9,0.5223060116171839
Matisse Thybulle,2028,-0.1767012899120648,2024,0.9,0.34560472170511913
Matisse Thybulle,2029,-0.199463444451491,2024,0.9,0.14614127725362813
Matthew Dellavedova,2024,0.3921378552913666,2023,-0.2,0.19213785529136657
Matthew Dellavedova,2025,0.1948362290859222,2023,-0.2,0.3869740843772888
Matthew Dellavedova,2026,0.2719779163599014,2023,-0.2,0.6589520007371903
Matthew Dellavedova,2027,0.2579942593971888,2023,-0.2,0.916946260134379
Matthew Dellavedova,2028,0.2435476382573445,2023,-0.2,1.1604938983917235
Max Strus,2025,-0.5483017563819885,2024,0.8,0.2516982436180115
Max Strus,2026,-0.7057376503944397,2024,0.8,-0.4540394067764282
Max Strus,2027,-0.6885019242763519,2024,0.8,-1.14254133105278
Max Strus,2028,-0.7315281530221304,2024,0.8,-1.8740694840749106
Max Strus,2029,-0.7732419619957606,2024,0.8,-2.6473114460706713
Maxi Kleber,2025,-0.1049483269453048,2024,0.2,0.09505167305469521
Maxi Kleber,2026,-0.1613851338624954,2024,0.2,-0.06633346080780017
Maxi Kleber,2027,-0.1763501390814781,2024,0.2,-0.2426835998892783
Maxi Kleber,2028,-0.2035370642940203,2024,0.2,-0.4462206641832986
Maxi Kleber,2029,-0.2316632544000943,2024,0.2,-0.6778839185833929
Michael Porter Jr.,2025,-0.6097402572631836,2024,1.3,0.6902597427368165
Michael Porter Jr.,2026,-0.8646156787872314,2024,1.3,-0.174355936050415
Michael Porter Jr.,2027,-0.8321867287158966,2024,1.3,-1.0065426647663116
Michael Porter Jr.,2028,-0.8993071417013804,2024,1.3,-1.9058498064676919
Michael Porter Jr.,2029,-0.9667138954003652,2024,1.3,-2.8725637018680574
Mikal Bridges,2025,-0.2005946487188339,2024,1.2,0.999405351281166
Mikal Bridges,2026,-0.5603066831827164,2024,1.2,0.43909866809844966
Mikal Bridges,2027,-0.4462593346834183,2024,1.2,-0.007160666584968611
Mikal Bridges,2028,-0.4910440494616826,2024,1.2,-0.4982047160466512
Mikal Bridges,2029,-0.5383025581638018,2024,1.2,-1.036507274210453
Mike Conley,2025,-1.4411861896514893,2024,3.0,1.5588138103485107
Mike Conley,2026,-1.5472228527069092,2024,3.0,0.011590957641601562
Mike Conley,2027,-1.5394827127456665,2024,3.0,-1.527891755104065
Mike Conley,2028,-1.560702363650004,2024,3.0,-3.0885941187540684
Mike Conley,2029,-1.5769550999005637,2024,3.0,-4.665549218654633
Mike Muscala,2025,0.725037157535553,2024,-0.5,0.22503715753555298
Mike Muscala,2026,0.5211725831031799,2024,-0.5,0.7462097406387329
Mike Muscala,2027,0.6049193143844604,2024,-0.5,1.3511290550231934
Mike Muscala,2028,0.592278003692627,2024,-0.5,1.9434070587158203
Mike Muscala,2029,0.5790735483169556,2024,-0.5,2.522480607032776
Miles Bridges,2025,1.2799581289291382,2024,0.6,1.8799581289291383
Miles Bridges,2026,0.1752340793609619,2024,0.6,2.0551922082901
Miles Bridges,2027,0.6612791121006012,2024,0.6,2.7164713203907014
Miles Bridges,2028,0.6181539396444956,2024,0.6,3.334625260035197
Miles Bridges,2029,0.5755938639243444,2024,0.6,3.9102191239595414
Mitchell Robinson,2025,0.3868632018566131,2024,0.4,0.7868632018566131
Mitchell Robinson,2026,-0.0898537933826446,2024,0.4,0.6970094084739685
Mitchell Robinson,2027,0.0920953005552291,2024,0.4,0.7891047090291976
Mitchell Robinson,2028,0.0558398713668187,2024,0.4,0.8449445803960163
Mitchell Robinson,2029,0.021476484524707,2024,0.4,0.8664210649207233
Mo Bamba,2025,0.3082254827022552,2024,0.2,0.5082254827022552
Mo Bamba,2026,-0.0616769790649414,2024,0.2,0.4465485036373138
Mo Bamba,2027,0.0453251674771308,2024,0.2,0.4918736711144446
Mo Bamba,2028,-0.002035342156887,2024,0.2,0.4898383289575576
Mo Bamba,2029,-0.0452526714652776,2024,0.2,0.44458565749227996
Monte Morris,2025,-0.034077014774084,2024,0.3,0.265922985225916
Monte Morris,2026,-0.1340338326990604,2024,0.3,0.13188915252685557
Monte Morris,2027,-0.1342439353466034,2024,0.3,-0.002354782819747825
Monte Morris,2028,-0.1610855162143707,2024,0.3,-0.16344029903411855
Monte Morris,2029,-0.1851104460656643,2024,0.3,-0.34855074509978284
Montrezl Harrell,2024,0.5334132313728333,2023,0.1,0.6334132313728332
Montrezl Harrell,2025,-0.5461881458759308,2023,0.1,0.08722508549690247
Montrezl Harrell,2026,-0.0414264667779207,2023,0.1,0.04579861871898177
Montrezl Harrell,2027,-0.0613334011286497,2023,0.1,-0.015534782409667935
Montrezl Harrell,2028,-0.0812863949686288,2023,0.1,-0.09682117737829674
Moritz Wagner,2025,-0.4782790243625641,2024,1.4,0.9217209756374358
Moritz Wagner,2026,-0.3365552723407745,2024,1.4,0.5851657032966613
Moritz Wagner,2027,-0.5508848875761032,2024,1.4,0.03428081572055808
Moritz Wagner,2028,-0.6391169379154841,2024,1.4,-0.6048361221949259
Moritz Wagner,2029,-0.7240598325928053,2024,1.4,-1.3288959547877313
Myles Turner,2025,-0.1181163489818573,2024,1.5,1.3818836510181427
Myles Turner,2026,-0.5869454443454742,2024,1.5,0.7949382066726685
Myles Turner,2027,-0.4627002626657486,2024,1.5,0.33223794400691986
Myles Turner,2028,-0.5343950043121973,2024,1.5,-0.20215706030527736
Myles Turner,2029,-0.6012633567055067,2024,1.5,-0.8034204170107841
Naji Marshall,2025,-0.1613091379404068,2024,0.4,0.23869086205959322
Naji Marshall,2026,-0.1323809474706649,2024,0.4,0.10630991458892836
Naji Marshall,2027,-0.1865264028310775,2024,0.4,-0.08021648824214911
Naji Marshall,2028,-0.2111513962348302,2024,0.4,-0.29136788447697926
Naji Marshall,2029,-0.234231154123942,2024,0.4,-0.5255990386009213
Nassir Little,2025,0.078971728682518,2024,-0.1,-0.021028271317482
Nassir Little,2026,0.0366841629147529,2024,-0.1,0.015655891597270905
Nassir Little,2027,0.032143872231245,2024,-0.1,0.04779976382851589
Nassir Little,2028,0.0173594467341899,2024,-0.1,0.0651592105627058
Nassir Little,2029,0.0037825461477041,2024,-0.1,0.06894175671040989
Naz Reid,2025,-0.244211345911026,2024,1.7,1.455788654088974
Naz Reid,2026,-0.2843686044216156,2024,1.7,1.1714200496673584
Naz Reid,2027,-0.4467970877885818,2024,1.7,0.7246229618787765
Naz Reid,2028,-0.5606871495644251,2024,1.7,0.1639358123143515
Naz Reid,2029,-0.6595924471815428,2024,1.7,-0.49565663486719136
Nic Claxton,2025,0.7022883892059326,2024,1.7,2.402288389205933
Nic Claxton,2026,-0.8898410797119141,2024,1.7,1.5124473094940185
Nic Claxton,2027,-0.2933626025915146,2024,1.7,1.219084706902504
Nic Claxton,2028,-0.4204456955194473,2024,1.7,0.7986390113830566
Nic Claxton,2029,-0.5497253388166428,2024,1.7,0.24891367256641383
Nickeil Alexander-Walker,2025,-0.4536027014255523,2024,1.1,0.6463972985744477
Nickeil Alexander-Walker,2026,-0.4836818277835846,2024,1.1,0.16271547079086313
Nickeil Alexander-Walker,2027,-0.5503638535737991,2024,1.1,-0.387648382782936
Nickeil Alexander-Walker,2028,-0.60068907837073,2024,1.1,-0.9883374611536659
Nickeil Alexander-Walker,2029,-0.6505126928289732,2024,1.1,-1.6388501539826392
Nicolas Batum,2025,-0.3014279007911682,2024,0.6,0.29857209920883176
Nicolas Batum,2026,-0.4255605936050415,2024,0.6,-0.12698849439620974
Nicolas Batum,2027,-0.4107558876276016,2024,0.6,-0.5377443820238114
Nicolas Batum,2028,-0.4417938043673833,2024,0.6,-0.9795381863911946
Nicolas Batum,2029,-0.4719133550922076,2024,0.6,-1.4514515414834022
Nikola Jokic,2021,1.925974726676941,2024,10.6,12.52597472667694
Nikola Jokic,2022,1.6017931699752808,2024,10.6,14.127767896652221
Nikola Jokic,2023,1.3777551054954529,2024,10.6,15.505523002147674
Nikola Jokic,2024,1.068735897541046,2024,10.6,16.574258899688722
Nikola Jokic,2025,0.7251322567462921,2024,10.6,17.299391156435014
Nikola Vucevic,2025,-0.5024062991142273,2024,1.4,0.8975937008857726
Nikola Vucevic,2026,-1.0677384734153748,2024,1.4,-0.17014477252960214
Nikola Vucevic,2027,-0.9235420525074004,2024,1.4,-1.0936868250370027
Nikola Vucevic,2028,-1.0079390307267506,2024,1.4,-2.101625855763753
Nikola Vucevic,2029,-1.0916418830553691,2024,1.4,-3.1932677388191224
Norman Powell,2025,-0.0987164825201034,2024,0.6,0.5012835174798966
Norman Powell,2026,-0.3558060377836227,2024,0.6,0.1454774796962739
Norman Powell,2027,-0.264710284769535,2024,0.6,-0.11923280507326106
Norman Powell,2028,-0.2951285565892855,2024,0.6,-0.41436136166254667
Norman Powell,2029,-0.325502307464679,2024,0.6,-0.7398636691272257
OG Anunoby,2025,0.0790348351001739,2024,0.6,0.6790348351001738
OG Anunoby,2026,-0.2092760354280471,2024,0.6,0.46975879967212675
OG Anunoby,2027,-0.0931050814688205,2024,0.6,0.3766537182033063
OG Anunoby,2028,-0.1104749254882335,2024,0.6,0.2661787927150728
OG Anunoby,2029,-0.1276940461248159,2024,0.6,0.1384847465902569
Obi Toppin,2025,-0.4254047572612762,2024,1.5,1.0745952427387238
Obi Toppin,2026,-0.2846995890140533,2024,1.5,0.7898956537246705
Obi Toppin,2027,-0.4943927973508835,2024,1.5,0.2955028563737869
Obi Toppin,2028,-0.5736914426088333,2024,1.5,-0.2781885862350464
Obi Toppin,2029,-0.6491103246808052,2024,1.5,-0.9272989109158516
Onyeka Okongwu,2025,-0.0470016971230506,2024,0.5,0.4529983028769494
Onyeka Okongwu,2026,-0.3187834247946739,2024,0.5,0.1342148780822755
Onyeka Okongwu,2027,-0.2412258684635162,2024,0.5,-0.10701099038124073
Onyeka Okongwu,2028,-0.2810196578502655,2024,0.5,-0.38803064823150624
Onyeka Okongwu,2029,-0.3167964816093445,2024,0.5,-0.7048271298408508
P.J. Tucker,2025,0.0908828973770141,2024,-0.2,-0.1091171026229859
P.J. Tucker,2026,0.0010458156466484,2024,-0.2,-0.1080712869763375
P.J. Tucker,2027,0.0280428752303123,2024,-0.2,-0.08002841174602521
P.J. Tucker,2028,0.0175393720467885,2024,-0.2,-0.06248903969923669
P.J. Tucker,2029,0.0077402970443169,2024,-0.2,-0.0547487426549198
P.J. Washington,2025,0.2937118113040924,2024,-0.1,0.1937118113040924
P.J. Washington,2026,0.1030328571796417,2024,-0.1,0.29674466848373415
P.J. Washington,2027,0.1657358855009079,2024,-0.1,0.46248055398464205
P.J. Washington,2028,0.147410586476326,2024,-0.1,0.609891140460968
P.J. Washington,2029,0.1316198818385601,2024,-0.1,0.7415110222995281
Pascal Siakam,2025,0.6804554462432861,2024,2.7,3.3804554462432863
Pascal Siakam,2026,-0.349512368440628,2024,2.7,3.0309430778026583
Pascal Siakam,2027,0.0283739790320396,2024,2.7,3.059317056834698
Pascal Siakam,2028,-0.0648666595419248,2024,2.7,2.994450397292773
Pascal Siakam,2029,-0.1556271982068816,2024,2.7,2.8388231990858914
Pat Connaughton,2025,0.1267187297344207,2024,0.2,0.32671872973442073
Pat Connaughton,2026,0.0145521759986877,2024,0.2,0.34127090573310837
Pat Connaughton,2027,0.0280631352216005,2024,0.2,0.3693340409547089
Pat Connaughton,2028,0.0025982788453499,2024,0.2,0.3719323198000588
Pat Connaughton,2029,-0.023253045665721,2024,0.2,0.3486792741343378
Patrick Beverley,2025,-0.0337815172970294,2024,0.3,0.2662184827029706
Patrick Beverley,2026,-0.0251137278974056,2024,0.3,0.24110475480556498
Patrick Beverley,2027,-0.083765048533678,2024,0.3,0.15733970627188698
Patrick Beverley,2028,-0.120005623747905,2024,0.3,0.037334082523982015
Patrick Beverley,2029,-0.1597010424981514,2024,0.3,-0.12236695997416941
Patty Mills,2025,0.324612945318222,2024,-0.3,0.024612945318222
Patty Mills,2026,0.1440840065479278,2024,-0.3,0.1686969518661498
Patty Mills,2027,0.2219768315553665,2024,-0.3,0.3906737834215163
Patty Mills,2028,0.214121068517367,2024,-0.3,0.6047948519388833
Patty Mills,2029,0.2068536033233007,2024,-0.3,0.8116484552621839
Paul George,2025,-1.4790654182434082,2024,3.3,1.8209345817565916
Paul George,2026,-1.360748529434204,2024,3.3,0.4601860523223875
Paul George,2027,-1.5623567700386047,2024,3.3,-1.1021707177162172
Paul George,2028,-1.6341466307640076,2024,3.3,-2.736317348480225
Paul George,2029,-1.6937218606472015,2024,3.3,-4.430039209127426
Payton Pritchard,2025,-0.6109625697135925,2024,1.4,0.7890374302864074
Payton Pritchard,2026,-0.3628300428390503,2024,1.4,0.4262073874473571
Payton Pritchard,2027,-0.6272246092557907,2024,1.4,-0.20101722180843362
Payton Pritchard,2028,-0.713253473242124,2024,1.4,-0.9142706950505577
Payton Pritchard,2029,-0.7959219093124071,2024,1.4,-1.7101926043629647
Precious Achiuwa,2025,0.271632432937622,2024,0.2,0.471632432937622
Precious Achiuwa,2026,0.2514089941978454,2024,0.2,0.7230414271354675
Precious Achiuwa,2027,0.2005518674850464,2024,0.2,0.9235932946205139
Precious Achiuwa,2028,0.1662286520004272,2024,0.2,1.089821946620941
Precious Achiuwa,2029,0.1350938715040683,2024,0.2,1.2249158181250093
RJ Barrett,2025,-0.2325644791126251,2024,0.6,0.36743552088737486
RJ Barrett,2026,0.0468763709068298,2024,0.6,0.4143118917942047
RJ Barrett,2027,-0.1968114376068115,2024,0.6,0.21750045418739317
RJ Barrett,2028,-0.2708986898263295,2024,0.6,-0.05339823563893631
RJ Barrett,2029,-0.3425073872009913,2024,0.6,-0.3959056228399276
Raul Neto,2024,-0.2921582758426666,2023,0.2,-0.09215827584266661
Raul Neto,2025,-0.1258527934551239,2023,0.2,-0.21801106929779052
Raul Neto,2026,-0.2646083533763885,2023,0.2,-0.48261942267417907
Raul Neto,2027,-0.3007674117883046,2023,0.2,-0.7833868344624837
Raul Neto,2028,-0.3406505907575289,2023,0.2,-1.1240374252200127
Reggie Bullock,2025,0.207447201013565,2024,0.0,0.207447201013565
Reggie Bullock,2026,0.1421835422515869,2024,0.0,0.34963074326515187
Reggie Bullock,2027,0.1471035256981849,2024,0.0,0.4967342689633368
Reggie Bullock,2028,0.1289525752266248,2024,0.0,0.6256868441899616
Reggie Bullock,2029,0.1111240933338801,2024,0.0,0.7368109375238416
Reggie Jackson,2025,-0.0047227889299392,2024,-0.6,-0.6047227889299391
Reggie Jackson,2026,-0.0165198817849159,2024,-0.6,-0.6212426707148551
Reggie Jackson,2027,-0.0591615065932273,2024,-0.6,-0.6804041773080823
Reggie Jackson,2028,-0.0888128528992335,2024,-0.6,-0.7692170302073159
Reggie Jackson,2029,-0.1182473053534825,2024,-0.6,-0.8874643355607984
Richaun Holmes,2025,-0.124608501791954,2024,-0.2,-0.324608501791954
Richaun Holmes,2026,-0.1423902064561844,2024,-0.2,-0.4669987082481384
Richaun Holmes,2027,-0.1387656703591346,2024,-0.2,-0.6057643786072731
Richaun Holmes,2028,-0.1415950680772463,2024,-0.2,-0.7473594466845193
Richaun Holmes,2029,-0.1436980714400609,2024,-0.2,-0.8910575181245801
Ricky Rubio,2024,0.5169069766998291,2023,-0.1,0.4169069766998291
Ricky Rubio,2025,0.1766514182090759,2023,-0.1,0.593558394908905
Ricky Rubio,2026,0.2882916629314422,2023,-0.1,0.8818500578403473
Ricky Rubio,2027,0.2508860131104787,2023,-0.1,1.1327360709508258
Ricky Rubio,2028,0.2135844553510348,2023,-0.1,1.3463205263018607
Robert Covington,2024,-0.3164709508419037,2023,0.7,0.38352904915809627
Robert Covington,2025,-0.1771605908870697,2023,0.7,0.20636845827102657
Robert Covington,2026,-0.3311310559511184,2023,0.7,-0.1247625976800919
Robert Covington,2027,-0.3911778777837753,2023,0.7,-0.5159404754638672
Robert Covington,2028,-0.456974521279335,2023,0.7,-0.9729149967432023
Robert Williams,2024,0.0148897655308246,2023,1.1,1.1148897655308248
Robert Williams,2025,-0.6989239938557148,2023,1.1,0.41596577167510984
Robert Williams,2026,-0.4843517988920212,2023,1.1,-0.06838602721691123
Robert Williams,2027,-0.5802294363578161,2023,1.1,-0.6486154635747274
Robert Williams,2028,-0.6662882889310519,2023,1.1,-1.3149037525057792
Robin Lopez,2024,0.1214943528175354,2023,-0.1,0.021494352817535395
Robin Lopez,2025,-0.0150538906455039,2023,-0.1,0.006440462172031494
Robin Lopez,2026,0.0330848097801208,2023,-0.1,0.0395252719521523
Robin Lopez,2027,0.0219497357805569,2023,-0.1,0.0614750077327092
Robin Lopez,2028,0.0105506187925736,2023,-0.1,0.0720256265252828
Rodney McGruder,2024,-0.1264853328466415,2023,0.1,-0.026485332846641507
Rodney McGruder,2025,-0.1658091396093368,2023,0.1,-0.19229447245597828
Rodney McGruder,2026,-0.1619478613138198,2023,0.1,-0.3542423337697981
Rodney McGruder,2027,-0.1725357721249262,2023,0.1,-0.5267781058947243
Rodney McGruder,2028,-0.1847170790036519,2023,0.1,-0.7114951848983762
Royce O'Neale,2025,0.0927885472774505,2024,1.0,1.0927885472774506
Royce O'Neale,2026,0.0798134803771972,2024,1.0,1.1726020276546478
Royce O'Neale,2027,0.0213067140430212,2024,1.0,1.193908741697669
Royce O'Neale,2028,-0.0238587266455094,2024,1.0,1.1700500150521596
Royce O'Neale,2029,-0.0705661236618955,2024,1.0,1.099483891390264
Rudy Gay,2024,0.3814475238323211,2023,-0.4,-0.01855247616767891
Rudy Gay,2025,0.1614771783351898,2023,-0.4,0.14292470216751085
Rudy Gay,2026,0.2589495331048965,2023,-0.4,0.4018742352724073
Rudy Gay,2027,0.2506567686796188,2023,-0.4,0.6525310039520261
Rudy Gay,2028,0.2424023672938347,2023,-0.4,0.8949333712458608
Rudy Gobert,2025,-1.1413261890411377,2024,2.5,1.3586738109588623
Rudy Gobert,2026,-1.2153234481811523,2024,2.5,0.14335036277770996
Rudy Gobert,2027,-1.310027539730072,2024,2.5,-1.166677176952362
Rudy Gobert,2028,-1.3776105046272278,2024,2.5,-2.54428768157959
Rudy Gobert,2029,-1.433686226606369,2024,2.5,-3.977973908185959
Rui Hachimura,2025,-0.1844405680894851,2024,0.5,0.3155594319105149
Rui Hachimura,2026,-0.2053439766168594,2024,0.5,0.1102154552936555
Rui Hachimura,2027,-0.2280591055750847,2024,0.5,-0.11784365028142918
Rui Hachimura,2028,-0.2538130655884743,2024,0.5,-0.37165671586990345
Rui Hachimura,2029,-0.2776625640690326,2024,0.5,-0.649319279938936
Russell Westbrook,2025,-0.3796934783458709,2024,1.0,0.620306521654129
Russell Westbrook,2026,-0.4591623246669769,2024,1.0,0.1611441969871522
Russell Westbrook,2027,-0.5770843476057053,2024,1.0,-0.41594015061855316
Russell Westbrook,2028,-0.6661499490340551,2024,1.0,-1.0820900996526084
Russell Westbrook,2029,-0.7429231132070223,2024,1.0,-1.8250132128596306
Saddiq Bey,2025,-0.0282049812376499,2024,0.1,0.0717950187623501
Saddiq Bey,2026,-0.1925959251821041,2024,0.1,-0.120800906419754
Saddiq Bey,2027,-0.1356933489441871,2024,0.1,-0.2564942553639411
Saddiq Bey,2028,-0.150962583720684,2024,0.1,-0.40745683908462504
Saddiq Bey,2029,-0.16623630002141,2024,0.1,-0.573693139106035
Seth Curry,2025,0.1688421815633773,2024,-0.2,-0.031157818436622714
Seth Curry,2026,0.0919012874364852,2024,-0.2,0.06074346899986249
Seth Curry,2027,0.1180396750569343,2024,-0.2,0.1787831440567968
Seth Curry,2028,0.108409526447455,2024,-0.2,0.2871926705042518
Seth Curry,2029,0.0980986778934796,2024,-0.2,0.38529134839773144
Shai Gilgeous-Alexander,2025,-1.9217228889465328,2024,7.1,5.178277111053466
Shai Gilgeous-Alexander,2026,-3.69911527633667,2024,7.1,1.4791618347167965
Shai Gilgeous-Alexander,2027,-3.0071176290512085,2024,7.1,-1.527955794334412
Shai Gilgeous-Alexander,2028,-3.0820544163386026,2024,7.1,-4.610010210673014
Shai Gilgeous-Alexander,2029,-3.122934659322103,2024,7.1,-7.7329448699951175
Shake Milton,2025,0.3063672482967376,2024,-0.3,0.0063672482967376265
Shake Milton,2026,-0.0114894211292266,2024,-0.3,-0.005122172832488947
Shake Milton,2027,0.1196248307824134,2024,-0.3,0.11450265794992448
Shake Milton,2028,0.1029717350999514,2024,-0.3,0.21747439304987587
Shake Milton,2029,0.0858669740458329,2024,-0.3,0.30334136709570875
Spencer Dinwiddie,2025,0.0778397470712661,2024,0.1,0.1778397470712661
Spencer Dinwiddie,2026,-0.2633372396230697,2024,0.1,-0.08549749255180358
Spencer Dinwiddie,2027,-0.1734868362545967,2024,0.1,-0.2589843288064003
Spencer Dinwiddie,2028,-0.2285106206933657,2024,0.1,-0.487494949499766
Spencer Dinwiddie,2029,-0.2819241968293984,2024,0.1,-0.7694191463291644
Stanley Johnson,2024,0.113023966550827,2023,0.1,0.213023966550827
Stanley Johnson,2025,0.2181412875652313,2023,0.1,0.4311652541160583
Stanley Johnson,2026,0.1232238411903381,2023,0.1,0.5543890953063964
Stanley Johnson,2027,0.0977049271265665,2023,0.1,0.6520940224329629
Stanley Johnson,2028,0.0739507166047891,2023,0.1,0.726044739037752
Stephen Curry,2025,-0.5830905437469482,2024,4.4,3.816909456253052
Stephen Curry,2026,-1.4243888854980469,2024,4.4,2.3925205707550052
Stephen Curry,2027,-1.1219258904457092,2024,4.4,1.270594680309296
Stephen Curry,2028,-1.1910794774691265,2024,4.4,0.07951520284016933
Stephen Curry,2029,-1.2521742781003316,2024,4.4,-1.172659075260162
Steven Adams,2024,0.5458792448043823,2023,0.7,1.2458792448043823
Steven Adams,2025,-0.4972076341509819,2023,0.7,0.7486716106534004
Steven Adams,2026,-0.1164453271776437,2023,0.7,0.6322262834757567
Steven Adams,2027,-0.1971505663047234,2023,0.7,0.43507571717103327
Steven Adams,2028,-0.271673623782893,2023,0.7,0.16340209338814027
Svi Mykhailiuk,2025,0.0273745618760585,2024,0.0,0.0273745618760585
Svi Mykhailiuk,2026,-0.0681164599955082,2024,0.0,-0.0407418981194497
Svi Mykhailiuk,2027,-0.0480647683143615,2024,0.0,-0.0888066664338112
Svi Mykhailiuk,2028,-0.0686143413186073,2024,0.0,-0.15742100775241852
Svi Mykhailiuk,2029,-0.087982933036983,2024,0.0,-0.24540394078940153
T.J. McConnell,2025,-0.1370706111192703,2024,1.6,1.4629293888807298
T.J. McConnell,2026,0.2049863561987877,2024,1.6,1.6679157450795175
T.J. McConnell,2027,-0.1577828619629144,2024,1.6,1.510132883116603
T.J. McConnell,2028,-0.2600946358094613,2024,1.6,1.2500382473071419
T.J. McConnell,2029,-0.3561752888684471,2024,1.6,0.8938629584386946
T.J. Warren,2024,0.3409713804721832,2023,0.0,0.3409713804721832
T.J. Warren,2025,-0.1830810010433197,2023,0.0,0.15789037942886353
T.J. Warren,2026,0.0579789653420448,2023,0.0,0.21586934477090833
T.J. Warren,2027,0.046347327530384,2023,0.0,0.2622166723012923
T.J. Warren,2028,0.0351390726864337,2023,0.0,0.297355744987726
Taj Gibson,2024,0.0267744921147823,2023,-0.1,-0.0732255078852177
Taj Gibson,2025,-0.0063319690525531,2023,-0.1,-0.07955747693777081
Taj Gibson,2026,-0.0105071738362312,2023,-0.1,-0.09006465077400201
Taj Gibson,2027,-0.0224203914403915,2023,-0.1,-0.11248504221439351
Taj Gibson,2028,-0.0347049888223409,2023,-0.1,-0.1471900310367344
Talen Horton-Tucker,2025,0.6040679216384888,2024,0.2,0.8040679216384887
Talen Horton-Tucker,2026,0.4585214853286743,2024,0.2,1.262589406967163
Talen Horton-Tucker,2027,0.4527592211961746,2024,0.2,1.7153486281633377
Talen Horton-Tucker,2028,0.3993138124545415,2024,0.2,2.114662440617879
Talen Horton-Tucker,2029,0.3456306631366412,2024,0.2,2.4602931037545206
Taurean Prince,2025,0.0730073302984237,2024,-0.4,-0.3269926697015763
Taurean Prince,2026,0.0925876051187515,2024,-0.4,-0.23440506458282484
Taurean Prince,2027,0.0653453171253204,2024,-0.4,-0.16905974745750443
Taurean Prince,2028,0.0542152176300684,2024,-0.4,-0.11484452982743604
Taurean Prince,2029,0.0429839131732781,2024,-0.4,-0.07186061665415794
Terance Mann,2025,-0.0171934776008129,2024,0.2,0.1828065223991871
Terance Mann,2026,-0.1634053029119968,2024,0.2,0.019401219487190285
Terance Mann,2027,-0.1204665638506412,2024,0.2,-0.10106534436345088
Terance Mann,2028,-0.1401420943439006,2024,0.2,-0.24120743870735145
Terance Mann,2029,-0.1621047873049974,2024,0.2,-0.4033122260123489
Terence Davis,2024,-0.0832573994994163,2023,0.1,0.01674260050058371
Terence Davis,2025,-0.0883600190281868,2023,0.1,-0.07161741852760309
Terence Davis,2026,-0.1213789135217666,2023,0.1,-0.1929963320493697
Terence Davis,2027,-0.143136257926623,2023,0.1,-0.3361325899759927
Terence Davis,2028,-0.1642839213212331,2023,0.1,-0.5004165112972258
Terrence Ross,2024,0.0252922214567661,2023,0.0,0.0252922214567661
Terrence Ross,2025,-0.0954970233142376,2023,0.0,-0.0702048018574715
Terrence Ross,2026,-0.0687399059534072,2023,0.0,-0.1389447078108787
Terrence Ross,2027,-0.0929224267601966,2023,0.0,-0.2318671345710753
Terrence Ross,2028,-0.1173517294228077,2023,0.0,-0.349218863993883
Terry Rozier,2025,-0.6111783385276794,2024,1.8,1.1888216614723206
Terry Rozier,2026,-0.0327450037002563,2024,1.8,1.1560766577720643
Terry Rozier,2027,-0.6088076084852219,2024,1.8,0.5472690492868424
Terry Rozier,2028,-0.7899412463108698,2024,1.8,-0.24267219702402731
Terry Rozier,2029,-0.9506147628029188,2024,1.8,-1.1932869598269462
Thaddeus Young,2025,-0.4214237928390503,2024,0.2,-0.22142379283905028
Thaddeus Young,2026,-0.4893030524253845,2024,0.2,-0.7107268452644349
Thaddeus Young,2027,-0.5030685663223267,2024,0.2,-1.2137954115867615
Thaddeus Young,2028,-0.536051332950592,2024,0.2,-1.7498467445373536
Thaddeus Young,2029,-0.5689453333616257,2024,0.2,-2.318792077898979
Thanasis Antetokounmpo,2024,0.2647472321987152,2024,-0.2,0.0647472321987152
Thanasis Antetokounmpo,2025,0.2910666763782501,2024,-0.2,0.3558139085769653
Thanasis Antetokounmpo,2026,0.2649127244949341,2024,-0.2,0.6207266330718995
Thanasis Antetokounmpo,2027,0.2567638158798218,2024,-0.2,0.8774904489517212
Thanasis Antetokounmpo,2028,0.2486349642276764,2024,-0.2,1.1261254131793976
Thomas Bryant,2025,-0.014472022652626,2024,0.2,0.185527977347374
Thomas Bryant,2026,-0.2080030888319015,2024,0.2,-0.022475111484527494
Thomas Bryant,2027,-0.1781441643834114,2024,0.2,-0.20061927586793887
Thomas Bryant,2028,-0.2186265910665194,2024,0.2,-0.41924586693445826
Thomas Bryant,2029,-0.262810302277406,2024,0.2,-0.6820561692118643
Tim Hardaway Jr.,2025,0.1386146247386932,2024,-0.5,-0.36138537526130676
Tim Hardaway Jr.,2026,0.0883195102214813,2024,-0.5,-0.2730658650398255
Tim Hardaway Jr.,2027,0.0839289054274559,2024,-0.5,-0.1891369596123696
Tim Hardaway Jr.,2028,0.0638488108913103,2024,-0.5,-0.1252881487210593
Tim Hardaway Jr.,2029,0.0412852394705017,2024,-0.5,-0.08400290925055759
Tobias Harris,2025,-0.6440249085426331,2024,1.7,1.055975091457367
Tobias Harris,2026,-0.7321545481681824,2024,1.7,0.3238205432891845
Tobias Harris,2027,-0.8297746479511261,2024,1.7,-0.5059541046619416
Tobias Harris,2028,-0.9157120883464812,2024,1.7,-1.421666193008423
Tobias Harris,2029,-0.994063436985016,2024,1.7,-2.4157296299934385
Torrey Craig,2025,-0.105530634522438,2024,0.0,-0.105530634522438
Torrey Craig,2026,-0.1930411010980606,2024,0.0,-0.2985717356204986
Torrey Craig,2027,-0.1775886937975883,2024,0.0,-0.4761604294180869
Torrey Craig,2028,-0.1978651061654091,2024,0.0,-0.674025535583496
Torrey Craig,2029,-0.2184075601398944,2024,0.0,-0.8924330957233904
Trae Young,2025,0.5268369913101196,2024,2.2,2.72683699131012
Trae Young,2026,-0.8325943350791931,2024,2.2,1.8942426562309267
Trae Young,2027,-0.4558190256357193,2024,2.2,1.4384236305952074
Trae Young,2028,-0.6083146780729294,2024,2.2,0.830108952522278
Trae Young,2029,-0.7276482954621315,2024,2.2,0.10246065706014651
Tre Jones,2025,-0.2358664125204086,2024,0.9,0.6641335874795914
Tre Jones,2026,-0.2551646381616592,2024,0.9,0.40896894931793226
Tre Jones,2027,-0.3230258673429489,2024,0.9,0.08594308197498335
Tre Jones,2028,-0.37406225502491,2024,0.9,-0.28811917304992674
Tre Jones,2029,-0.4200392141938209,2024,0.9,-0.7081583872437477
Trey Lyles,2025,-0.2030021101236343,2024,0.3,0.09699788987636568
Trey Lyles,2026,-0.2450997084379196,2024,0.3,-0.1481018185615539
Trey Lyles,2027,-0.2517155483365059,2024,0.3,-0.39981736689805986
Trey Lyles,2028,-0.2696519618233045,2024,0.3,-0.6694693287213642
Trey Lyles,2029,-0.2875167268017928,2024,0.3,-0.9569860555231571
Tristan Thompson,2025,-0.1039207205176353,2024,0.1,-0.003920720517635298
Tristan Thompson,2026,-0.0918602272868156,2024,0.1,-0.0957809478044509
Tristan Thompson,2027,-0.1083268262445926,2024,0.1,-0.20410777404904348
Tristan Thompson,2028,-0.1143475584685802,2024,0.1,-0.3184553325176237
Tristan Thompson,2029,-0.1192875560373067,2024,0.1,-0.4377428885549304
Troy Brown Jr.,2025,0.2444968521595001,2024,-0.1,0.1444968521595001
Troy Brown Jr.,2026,0.2509033977985382,2024,-0.1,0.39540024995803835
Troy Brown Jr.,2027,0.2168810069561004,2024,-0.1,0.6122812569141388
Troy Brown Jr.,2028,0.1979129016399383,2024,-0.1,0.8101941585540772
Troy Brown Jr.,2029,0.1803169995546341,2024,-0.1,0.9905111581087113
Ty Jerome,2024,0.013774786144495,2023,0.3,0.313774786144495
Ty Jerome,2025,-0.0416691340506076,2023,0.3,0.2721056520938874
Ty Jerome,2026,-0.0766990017145872,2023,0.3,0.1954066503793002
Ty Jerome,2027,-0.1171985287219286,2023,0.3,0.0782081216573716
Ty Jerome,2028,-0.1546015767380595,2023,0.3,-0.0763934550806879
Tyler Herro,2025,-0.1937760859727859,2024,1.0,0.806223914027214
Tyler Herro,2026,-0.5131983608007431,2024,1.0,0.29302555322647095
Tyler Herro,2027,-0.4487950503826141,2024,1.0,-0.1557694971561432
Tyler Herro,2028,-0.499142974615097,2024,1.0,-0.6549124717712402
Tyler Herro,2029,-0.5479866117238998,2024,1.0,-1.20289908349514
Tyrese Haliburton,2025,1.1487722396850586,2024,5.0,6.148772239685059
Tyrese Haliburton,2026,0.7368383407592773,2024,5.0,6.885610580444336
Tyrese Haliburton,2027,0.6793127655982971,2024,5.0,7.564923346042633
Tyrese Haliburton,2028,0.5096264878908793,2024,5.0,8.074549833933512
Tyrese Haliburton,2029,0.3576659907897314,2024,5.0,8.432215824723244
Tyrese Maxey,2025,-0.3366010189056396,2024,3.4,3.0633989810943603
Tyrese Maxey,2026,0.7979393601417542,2024,3.4,3.8613383412361144
Tyrese Maxey,2027,-0.257146842777729,2024,3.4,3.6041914984583854
Tyrese Maxey,2028,-0.5796231354276339,2024,3.4,3.0245683630307516
Tyrese Maxey,2029,-0.8365549979110559,2024,3.4,2.1880133651196956
Tyus Jones,2025,-0.116962730884552,2024,1.3,1.183037269115448
Tyus Jones,2026,-0.5996285676956177,2024,1.3,0.5834087014198304
Tyus Jones,2027,-0.4662443697452545,2024,1.3,0.11716433167457585
Tyus Jones,2028,-0.5309777557849884,2024,1.3,-0.41381342411041255
Tyus Jones,2029,-0.5876388475298882,2024,1.3,-1.0014522716403007
Victor Oladipo,2024,0.3794057071208954,2023,0.0,0.3794057071208954
Victor Oladipo,2025,0.035259336233139,2023,0.0,0.41466504335403437
Victor Oladipo,2026,0.1677598357200622,2023,0.0,0.5824248790740966
Victor Oladipo,2027,0.1422129869461059,2023,0.0,0.7246378660202024
Victor Oladipo,2028,0.1173492483794689,2023,0.0,0.8419871143996713
Wendell Carter Jr.,2025,-0.0498513393104076,2024,1.0,0.9501486606895924
Wendell Carter Jr.,2026,-0.2995864935219288,2024,1.0,0.6505621671676636
Wendell Carter Jr.,2027,-0.2758480086922645,2024,1.0,0.37471415847539913
Wendell Carter Jr.,2028,-0.3482274636626243,2024,1.0,0.02648669481277488
Wendell Carter Jr.,2029,-0.4216405637562275,2024,1.0,-0.3951538689434526
Wesley Matthews,2025,0.105346530675888,2024,-0.1,0.0053465306758880005
Wesley Matthews,2026,0.0763439238071441,2024,-0.1,0.08169045448303211
Wesley Matthews,2027,0.0737844109535217,2024,-0.1,0.15547486543655384
Wesley Matthews,2028,0.0626770456631978,2024,-0.1,0.21815191109975166
Wesley Matthews,2029,0.0503021680439512,2024,-0.1,0.2684540791437029
Will Barton,2024,0.8966034650802612,2023,-0.2,0.6966034650802613
Will Barton,2025,0.337414026260376,2023,-0.2,1.0340174913406373
Will Barton,2026,0.563828855752945,2023,-0.2,1.5978463470935822
Will Barton,2027,0.5248486697673798,2023,-0.2,2.1226950168609617
Will Barton,2028,0.4865146577358246,2023,-0.2,2.6092096745967863
Willy Hernangomez,2024,0.0990690439939498,2023,0.3,0.3990690439939498
Willy Hernangomez,2025,-0.2705938667058944,2023,0.3,0.12847517728805538
Willy Hernangomez,2026,-0.1760875433683395,2023,0.3,-0.04761236608028413
Willy Hernangomez,2027,-0.2263453950484593,2023,0.3,-0.2739577611287434
Willy Hernangomez,2028,-0.2750452669958274,2023,0.3,-0.5490030281245708
Xavier Tillman Sr.,2025,0.7541439533233643,2024,0.2,0.9541439533233642
Xavier Tillman Sr.,2026,0.6765644550323486,2024,0.2,1.6307084083557128
Xavier Tillman Sr.,2027,0.6594714522361755,2024,0.2,2.2901798605918886
Xavier Tillman Sr.,2028,0.6232642928759257,2024,0.2,2.913444153467814
Xavier Tillman Sr.,2029,0.5881302108367285,2024,0.2,3.5015743643045427
Yuta Watanabe,2025,0.5195267200469971,2024,-0.5,0.01952672004699707
Yuta Watanabe,2026,0.4372093081474304,2024,-0.5,0.4567360281944275
Yuta Watanabe,2027,0.4568298757076263,2024,-0.5,0.9135659039020538
Yuta Watanabe,2028,0.4445680876572926,2024,-0.5,1.3581339915593464
Yuta Watanabe,2029,0.4332531044880549,2024,-0.5,1.7913870960474014
Zach Collins,2025,0.4181162416934967,2024,0.0,0.4181162416934967
Zach Collins,2026,0.2060884535312652,2024,0.0,0.624204695224762
Zach Collins,2027,0.2575918585062027,2024,0.0,0.8817965537309647
Zach Collins,2028,0.2232456654310226,2024,0.0,1.1050422191619873
Zach Collins,2029,0.1910158172249794,2024,0.0,1.2960580363869667
Zach LaVine,2024,-0.2966122925281524,2023,2.7,2.4033877074718477
Zach LaVine,2025,-0.5791270434856415,2023,2.7,1.8242606639862062
Zach LaVine,2026,-0.6420962810516357,2023,2.7,1.1821643829345705
Zach LaVine,2027,-0.7785950501759847,2023,2.7,0.40356933275858564
Zach LaVine,2028,-0.9010952959458032,2023,2.7,-0.49752596318721753
Zeke Nnaji,2025,0.0490232743322849,2024,-0.2,-0.1509767256677151
Zeke Nnaji,2026,0.0327842719852924,2024,-0.2,-0.1181924536824227
Zeke Nnaji,2027,0.0164331197738647,2024,-0.2,-0.101759333908558
Zeke Nnaji,2028,0.002691480020682,2024,-0.2,-0.099067853887876
Zeke Nnaji,2029,-0.0095753247539202,2024,-0.2,-0.1086431786417962
