Player,Age,Season,Projected VORP
Aaron Gordon,0.20000000000000007,2019,1.4305154085159302
Aaron Gordon,1.24,2021,1.302909255027771
Aaron Gordon,2.2800000000000002,2023,1.7822774648666382
Aaron Holiday,0.16000000000000003,2019,0.2489270120859146
Aaron Holiday,1.2000000000000002,2021,0.18033261597156525
Aaron Holiday,2.24,2023,0.05677340179681778
Al Horford,0.52,2018,2.9084908962249756
Al Horford,1.56,2020,2.769005060195923
Al Horford,2.6,2022,2.3388326168060303
Alec Burks,0.3600000000000001,2019,0.305305153131485
Alec Burks,1.4000000000000001,2021,0.4464415907859802
Alec Burks,2.44,2023,0.31268346309661865
Alex Caruso,0.20000000000000007,2018,0.5666574835777283
Alex Caruso,1.28,2021,0.6288575530052185
Alex Caruso,2.3200000000000003,2023,0.7225529551506042
Alex Len,0.24,2018,0.7062055468559265
Alex Len,1.28,2020,0.564996600151062
Alex Len,2.3200000000000003,2022,0.26460301876068115
Andre Drummond,0.28,2019,1.102780818939209
Andre Drummond,1.32,2021,0.771879255771637
Andre Drummond,2.3600000000000003,2023,0.38706737756729126
Andrew Wiggins,0.20000000000000007,2019,0.9731684327125549
Andrew Wiggins,1.24,2021,1.2218668460845947
Andrew Wiggins,2.2800000000000002,2023,0.8686912655830383
Anthony Davis,0.28,2019,2.8658411502838135
Anthony Davis,1.32,2021,2.39223313331604
Anthony Davis,2.3600000000000003,2023,3.0391557216644287
Austin Rivers,0.28,2018,-0.0077162086963653564
Austin Rivers,1.32,2020,-0.029718991369009018
Austin Rivers,2.3600000000000003,2022,-0.06453487277030945
Bam Adebayo,0.12,2019,3.355424404144287
Bam Adebayo,1.1600000000000001,2021,2.945638418197632
Bam Adebayo,2.2,2023,2.265338182449341
Bismack Biyombo,0.32000000000000006,2019,-0.16557340323925018
Bismack Biyombo,1.36,2021,-0.1639115810394287
Bismack Biyombo,2.4000000000000004,2023,-0.15814711153507233
Blake Griffin,0.3600000000000001,2017,2.3757991790771484
Blake Griffin,1.4000000000000001,2019,0.6626599431037903
Blake Griffin,2.44,2021,0.0869024395942688
Boban Marjanovic,0.40000000000000013,2017,1.0789626836776733
Boban Marjanovic,1.44,2019,0.6314656138420105
Boban Marjanovic,2.48,2021,0.22907735407352448
Bobby Portis,0.20000000000000007,2019,0.5564078092575073
Bobby Portis,1.24,2021,0.9033985733985901
Bobby Portis,2.2800000000000002,2023,0.8468613624572754
Bogdan Bogdanovic,0.32000000000000006,2019,1.6426572799682617
Bogdan Bogdanovic,1.36,2021,1.6594916582107544
Bogdan Bogdanovic,2.4000000000000004,2023,1.1916815042495728
Bojan Bogdanovic,0.43999999999999995,2019,1.309970498085022
Bojan Bogdanovic,1.48,2021,1.1040924787521362
Bojan Bogdanovic,2.52,2023,0.9549878239631653
Bradley Beal,0.28,2019,2.734156370162964
Bradley Beal,1.32,2021,1.5958842039108276
Bradley Beal,2.3600000000000003,2023,1.316226840019226
Brandon Ingram,0.12,2019,1.7248828411102295
Brandon Ingram,1.1600000000000001,2021,1.8812528848648071
Brandon Ingram,2.2,2023,1.6292768716812134
Brook Lopez,0.43999999999999995,2018,1.7898128032684326
Brook Lopez,1.48,2020,1.3779668807983398
Brook Lopez,2.52,2022,1.5408021211624146
Bruce Brown,0.16000000000000003,2019,0.36678898334503174
Bruce Brown,1.2000000000000002,2021,0.6952112317085266
Bruce Brown,2.24,2023,0.6089916825294495
Buddy Hield,0.32000000000000006,2019,1.0750101804733276
Buddy Hield,1.36,2021,0.6573584079742432
Buddy Hield,2.4000000000000004,2023,0.8728528618812561
CJ McCollum,0.3600000000000001,2019,1.7818036079406738
CJ McCollum,1.4000000000000001,2021,1.8581130504608154
CJ McCollum,2.44,2023,1.6495764255523682
Cameron Payne,0.16000000000000003,2017,0.7237130403518677
Cameron Payne,1.24,2020,1.1240400075912476
Cameron Payne,2.3200000000000003,2023,0.8888666033744812
Caris LeVert,0.24,2019,1.0980628728866577
Caris LeVert,1.28,2021,0.7813158631324768
Caris LeVert,2.3200000000000003,2023,0.49798816442489624
Cedi Osman,0.20000000000000007,2019,-0.02211807295680046
Cedi Osman,1.24,2021,0.09016180038452148
Cedi Osman,2.2800000000000002,2023,0.10346010327339172
Chris Paul,0.6000000000000001,2019,2.5285098552703857
Chris Paul,1.6400000000000001,2021,2.4274346828460693
Chris Paul,2.68,2023,1.7489176988601685
Clint Capela,0.24,2019,2.0242018699645996
Clint Capela,1.28,2021,1.6907192468643188
Clint Capela,2.3200000000000003,2023,1.15567147731781
Cody Zeller,0.24,2017,0.520125150680542
Cody Zeller,1.28,2019,0.507509708404541
Cody Zeller,2.3200000000000003,2021,0.3455643653869629
Cory Joseph,0.32000000000000006,2018,0.17068955302238464
Cory Joseph,1.36,2020,0.0987810492515564
Cory Joseph,2.4000000000000004,2022,0.04888582602143288
D'Angelo Russell,0.16000000000000003,2019,2.2829160690307617
D'Angelo Russell,1.2000000000000002,2021,2.2660300731658936
D'Angelo Russell,2.24,2023,2.0939688682556152
Damian Lillard,0.3600000000000001,2018,5.562839508056641
Damian Lillard,1.4000000000000001,2020,5.263027191162109
Damian Lillard,2.44,2022,5.057892799377441
Daniel Theis,0.28,2018,1.2492564916610718
Daniel Theis,1.32,2020,0.885707676410675
Daniel Theis,2.3600000000000003,2022,0.31955432891845703
Danilo Gallinari,0.40000000000000013,2017,1.8186718225479126
Danilo Gallinari,1.48,2020,0.9575774073600769
Danilo Gallinari,2.52,2022,0.3183191120624542
Danuel House Jr.,0.28,2019,0.25692224502563477
Danuel House Jr.,1.32,2021,0.15211212635040283
Danuel House Jr.,2.3600000000000003,2023,0.035720378160476685
Dario Saric,0.20000000000000007,2018,0.1930210143327713
Dario Saric,1.24,2020,0.018607743084430695
Dario Saric,2.2800000000000002,2022,-0.05341583117842674
Davis Bertans,0.32000000000000006,2019,0.4886170029640198
Davis Bertans,1.36,2021,0.18076170980930328
Davis Bertans,2.4000000000000004,2023,0.021379051730036736
De'Aaron Fox,0.12,2019,2.498379945755005
De'Aaron Fox,1.1600000000000001,2021,1.713185429573059
De'Aaron Fox,2.2,2023,1.9591702222824097
De'Anthony Melton,0.08000000000000007,2019,1.4761849641799927
De'Anthony Melton,1.12,2021,1.883745789527893
De'Anthony Melton,2.16,2023,1.630756139755249
DeAndre Jordan,0.48,2019,0.8356938362121582
DeAndre Jordan,1.52,2021,0.3730921447277069
DeAndre Jordan,2.56,2023,0.14593754708766937
DeMar DeRozan,0.43999999999999995,2019,2.0840651988983154
DeMar DeRozan,1.48,2021,2.483415365219116
DeMar DeRozan,2.52,2023,2.171922445297241
Deandre Ayton,0.08000000000000007,2019,1.50001060962677
Deandre Ayton,1.12,2021,1.8996955156326294
Deandre Ayton,2.16,2023,1.710032343864441
Dejounte Murray,0.12,2018,1.694854736328125
Dejounte Murray,1.2000000000000002,2021,2.9238386154174805
Dejounte Murray,2.24,2023,2.3629190921783447
Delon Wright,0.32000000000000006,2019,2.015364170074463
Delon Wright,1.36,2021,1.7460620403289795
Delon Wright,2.4000000000000004,2023,1.8382221460342407
Dennis Schroder,0.28,2019,0.47096702456474304
Dennis Schroder,1.32,2021,0.3038260340690613
Dennis Schroder,2.3600000000000003,2023,0.09746353328227997
Dennis Smith Jr.,0.08000000000000007,2018,0.3009074628353119
Dennis Smith Jr.,1.12,2020,0.4066462516784668
Dennis Smith Jr.,2.16,2022,0.5075455904006958
Derrick Jones Jr.,0.12,2019,0.7152702808380127
Derrick Jones Jr.,1.1600000000000001,2021,0.4445468783378601
Derrick Jones Jr.,2.2,2023,0.3556264042854309
Derrick White,0.24,2019,1.7280343770980835
Derrick White,1.28,2021,1.813982605934143
Derrick White,2.3200000000000003,2023,1.9936803579330444
Devin Booker,0.16000000000000003,2019,2.1724255084991455
Devin Booker,1.2000000000000002,2021,2.578876495361328
Devin Booker,2.24,2023,2.478990316390991
Dewayne Dedmon,0.3600000000000001,2017,0.9338161945343018
Dewayne Dedmon,1.4000000000000001,2019,0.3760364353656769
Dewayne Dedmon,2.44,2021,0.2754291892051697
Dillon Brooks,0.16000000000000003,2018,0.533955991268158
Dillon Brooks,1.24,2021,0.6040858030319214
Dillon Brooks,2.2800000000000002,2023,0.46412408351898193
Domantas Sabonis,0.16000000000000003,2019,3.6082427501678467
Domantas Sabonis,1.2000000000000002,2021,3.476886510848999
Domantas Sabonis,2.24,2023,4.400598049163818
Donovan Mitchell,0.16000000000000003,2019,3.4091804027557373
Donovan Mitchell,1.2000000000000002,2021,4.124161720275879
Donovan Mitchell,2.24,2023,4.5792155265808105
Dorian Finney-Smith,0.28,2019,0.19717030227184296
Dorian Finney-Smith,1.32,2021,0.3100208640098572
Dorian Finney-Smith,2.3600000000000003,2023,0.10612735152244568
Doug McDermott,0.3600000000000001,2019,0.4003777503967285
Doug McDermott,1.4000000000000001,2021,0.23078443109989166
Doug McDermott,2.44,2023,0.029801873490214348
Draymond Green,0.40000000000000013,2019,1.4648619890213013
Draymond Green,1.44,2021,1.6710721254348755
Draymond Green,2.48,2023,1.3509572744369507
Dwight Powell,0.3600000000000001,2019,0.804510235786438
Dwight Powell,1.4000000000000001,2021,0.8496109843254089
Dwight Powell,2.44,2023,0.3976183533668518
Eric Gordon,0.43999999999999995,2018,-0.035406019538640976
Eric Gordon,1.48,2020,-0.13458050787448883
Eric Gordon,2.52,2022,-0.1462334394454956
Evan Fournier,0.28,2018,0.5348659753799438
Evan Fournier,1.32,2020,0.5805313587188721
Evan Fournier,2.3600000000000003,2022,0.5091116428375244
Frank Kaminsky,0.20000000000000007,2017,0.5681986212730408
Frank Kaminsky,1.24,2019,0.5377177000045776
Frank Kaminsky,2.2800000000000002,2021,0.5640743374824524
Frank Ntilikina,0.040000000000000036,2018,-0.06858845055103302
Frank Ntilikina,1.08,2020,0.054951392114162445
Frank Ntilikina,2.12,2022,0.16504724323749542
Fred VanVleet,0.24,2019,3.0886497497558594
Fred VanVleet,1.28,2021,3.5064399242401123
Fred VanVleet,2.3200000000000003,2023,3.3038666248321533
Furkan Korkmaz,0.12,2019,0.7478743195533752
Furkan Korkmaz,1.1600000000000001,2021,0.40829992294311523
Furkan Korkmaz,2.2,2023,0.10307341814041138
Gary Harris,0.24,2019,-0.13790039718151093
Gary Harris,1.28,2021,-0.16771577298641205
Gary Harris,2.3200000000000003,2023,-0.16895459592342377
George Hill,0.52,2018,0.329642653465271
George Hill,1.56,2020,0.24568690359592438
George Hill,2.6,2022,0.048520565032958984
Georges Niang,0.28,2019,0.1479043811559677
Georges Niang,1.32,2021,0.068198062479496
Georges Niang,2.3600000000000003,2023,-0.0005182847380638123
Giannis Antetokounmpo,0.24,2019,5.823087692260742
Giannis Antetokounmpo,1.28,2021,6.519460678100586
Giannis Antetokounmpo,2.3200000000000003,2023,5.753240585327148
Goran Dragic,0.48,2017,0.5084550976753235
Goran Dragic,1.52,2019,0.2992633581161499
Goran Dragic,2.56,2021,0.14240923523902893
Gordon Hayward,0.40000000000000013,2019,1.165656328201294
Gordon Hayward,1.44,2021,0.6540822982788086
Gordon Hayward,2.48,2023,0.22968678176403046
Gorgui Dieng,0.40000000000000013,2018,0.6457409858703613
Gorgui Dieng,1.44,2020,0.9267434477806091
Gorgui Dieng,2.48,2022,0.8003281950950623
Grayson Allen,0.20000000000000007,2019,0.9450481534004211
Grayson Allen,1.24,2021,1.4101766347885132
Grayson Allen,2.2800000000000002,2023,1.4397622346878052
Harrison Barnes,0.32000000000000006,2019,0.4625505805015564
Harrison Barnes,1.36,2021,0.689238965511322
Harrison Barnes,2.4000000000000004,2023,0.6539339423179626
Ish Smith,0.48,2019,0.030684996396303177
Ish Smith,1.52,2021,-0.01884852722287178
Ish Smith,2.56,2023,-0.1626855880022049
Ivica Zubac,0.12,2019,1.2884231805801392
Ivica Zubac,1.1600000000000001,2021,1.4372438192367554
Ivica Zubac,2.2,2023,1.0805538892745972
JaMychal Green,0.3600000000000001,2018,0.3594777584075928
JaMychal Green,1.4000000000000001,2020,0.2766791582107544
JaMychal Green,2.44,2022,0.23948772251605988
JaVale McGee,0.52,2019,0.16415566205978394
JaVale McGee,1.56,2021,0.15898513793945312
JaVale McGee,2.6,2023,-0.0541270487010479
Jae Crowder,0.3600000000000001,2018,0.6755122542381287
Jae Crowder,1.4000000000000001,2020,0.8032744526863098
Jae Crowder,2.44,2022,0.887808084487915
Jakob Poeltl,0.20000000000000007,2019,1.4744333028793335
Jakob Poeltl,1.24,2021,1.9223638772964478
Jakob Poeltl,2.2800000000000002,2023,1.753853440284729
Jalen Brunson,0.16000000000000003,2019,2.4832236766815186
Jalen Brunson,1.2000000000000002,2021,3.1622231006622314
Jalen Brunson,2.24,2023,4.145812034606934
Jamal Murray,0.08000000000000007,2018,2.024735689163208
Jamal Murray,1.12,2020,2.0394837856292725
Jamal Murray,2.16,2022,2.158236503601074
James Harden,0.43999999999999995,2019,4.418723106384277
James Harden,1.48,2021,4.181661605834961
James Harden,2.52,2023,4.1638898849487305
Jarrett Allen,0.08000000000000007,2019,2.223611354827881
Jarrett Allen,1.12,2021,2.6942975521087646
Jarrett Allen,2.16,2023,2.6066086292266846
Jaylen Brown,0.16000000000000003,2019,1.5078165531158447
Jaylen Brown,1.2000000000000002,2021,1.980185627937317
Jaylen Brown,2.24,2023,1.7604204416275024
Jayson Tatum,0.08000000000000007,2019,4.313314437866211
Jayson Tatum,1.12,2021,4.8957719802856445
Jayson Tatum,2.16,2023,5.232669830322266
Jeff Green,0.56,2019,0.010017868131399155
Jeff Green,1.6,2021,-0.059213947504758835
Jeff Green,2.64,2023,-0.16798560321331024
Jerami Grant,0.24,2019,1.3377363681793213
Jerami Grant,1.28,2021,1.2374135255813599
Jerami Grant,2.3200000000000003,2023,0.9637226462364197
Jevon Carter,0.20000000000000007,2019,0.37909966707229614
Jevon Carter,1.24,2021,0.2618880271911621
Jevon Carter,2.2800000000000002,2023,0.20675881206989288
Jimmy Butler,0.43999999999999995,2019,4.882054328918457
Jimmy Butler,1.48,2021,4.538963317871094
Jimmy Butler,2.52,2023,4.937300205230713
Joe Harris,0.28,2017,1.6403183937072754
Joe Harris,1.32,2019,1.8118362426757812
Joe Harris,2.3600000000000003,2021,1.6774020195007324
Joe Ingles,0.52,2019,1.240463137626648
Joe Ingles,1.56,2021,0.6371592879295349
Joe Ingles,2.6,2023,0.3017188012599945
Joel Embiid,0.24,2019,4.537047386169434
Joel Embiid,1.28,2021,5.711116790771484
Joel Embiid,2.3200000000000003,2023,5.348333358764648
John Collins,0.12,2019,1.981864094734192
John Collins,1.1600000000000001,2021,1.5709997415542603
John Collins,2.2,2023,0.6378804445266724
John Wall,0.28,2016,2.9108731746673584
John Wall,1.32,2018,1.9542211294174194
John Wall,2.3600000000000003,2020,1.0747063159942627
Jonas Valanciunas,0.32000000000000006,2019,1.8205955028533936
Jonas Valanciunas,1.36,2021,1.7362059354782104
Jonas Valanciunas,2.4000000000000004,2023,1.0782480239868164
Jordan Clarkson,0.32000000000000006,2019,0.9622730612754822
Jordan Clarkson,1.36,2021,0.7753180265426636
Jordan Clarkson,2.4000000000000004,2023,0.48839136958122253
Josh Hart,0.20000000000000007,2019,0.9235796928405762
Josh Hart,1.24,2021,1.4693900346755981
Josh Hart,2.2800000000000002,2023,1.5275158882141113
Josh Okogie,0.08000000000000007,2019,0.48688721656799316
Josh Okogie,1.12,2021,0.40582340955734253
Josh Okogie,2.16,2023,0.6619734764099121
Josh Richardson,0.28,2019,0.31029394268989563
Josh Richardson,1.32,2021,0.2663052976131439
Josh Richardson,2.3600000000000003,2023,0.22056731581687927
Jrue Holiday,0.40000000000000013,2019,2.1360557079315186
Jrue Holiday,1.44,2021,2.334237813949585
Jrue Holiday,2.48,2023,2.3476011753082275
Juancho Hernangomez,0.12,2017,0.16916286945343018
Juancho Hernangomez,1.2000000000000002,2020,0.022265806794166565
Juancho Hernangomez,2.24,2022,0.006139326840639114
Julius Randle,0.24,2019,2.9910454750061035
Julius Randle,1.28,2021,2.5035927295684814
Julius Randle,2.3200000000000003,2023,2.8758599758148193
Justin Holiday,0.43999999999999995,2019,0.5029420256614685
Justin Holiday,1.48,2021,0.241666778922081
Justin Holiday,2.52,2023,-0.09928753972053528
Jusuf Nurkic,0.20000000000000007,2018,2.0182926654815674
Jusuf Nurkic,1.24,2020,1.8933416604995728
Jusuf Nurkic,2.3200000000000003,2023,1.3670331239700317
Karl-Anthony Towns,0.16000000000000003,2018,3.285383462905884
Karl-Anthony Towns,1.2000000000000002,2020,2.674469232559204
Karl-Anthony Towns,2.24,2022,3.2640998363494873
Kawhi Leonard,0.28,2017,5.643612384796143
Kawhi Leonard,1.36,2020,5.077803134918213
Kawhi Leonard,2.4000000000000004,2022,4.056599140167236
Keita Bates-Diop,0.20000000000000007,2019,0.39533478021621704
Keita Bates-Diop,1.24,2021,0.3426222503185272
Keita Bates-Diop,2.2800000000000002,2023,0.4815497398376465
Kelly Olynyk,0.3600000000000001,2019,1.0291197299957275
Kelly Olynyk,1.4000000000000001,2021,0.8513070940971375
Kelly Olynyk,2.44,2023,0.6816409230232239
Kelly Oubre Jr.,0.20000000000000007,2019,0.6701890826225281
Kelly Oubre Jr.,1.24,2021,0.46125149726867676
Kelly Oubre Jr.,2.2800000000000002,2023,0.34629350900650024
Kenrich Williams,0.24,2019,0.4412935972213745
Kenrich Williams,1.28,2021,0.5038654208183289
Kenrich Williams,2.3200000000000003,2023,0.5676876902580261
Kentavious Caldwell-Pope,0.28,2019,0.4333864450454712
Kentavious Caldwell-Pope,1.32,2021,0.42657172679901123
Kentavious Caldwell-Pope,2.3600000000000003,2023,0.40038442611694336
Kevin Durant,0.43999999999999995,2018,3.910146713256836
Kevin Durant,1.48,2020,3.978574514389038
Kevin Durant,2.56,2023,3.7851645946502686
Kevin Huerter,0.08000000000000007,2019,0.7224745750427246
Kevin Huerter,1.12,2021,0.694322407245636
Kevin Huerter,2.16,2023,0.9614986777305603
Kevin Knox,0.040000000000000036,2019,0.005502801388502121
Kevin Knox,1.08,2021,0.049506351351737976
Kevin Knox,2.12,2023,0.031037161126732826
Kevin Love,0.40000000000000013,2017,1.8084951639175415
Kevin Love,1.44,2019,1.646546483039856
Kevin Love,2.52,2022,0.7196363806724548
Kevon Looney,0.12,2018,0.29954880475997925
Kevon Looney,1.1600000000000001,2020,0.39859580993652344
Kevon Looney,2.24,2023,0.5974946618080139
Khris Middleton,0.3600000000000001,2019,1.7164124250411987
Khris Middleton,1.4000000000000001,2021,1.5244219303131104
Khris Middleton,2.44,2023,0.863473653793335
Klay Thompson,0.32000000000000006,2017,1.0456544160842896
Klay Thompson,1.36,2019,0.7065425515174866
Klay Thompson,2.4000000000000004,2021,0.4425802230834961
Kristaps Porzingis,0.16000000000000003,2018,1.9650987386703491
Kristaps Porzingis,1.24,2021,2.4229609966278076
Kristaps Porzingis,2.2800000000000002,2023,2.8032805919647217
Kyle Anderson,0.28,2019,1.8778609037399292
Kyle Anderson,1.32,2021,1.7920464277267456
Kyle Anderson,2.3600000000000003,2023,1.7604669332504272
Kyle Kuzma,0.20000000000000007,2019,0.3236594796180725
Kyle Kuzma,1.24,2021,0.47166648507118225
Kyle Kuzma,2.2800000000000002,2023,0.45323675870895386
Kyle Lowry,0.56,2019,1.8327192068099976
Kyle Lowry,1.6,2021,1.5949625968933105
Kyle Lowry,2.64,2023,0.965639054775238
Kyrie Irving,0.24,2017,4.50755500793457
Kyrie Irving,1.28,2019,3.930833578109741
Kyrie Irving,2.3200000000000003,2021,3.1208248138427734
Landry Shamet,0.12,2019,0.4890896677970886
Landry Shamet,1.1600000000000001,2021,0.47866737842559814
Landry Shamet,2.2,2023,0.4946875274181366
Larry Nance Jr.,0.32000000000000006,2019,1.4502100944519043
Larry Nance Jr.,1.36,2021,0.9388999342918396
Larry Nance Jr.,2.4000000000000004,2023,0.8828078508377075
Lauri Markkanen,0.12,2019,1.7351690530776978
Lauri Markkanen,1.1600000000000001,2021,1.8362054824829102
Lauri Markkanen,2.2,2023,2.8577492237091064
LeBron James,0.6400000000000001,2019,5.154853820800781
LeBron James,1.6800000000000002,2021,4.756004333496094
LeBron James,2.7199999999999998,2023,3.7792389392852783
Luka Doncic,0.040000000000000036,2019,6.351282119750977
Luka Doncic,1.08,2021,6.248261451721191
Luka Doncic,2.12,2023,6.691399574279785
Luke Kennard,0.12,2018,0.29819512367248535
Luke Kennard,1.1600000000000001,2020,0.3553076982498169
Luke Kennard,2.24,2023,0.36928778886795044
Malcolm Brogdon,0.32000000000000006,2019,1.938910961151123
Malcolm Brogdon,1.36,2021,1.609704613685608
Malcolm Brogdon,2.4000000000000004,2023,1.6602667570114136
Malik Beasley,0.16000000000000003,2019,0.5915156602859497
Malik Beasley,1.2000000000000002,2021,0.471696138381958
Malik Beasley,2.24,2023,0.3111211657524109
Malik Monk,0.08000000000000007,2019,0.16120187938213348
Malik Monk,1.12,2021,0.31305837631225586
Malik Monk,2.16,2023,0.49234282970428467
Marcus Morris,0.43999999999999995,2019,0.40459588170051575
Marcus Morris,1.48,2021,0.3347136974334717
Marcus Morris,2.52,2023,0.12313534319400787
Marcus Smart,0.20000000000000007,2018,1.2079070806503296
Marcus Smart,1.24,2020,1.0658937692642212
Marcus Smart,2.2800000000000002,2022,1.150934100151062
Markieff Morris,0.3600000000000001,2017,-0.061620648950338364
Markieff Morris,1.4000000000000001,2019,-0.11503638327121735
Markieff Morris,2.44,2021,-0.15038828551769257
Mason Plumlee,0.40000000000000013,2019,1.4847315549850464
Mason Plumlee,1.44,2021,1.0062636137008667
Mason Plumlee,2.48,2023,1.0752781629562378
Matthew Dellavedova,0.28,2016,-0.031914543360471725
Matthew Dellavedova,1.32,2018,-0.10550537705421448
Matthew Dellavedova,2.3600000000000003,2020,-0.14791004359722137
Maxi Kleber,0.3600000000000001,2019,0.4091842770576477
Maxi Kleber,1.4000000000000001,2021,0.3435806632041931
Maxi Kleber,2.44,2023,0.09187610447406769
Mikal Bridges,0.16000000000000003,2019,1.8509373664855957
Mikal Bridges,1.2000000000000002,2021,2.111933708190918
Mikal Bridges,2.24,2023,2.1249821186065674
Mike Conley,0.52,2019,1.7109023332595825
Mike Conley,1.56,2021,1.8304613828659058
Mike Conley,2.6,2023,1.3212007284164429
Mike Muscala,0.3600000000000001,2019,0.32347673177719116
Mike Muscala,1.4000000000000001,2021,0.9078305959701538
Mike Muscala,2.44,2023,0.5719726085662842
Mitchell Robinson,0.08000000000000007,2019,1.6950641870498657
Mitchell Robinson,1.12,2021,1.9307764768600464
Mitchell Robinson,2.16,2023,1.7203847169876099
Mo Bamba,0.08000000000000007,2019,1.0483708381652832
Mo Bamba,1.12,2021,1.063742756843567
Mo Bamba,2.16,2023,0.7186061143875122
Monte Morris,0.20000000000000007,2019,0.7869385480880737
Monte Morris,1.24,2021,0.8539290428161621
Monte Morris,2.2800000000000002,2023,0.83458411693573
Montrezl Harrell,0.24,2018,2.328455924987793
Montrezl Harrell,1.28,2020,2.1183598041534424
Montrezl Harrell,2.3200000000000003,2022,1.944677710533142
Moritz Wagner,0.12,2019,0.6481965184211731
Moritz Wagner,1.1600000000000001,2021,1.2183347940444946
Moritz Wagner,2.2,2023,1.550589919090271
Myles Turner,0.16000000000000003,2019,1.2803479433059692
Myles Turner,1.2000000000000002,2021,1.2246347665786743
Myles Turner,2.24,2023,1.5724886655807495
Nicolas Batum,0.43999999999999995,2018,0.8930270075798035
Nicolas Batum,1.48,2020,0.9561095833778381
Nicolas Batum,2.56,2023,0.6232658624649048
Nikola Jokic,0.20000000000000007,2019,7.5954790115356445
Nikola Jokic,1.24,2021,7.992062568664551
Nikola Jokic,2.2800000000000002,2023,7.514443397521973
Nikola Vucevic,0.40000000000000013,2019,3.9556968212127686
Nikola Vucevic,1.44,2021,2.7831737995147705
Nikola Vucevic,2.48,2023,2.454362154006958
Norman Powell,0.28,2019,1.3315699100494385
Norman Powell,1.32,2021,1.125716209411621
Norman Powell,2.3600000000000003,2023,0.8794506192207336
OG Anunoby,0.12,2019,1.376909613609314
OG Anunoby,1.1600000000000001,2021,1.608243703842163
OG Anunoby,2.2,2023,1.4916534423828125
P.J. Tucker,0.6000000000000001,2019,-0.03211180493235588
P.J. Tucker,1.6400000000000001,2021,-0.03524089977145195
P.J. Tucker,2.68,2023,-0.11262454092502594
Pascal Siakam,0.24,2019,2.390730142593384
Pascal Siakam,1.28,2021,2.8508870601654053
Pascal Siakam,2.3200000000000003,2023,3.1053390502929688
Pat Connaughton,0.32000000000000006,2019,1.0050108432769775
Pat Connaughton,1.36,2021,1.0972214937210083
Pat Connaughton,2.4000000000000004,2023,0.852382242679596
Patrick Beverley,0.48,2019,0.8224571347236633
Patrick Beverley,1.52,2021,1.1368271112442017
Patrick Beverley,2.56,2023,0.6068743467330933
Patty Mills,0.48,2019,0.029315698891878128
Patty Mills,1.52,2021,-0.03625747188925743
Patty Mills,2.56,2023,-0.13348570466041565
Paul George,0.40000000000000013,2019,2.893684148788452
Paul George,1.44,2021,2.488321304321289
Paul George,2.48,2023,2.270894765853882
Raul Neto,0.28,2018,0.4480562210083008
Raul Neto,1.32,2020,0.4528423547744751
Raul Neto,2.3600000000000003,2022,0.25305643677711487
Reggie Bullock,0.32000000000000006,2018,0.5694358348846436
Reggie Bullock,1.36,2020,0.3109298050403595
Reggie Bullock,2.44,2023,0.10383300483226776
Reggie Jackson,0.40000000000000013,2019,0.17184053361415863
Reggie Jackson,1.44,2021,0.08321733772754669
Reggie Jackson,2.48,2023,-0.08782912790775299
Richaun Holmes,0.28,2019,0.5351620316505432
Richaun Holmes,1.32,2021,0.3036574721336365
Richaun Holmes,2.3600000000000003,2023,-0.07440881431102753
Ricky Rubio,0.3600000000000001,2018,0.40448129177093506
Ricky Rubio,1.4000000000000001,2020,0.17091700434684753
Ricky Rubio,2.44,2022,0.14242979884147644
Robert Covington,0.3600000000000001,2018,1.2375043630599976
Robert Covington,1.4000000000000001,2020,0.95940762758255
Robert Covington,2.44,2022,0.7008112072944641
Robin Lopez,0.43999999999999995,2018,-0.12154249846935272
Robin Lopez,1.48,2020,-0.11086995899677277
Robin Lopez,2.52,2022,-0.14035099744796753
Royce O'Neale,0.28,2019,1.1656522750854492
Royce O'Neale,1.32,2021,1.2833417654037476
Royce O'Neale,2.3600000000000003,2023,0.8755406141281128
Rudy Gay,0.52,2018,0.44898128509521484
Rudy Gay,1.56,2020,0.21495358645915985
Rudy Gay,2.6,2022,0.054049909114837646
Rudy Gobert,0.32000000000000006,2019,3.7328100204467773
Rudy Gobert,1.36,2021,3.7465169429779053
Rudy Gobert,2.4000000000000004,2023,2.326380968093872
Russell Westbrook,0.48,2019,1.7964974641799927
Russell Westbrook,1.52,2021,0.772533655166626
Russell Westbrook,2.56,2023,0.4309319257736206
Seth Curry,0.40000000000000013,2019,0.08100566267967224
Seth Curry,1.44,2021,0.114359050989151
Seth Curry,2.48,2023,-0.021876435726881027
Shai Gilgeous-Alexander,0.08000000000000007,2019,4.037961959838867
Shai Gilgeous-Alexander,1.12,2021,4.6849870681762695
Shai Gilgeous-Alexander,2.16,2023,6.53363037109375
Spencer Dinwiddie,0.24,2018,1.5381994247436523
Spencer Dinwiddie,1.28,2020,1.0236543416976929
Spencer Dinwiddie,2.3200000000000003,2022,0.9731492400169373
Stanley Johnson,0.08000000000000007,2017,0.0535181388258934
Stanley Johnson,1.12,2019,0.00032944604754447937
Stanley Johnson,2.16,2021,-0.03858352079987526
Stephen Curry,0.43999999999999995,2018,5.700563907623291
Stephen Curry,1.48,2020,4.595185279846191
Stephen Curry,2.56,2023,4.195967674255371
Steven Adams,0.24,2018,2.366359233856201
Steven Adams,1.28,2020,1.4235128164291382
Steven Adams,2.3200000000000003,2022,1.4317660331726074
Svi Mykhailiuk,0.12,2019,0.15790922939777374
Svi Mykhailiuk,1.1600000000000001,2021,0.11565686762332916
Svi Mykhailiuk,2.2,2023,0.15341699123382568
T.J. McConnell,0.28,2018,1.0796246528625488
T.J. McConnell,1.32,2020,1.3964017629623413
T.J. McConnell,2.3600000000000003,2022,1.3822174072265625
T.J. Warren,0.16000000000000003,2016,0.9826246500015259
T.J. Warren,1.2000000000000002,2018,0.7564631104469299
T.J. Warren,2.24,2020,1.1458040475845337
Taj Gibson,0.56,2018,0.08761659264564514
Taj Gibson,1.6,2020,0.05412501096725464
Taj Gibson,2.64,2022,-0.041758839040994644
Taurean Prince,0.24,2019,0.1156693696975708
Taurean Prince,1.28,2021,0.09012416750192642
Taurean Prince,2.3200000000000003,2023,-0.010973326861858368
Terrence Ross,0.28,2017,0.5221378207206726
Terrence Ross,1.36,2020,0.2981046736240387
Terrence Ross,2.4000000000000004,2022,0.050142545253038406
Terry Rozier,0.24,2019,1.9088386297225952
Terry Rozier,1.28,2021,2.0909290313720703
Terry Rozier,2.3200000000000003,2023,1.4890702962875366
Thaddeus Young,0.48,2019,0.8532015681266785
Thaddeus Young,1.52,2021,0.8030791878700256
Thaddeus Young,2.56,2023,0.4746348261833191
Tim Hardaway Jr.,0.32000000000000006,2019,0.6122804284095764
Tim Hardaway Jr.,1.36,2021,0.46607038378715515
Tim Hardaway Jr.,2.4000000000000004,2023,0.24149011075496674
Tobias Harris,0.32000000000000006,2019,2.286421537399292
Tobias Harris,1.36,2021,1.7339866161346436
Tobias Harris,2.4000000000000004,2023,1.2638399600982666
Torrey Craig,0.40000000000000013,2019,-0.09256570041179657
Torrey Craig,1.44,2021,-0.10562853515148163
Torrey Craig,2.48,2023,-0.08833801746368408
Trae Young,0.08000000000000007,2019,3.605980396270752
Trae Young,1.12,2021,4.34707498550415
Trae Young,2.16,2023,3.6984312534332275
Trey Lyles,0.16000000000000003,2018,0.5686792135238647
Trey Lyles,1.2000000000000002,2020,0.5269869565963745
Trey Lyles,2.24,2022,0.43869757652282715
Tristan Thompson,0.32000000000000006,2018,0.11491371691226959
Tristan Thompson,1.36,2020,0.041346341371536255
Tristan Thompson,2.4000000000000004,2022,-0.07574516534805298
Troy Brown Jr.,0.040000000000000036,2019,0.29561445116996765
Troy Brown Jr.,1.08,2021,0.20727579295635223
Troy Brown Jr.,2.12,2023,0.18591226637363434
Tyus Jones,0.16000000000000003,2019,1.0843063592910767
Tyus Jones,1.2000000000000002,2021,1.2983657121658325
Tyus Jones,2.24,2023,1.4311858415603638
Victor Oladipo,0.20000000000000007,2016,2.5274219512939453
Victor Oladipo,1.24,2018,2.009305477142334
Victor Oladipo,2.2800000000000002,2020,0.940055251121521
Wendell Carter Jr.,0.040000000000000036,2019,1.3894997835159302
Wendell Carter Jr.,1.08,2021,1.915816307067871
Wendell Carter Jr.,2.12,2023,1.9657763242721558
Wesley Matthews,0.56,2019,-0.1245250552892685
Wesley Matthews,1.6,2021,-0.18108512461185455
Wesley Matthews,2.64,2023,-0.2075224071741104
Will Barton,0.3600000000000001,2018,0.7732028365135193
Will Barton,1.4000000000000001,2020,0.5029515027999878
Will Barton,2.44,2022,0.46881571412086487
Willy Hernangomez,0.20000000000000007,2018,0.44467636942863464
Willy Hernangomez,1.24,2020,0.2473943680524826
Willy Hernangomez,2.2800000000000002,2022,0.2799835801124573
Zach LaVine,0.12,2017,2.6676061153411865
Zach LaVine,1.2000000000000002,2020,2.9185287952423096
Zach LaVine,2.24,2022,2.71742844581604
