Player,Season,Projected_VORP_diff
Aaron Gordon,2025,-0.667709469795227
Aaron Gordon,2026,-0.8777660131454468
Aaron Gordon,2027,-0.8320161700248718
Aaron Gordon,2028,-0.8753127853075663
Aaron Gordon,2029,-0.9249894221623739
Aaron Holiday,2025,0.018460549414157867
Aaron Holiday,2026,0.09312469512224197
Aaron Holiday,2027,-0.015516094863414764
Aaron Holiday,2028,-0.05871904144684474
Aaron Holiday,2029,-0.10275952828427155
Aaron Nesmith,2025,0.6801636219024658
Aaron Nesmith,2026,0.7346072196960449
Aaron Nesmith,2027,0.5626818537712097
Aaron Nesmith,2028,0.46238571405410767
Aaron Nesmith,2029,0.3598144054412842
Al Horford,2025,-0.48233628273010254
Al Horford,2026,-0.6327922344207764
Al Horford,2027,-0.6113176941871643
Al Horford,2028,-0.6461964646975199
Al Horford,2029,-0.680727889140447
Alec Burks,2025,-0.2140406370162964
Alec Burks,2026,-0.3058289885520935
Alec Burks,2027,-0.2908816486597061
Alec Burks,2028,-0.3110617051521937
Alec Burks,2029,-0.3308324192961057
Alex Caruso,2025,-0.15861466526985168
Alex Caruso,2026,-0.4064488112926483
Alex Caruso,2027,-0.38323648273944855
Alex Caruso,2028,-0.44717248777548474
Alex Caruso,2029,-0.5051848193009695
Alex Len,2025,-0.2717829644680023
Alex Len,2026,-0.2926594316959381
Alex Len,2027,-0.28850243985652924
Alex Len,2028,-0.2917707512776057
Alex Len,2029,-0.294630599518617
Amir Coffey,2025,-0.2850176990032196
Amir Coffey,2026,0.6105884611606598
Amir Coffey,2027,0.11343657970428467
Amir Coffey,2028,0.08331132928530376
Amir Coffey,2029,0.05384037022789319
Andre Drummond,2025,-0.805462121963501
Andre Drummond,2026,0.3396378755569458
Andre Drummond,2027,-0.37858955562114716
Andre Drummond,2028,-0.46440088252226513
Andre Drummond,2029,-0.5431450282533964
Andrew Wiggins,2025,0.18292447924613953
Andrew Wiggins,2026,-0.22162046283483505
Andrew Wiggins,2027,-0.10230142436921597
Andrew Wiggins,2028,-0.15637503750622272
Andrew Wiggins,2029,-0.21604734752327204
Anfernee Simons,2025,-0.3861830234527588
Anfernee Simons,2026,-0.3852744698524475
Anfernee Simons,2027,-0.46031905710697174
Anfernee Simons,2028,-0.5063394357760748
Anfernee Simons,2029,-0.5522776121894518
Anthony Davis,2025,-1.1620721817016602
Anthony Davis,2026,-0.9582221508026123
Anthony Davis,2027,-1.2576362490653992
Anthony Davis,2028,-1.3795554439226787
Anthony Davis,2029,-1.4928632577260335
Anthony Edwards,2025,0.7094441056251526
Anthony Edwards,2026,0.6171258091926575
Anthony Edwards,2027,0.40952299535274506
Anthony Edwards,2028,0.24386951824029285
Anthony Edwards,2029,0.05424455801645915
Austin Rivers,2024,-0.1056729108095169
Austin Rivers,2025,-0.22445987164974213
Austin Rivers,2026,-0.2041696459054947
Austin Rivers,2027,-0.22956574459870657
Austin Rivers,2028,-0.25600209335486096
Bam Adebayo,2025,0.6357063055038452
Bam Adebayo,2026,0.5219467878341675
Bam Adebayo,2027,0.4159345179796219
Bam Adebayo,2028,0.3113626688718796
Bam Adebayo,2029,0.2169206440448761
Ben Simmons,2024,-0.09626772999763489
Ben Simmons,2025,-0.12699219584465027
Ben Simmons,2026,-0.2407800704240799
Ben Simmons,2027,-0.3103051632642746
Ben Simmons,2028,-0.3616713136434555
Bismack Biyombo,2025,-0.028803840279579163
Bismack Biyombo,2026,-0.0826660618185997
Bismack Biyombo,2027,-0.06705925427377224
Bismack Biyombo,2028,-0.07501509971916676
Bismack Biyombo,2029,-0.08320019859820604
Blake Griffin,2024,-0.13367637991905212
Blake Griffin,2025,0.20069703459739685
Blake Griffin,2026,0.0136515311896801
Blake Griffin,2027,5.299722154935172e-05
Blake Griffin,2028,-0.013775686112542946
Boban Marjanovic,2024,-0.07768569886684418
Boban Marjanovic,2025,-0.3900979906320572
Boban Marjanovic,2026,-0.23751841485500336
Boban Marjanovic,2027,-0.23982101182142893
Boban Marjanovic,2028,-0.2420524333914121
Bobby Portis,2025,-0.9987897276878357
Bobby Portis,2026,-0.9902159571647644
Bobby Portis,2027,-1.0780195891857147
Bobby Portis,2028,-1.1316205561161041
Bobby Portis,2029,-1.1842811554670334
Bogdan Bogdanovic,2025,-0.7975777387619019
Bogdan Bogdanovic,2026,-1.3751736879348755
Bogdan Bogdanovic,2027,-1.287494719028473
Bogdan Bogdanovic,2028,-1.405912975470225
Bogdan Bogdanovic,2029,-1.5078398485978444
Bojan Bogdanovic,2025,0.2665158212184906
Bojan Bogdanovic,2026,0.05234047770500183
Bojan Bogdanovic,2027,0.11780191957950592
Bojan Bogdanovic,2028,0.0902944952249527
Bojan Bogdanovic,2029,0.06267889589071274
Bradley Beal,2025,-0.11243154108524323
Bradley Beal,2026,-0.3048306554555893
Bradley Beal,2027,-0.3164377063512802
Bradley Beal,2028,-0.37057218452294666
Bradley Beal,2029,-0.41999581704537076
Brandon Clarke,2024,1.3536216020584106
Brandon Clarke,2025,0.9692732095718384
Brandon Clarke,2026,1.0544483661651611
Brandon Clarke,2027,0.9822065035502116
Brandon Clarke,2028,0.9089251359303793
Brandon Ingram,2025,0.3204238712787628
Brandon Ingram,2026,-0.6925697028636932
Brandon Ingram,2027,-0.30375760793685913
Brandon Ingram,2028,-0.3707725207010905
Brandon Ingram,2029,-0.43568164606889087
Brook Lopez,2025,-0.3762652575969696
Brook Lopez,2026,-0.44946345686912537
Brook Lopez,2027,-0.534636914730072
Brook Lopez,2028,-0.6102028687795004
Brook Lopez,2029,-0.6823748598496119
Bruce Brown,2025,0.674852728843689
Bruce Brown,2026,0.5828375816345215
Bruce Brown,2027,0.5166754424571991
Bruce Brown,2028,0.4355338712533315
Bruce Brown,2029,0.3509715447823207
Bruno Fernando,2025,0.32928475737571716
Bruno Fernando,2026,-0.015956491231918335
Bruno Fernando,2027,0.10895039513707161
Bruno Fernando,2028,0.08196906372904778
Bruno Fernando,2029,0.05706380866467953
Buddy Hield,2025,-0.4600411355495453
Buddy Hield,2026,-0.4860527217388153
Buddy Hield,2027,-0.6479185968637466
Buddy Hield,2028,-0.7455949038267136
Buddy Hield,2029,-0.8395456597208977
CJ McCollum,2025,-1.3316372632980347
CJ McCollum,2026,-1.5765634775161743
CJ McCollum,2027,-1.577959954738617
CJ McCollum,2028,-1.651125172773997
CJ McCollum,2029,-1.7177480061848958
Caleb Martin,2025,0.08863411098718643
Caleb Martin,2026,0.05474192649126053
Caleb Martin,2027,0.0019455775618553162
Caleb Martin,2028,-0.03574139128128688
Caleb Martin,2029,-0.07347515256454547
Cam Reddish,2025,0.04178949445486069
Cam Reddish,2026,0.0007687583565711975
Cam Reddish,2027,-0.007280454039573669
Cam Reddish,2028,-0.025107125441233315
Cam Reddish,2029,-0.044654060465594135
Cameron Johnson,2025,1.2159806489944458
Cameron Johnson,2026,0.3370332717895508
Cameron Johnson,2027,0.5816237330436707
Cameron Johnson,2028,0.44554617007573444
Cameron Johnson,2029,0.30719272295633954
Cameron Payne,2025,-0.4749085605144501
Cameron Payne,2026,-0.7798663675785065
Cameron Payne,2027,-0.6653247177600861
Cameron Payne,2028,-0.6888841887315115
Cameron Payne,2029,-0.7111354718605677
Caris LeVert,2025,-0.4231378734111786
Caris LeVert,2026,-0.4106004536151886
Caris LeVert,2027,-0.6021892428398132
Caris LeVert,2028,-0.7209702134132385
Caris LeVert,2029,-0.8223190158605576
Cedi Osman,2025,-0.5692673325538635
Cedi Osman,2026,-0.3744039535522461
Cedi Osman,2027,-0.5128727704286575
Cedi Osman,2028,-0.538779005408287
Cedi Osman,2029,-0.5637244656682014
Chimezie Metu,2025,-0.09518946707248688
Chimezie Metu,2026,-0.5026651471853256
Chimezie Metu,2027,-0.33637693524360657
Chimezie Metu,2028,-0.35838326811790466
Chimezie Metu,2029,-0.37956834584474564
Chris Boucher,2025,-0.07055484503507614
Chris Boucher,2026,0.12180877476930618
Chris Boucher,2027,-0.022855030372738838
Chris Boucher,2028,-0.04788070234159628
Chris Boucher,2029,-0.07178405144562323
Chris Paul,2025,-0.12077014148235321
Chris Paul,2026,-0.31135089695453644
Chris Paul,2027,-0.27125313878059387
Chris Paul,2028,-0.29729466636975604
Chris Paul,2029,-0.3224985400835673
Christian Wood,2025,0.07168339937925339
Christian Wood,2026,0.06803836673498154
Christian Wood,2027,0.013727422803640366
Christian Wood,2028,-0.019640327741702397
Christian Wood,2029,-0.04952097373704116
Clint Capela,2025,0.7076715230941772
Clint Capela,2026,0.607406735420227
Clint Capela,2027,0.48928362131118774
Clint Capela,2028,0.35741597414016724
Clint Capela,2029,0.2049574851989746
Coby White,2025,-0.6382761597633362
Coby White,2026,-0.3783859610557556
Coby White,2027,-0.7180449366569519
Coby White,2028,-0.8371336261431376
Coby White,2029,-0.9429187079270681
Cody Zeller,2025,-0.16178567707538605
Cody Zeller,2026,0.23135161399841309
Cody Zeller,2027,0.02334047481417656
Cody Zeller,2028,0.016989632199207943
Cody Zeller,2029,0.011142912631233532
Cole Anthony,2025,-0.2493000626564026
Cole Anthony,2026,-0.8223221898078918
Cole Anthony,2027,-0.6627515852451324
Cole Anthony,2028,-0.7333276768525442
Cole Anthony,2029,-0.7985709557930628
Collin Sexton,2025,1.4763208627700806
Collin Sexton,2026,0.6367572546005249
Collin Sexton,2027,0.8399415612220764
Collin Sexton,2028,0.6958295702934265
Collin Sexton,2029,0.5564534962177277
Cory Joseph,2024,-0.11854781955480576
Cory Joseph,2025,-0.3186687007546425
Cory Joseph,2026,-0.31213662028312683
Cory Joseph,2027,-0.3602558672428131
Cory Joseph,2028,-0.4021499305963516
D'Angelo Russell,2025,-1.3129042387008667
D'Angelo Russell,2026,-1.5151137113571167
D'Angelo Russell,2027,-1.5030229091644287
D'Angelo Russell,2028,-1.560970624287923
D'Angelo Russell,2029,-1.6189009348551433
Damian Jones,2025,0.14222702383995056
Damian Jones,2026,0.20118984580039978
Damian Jones,2027,0.16014663875102997
Damian Jones,2028,0.1527844419082006
Damian Jones,2029,0.14566622177759805
Damian Lillard,2025,0.7238644361495972
Damian Lillard,2026,0.4651287794113159
Damian Lillard,2027,0.5079572796821594
Damian Lillard,2028,0.44514042139053345
Damian Lillard,2029,0.3758236691355705
Damion Lee,2024,0.013165481388568878
Damion Lee,2025,-0.05369596183300018
Damion Lee,2026,-0.0779953133314848
Damion Lee,2027,-0.12075371978183587
Damion Lee,2028,-0.1619987782711784
Daniel Gafford,2025,0.10091198235750198
Daniel Gafford,2026,-0.042522139847278595
Daniel Gafford,2027,-0.06636476516723633
Daniel Gafford,2028,-0.12910557786623636
Daniel Gafford,2029,-0.18461563003559908
Daniel Theis,2025,-0.09875121712684631
Daniel Theis,2026,-0.14266395568847656
Daniel Theis,2027,-0.19410071521997452
Daniel Theis,2028,-0.23799484223127365
Daniel Theis,2029,-0.27716444805264473
Danilo Gallinari,2025,-0.19987022876739502
Danilo Gallinari,2026,-0.3707426190376282
Danilo Gallinari,2027,-0.2982054799795151
Danilo Gallinari,2028,-0.3056090623140335
Danilo Gallinari,2029,-0.3124973475933075
Dante Exum,2025,-0.2689538300037384
Dante Exum,2026,0.2228899896144867
Dante Exum,2027,-0.11768414825201035
Dante Exum,2028,-0.16635391861200333
Dante Exum,2029,-0.21407533064484596
Danuel House Jr.,2025,-0.1682887226343155
Danuel House Jr.,2026,0.094563789665699
Danuel House Jr.,2027,-0.062166208401322365
Danuel House Jr.,2028,-0.07781409534315269
Danuel House Jr.,2029,-0.09312815436472495
Dario Saric,2025,-0.5022874474525452
Dario Saric,2026,0.2457582652568817
Dario Saric,2027,-0.234474278986454
Dario Saric,2028,-0.29336368292570114
Dario Saric,2029,-0.3427301086485386
Darius Bazley,2024,0.7279180288314819
Darius Bazley,2025,0.7684849500656128
Darius Bazley,2026,0.6381254196166992
Darius Bazley,2027,0.5674663384755453
Darius Bazley,2028,0.49978632728258765
Darius Garland,2025,2.439800262451172
Darius Garland,2026,2.835735321044922
Darius Garland,2027,2.538224935531616
Darius Garland,2028,2.4649333159128823
Darius Garland,2029,2.3855899771054587
Davis Bertans,2025,-0.10508523136377335
Davis Bertans,2026,0.09571584314107895
Davis Bertans,2027,-0.09577007591724396
Davis Bertans,2028,-0.14387401938438416
Davis Bertans,2029,-0.1827651523053646
De'Aaron Fox,2025,-1.0129308700561523
De'Aaron Fox,2026,-1.6735990047454834
De'Aaron Fox,2027,-1.4652446508407593
De'Aaron Fox,2028,-1.5410512685775757
De'Aaron Fox,2029,-1.6130028367042542
De'Andre Hunter,2025,0.07433099299669266
De'Andre Hunter,2026,-0.060451991856098175
De'Andre Hunter,2027,-0.03933410905301571
De'Andre Hunter,2028,-0.06558860776325066
De'Andre Hunter,2029,-0.09224984763811032
De'Anthony Melton,2025,-0.15889480710029602
De'Anthony Melton,2026,0.7921244204044342
De'Anthony Melton,2027,0.17535488307476044
De'Anthony Melton,2028,0.091411625345548
De'Anthony Melton,2029,0.008511471251646675
DeAndre Jordan,2025,-0.16975870728492737
DeAndre Jordan,2026,0.23047180473804474
DeAndre Jordan,2027,0.027004826813936234
DeAndre Jordan,2028,0.023811624695857365
DeAndre Jordan,2029,0.020017548153797787
DeMar DeRozan,2025,-1.208286166191101
DeMar DeRozan,2026,-2.1675103902816772
DeMar DeRozan,2027,-1.7890855073928833
DeMar DeRozan,2028,-1.848454435666402
DeMar DeRozan,2029,-1.902895192305247
Dean Wade,2025,0.2762235105037689
Dean Wade,2026,-0.13865752518177032
Dean Wade,2027,-0.06745211407542229
Dean Wade,2028,-0.14167499914765358
Dean Wade,2029,-0.20088964514434338
Deandre Ayton,2025,-0.23811736702919006
Deandre Ayton,2026,-0.1634872853755951
Deandre Ayton,2027,-0.30344514548778534
Deandre Ayton,2028,-0.36564349631468457
Deandre Ayton,2029,-0.41758189847071964
Dejounte Murray,2025,-0.20858144760131836
Dejounte Murray,2026,-0.09301167726516724
Dejounte Murray,2027,-0.41794654726982117
Dejounte Murray,2028,-0.6115147769451141
Dejounte Murray,2029,-0.8307630270719528
Delon Wright,2025,-0.3222450911998749
Delon Wright,2026,0.17657402157783508
Delon Wright,2027,-0.1633063107728958
Delon Wright,2028,-0.20958012839158377
Delon Wright,2029,-0.2525779182712237
Deni Avdija,2025,-0.4678175449371338
Deni Avdija,2026,-0.570249080657959
Deni Avdija,2027,-0.6971627473831177
Deni Avdija,2028,-0.7833160956700643
Deni Avdija,2029,-0.8669078300396601
Dennis Schroder,2025,0.1435038149356842
Dennis Schroder,2026,-1.089497059583664
Dennis Schroder,2027,-0.6843512505292892
Dennis Schroder,2028,-0.7960396756728491
Dennis Schroder,2029,-0.8938066239158312
Dennis Smith Jr.,2025,-0.3693261742591858
Dennis Smith Jr.,2026,-0.27191996574401855
Dennis Smith Jr.,2027,-0.36951956152915955
Dennis Smith Jr.,2028,-0.40083520611127216
Dennis Smith Jr.,2029,-0.4331783081094424
Derrick Jones Jr.,2025,0.35893186926841736
Derrick Jones Jr.,2026,-0.13186784088611603
Derrick Jones Jr.,2027,0.07269752770662308
Derrick Jones Jr.,2028,0.04668671637773514
Derrick Jones Jr.,2029,0.020594522356987
Derrick White,2025,0.12377143651247025
Derrick White,2026,0.2856331393122673
Derrick White,2027,0.08267879858613014
Derrick White,2028,-0.022976958503325783
Derrick White,2029,-0.1660731794933478
Desmond Bane,2025,-0.4331907033920288
Desmond Bane,2026,0.23486033082008362
Desmond Bane,2027,-0.262175478041172
Desmond Bane,2028,-0.3566478615005811
Desmond Bane,2029,-0.43142782772580784
Devin Booker,2025,-0.7796187400817871
Devin Booker,2026,-1.3244516849517822
Devin Booker,2027,-1.2038480639457703
Devin Booker,2028,-1.2915882070859273
Devin Booker,2029,-1.3720817963282268
Devin Vassell,2025,0.04486844688653946
Devin Vassell,2026,-0.8950374498963356
Devin Vassell,2027,-0.6205476671457291
Devin Vassell,2028,-0.7265000392993292
Devin Vassell,2029,-0.8344177181522051
Devonte' Graham,2024,-0.23438408970832825
Devonte' Graham,2025,-0.41230228543281555
Devonte' Graham,2026,-0.3771141469478607
Devonte' Graham,2027,-0.4105732540289561
Devonte' Graham,2028,-0.4434708183010419
Dewayne Dedmon,2024,0.031231604516506195
Dewayne Dedmon,2025,0.18082445114850998
Dewayne Dedmon,2026,0.08155626803636551
Dewayne Dedmon,2027,0.06593675166368484
Dewayne Dedmon,2028,0.05084775388240814
Dillon Brooks,2025,-0.07535950094461441
Dillon Brooks,2026,-0.22794698923826218
Dillon Brooks,2027,-0.23016948252916336
Dillon Brooks,2028,-0.2725950901707013
Dillon Brooks,2029,-0.3203836518029372
Domantas Sabonis,2025,0.13623547554016113
Domantas Sabonis,2026,0.5740013718605042
Domantas Sabonis,2027,0.15213827788829803
Domantas Sabonis,2028,-0.039810195565223694
Domantas Sabonis,2029,-0.2472804468125105
Donovan Mitchell,2025,0.5490422248840332
Donovan Mitchell,2026,1.9567415714263916
Donovan Mitchell,2027,1.0371255278587341
Donovan Mitchell,2028,0.8768141865730286
Donovan Mitchell,2029,0.7069093883037567
Donte DiVincenzo,2025,-1.659097671508789
Donte DiVincenzo,2026,-1.8134987354278564
Donte DiVincenzo,2027,-1.822013020515442
Donte DiVincenzo,2028,-1.880659858385722
Donte DiVincenzo,2029,-1.93912669022878
Dorian Finney-Smith,2025,0.7596931457519531
Dorian Finney-Smith,2026,0.690083384513855
Dorian Finney-Smith,2027,0.592626303434372
Dorian Finney-Smith,2028,0.4914994140466054
Dorian Finney-Smith,2029,0.3770775149265925
Doug McDermott,2025,0.021339960396289825
Doug McDermott,2026,-0.04102522134780884
Doug McDermott,2027,-0.03500124253332615
Doug McDermott,2028,-0.052908011401693024
Doug McDermott,2029,-0.07184584097315867
Draymond Green,2025,-0.3902098834514618
Draymond Green,2026,-0.20370885729789734
Draymond Green,2027,-0.3882591724395752
Draymond Green,2028,-0.4379097819328308
Draymond Green,2029,-0.4850672632455826
Drew Eubanks,2025,0.0702361986041069
Drew Eubanks,2026,0.19037426263093948
Drew Eubanks,2027,0.07490850612521172
Drew Eubanks,2028,0.039797135939200715
Drew Eubanks,2029,0.0031377772490183524
Duncan Robinson,2025,0.5131909847259521
Duncan Robinson,2026,0.28975456953048706
Duncan Robinson,2027,0.1410505771636963
Duncan Robinson,2028,-0.029469569524129227
Duncan Robinson,2029,-0.1875836669156949
Dwight Powell,2025,0.1266726553440094
Dwight Powell,2026,0.25458088517189026
Dwight Powell,2027,0.10363173484802246
Dwight Powell,2028,0.04778888821601868
Dwight Powell,2029,-0.0076835304498672485
Eric Gordon,2025,-0.09393331408500671
Eric Gordon,2026,-0.14538246393203735
Eric Gordon,2027,-0.1663922294974327
Eric Gordon,2028,-0.20381928235292435
Eric Gordon,2029,-0.24108372256159782
Evan Fournier,2025,0.4815293252468109
Evan Fournier,2026,0.11577543616294861
Evan Fournier,2027,0.2649548053741455
Evan Fournier,2028,0.2426846226056417
Evan Fournier,2029,0.22101842860380808
Frank Kaminsky,2024,0.3709440529346466
Frank Kaminsky,2025,0.21262231469154358
Frank Kaminsky,2026,0.28021083772182465
Frank Kaminsky,2027,0.2715942809979121
Frank Kaminsky,2028,0.262057622273763
Frank Ntilikina,2024,0.4646584093570709
Frank Ntilikina,2025,0.1788739264011383
Frank Ntilikina,2026,0.302850604057312
Frank Ntilikina,2027,0.2912170688311259
Frank Ntilikina,2028,0.2802747016151746
Fred VanVleet,2025,-0.5141755938529968
Fred VanVleet,2026,-1.1471144556999207
Fred VanVleet,2027,-1.0830016434192657
Fred VanVleet,2028,-1.2467452784379323
Fred VanVleet,2029,-1.4033375332752864
Furkan Korkmaz,2025,0.5148118734359741
Furkan Korkmaz,2026,0.4219972491264343
Furkan Korkmaz,2027,0.42657899856567383
Furkan Korkmaz,2028,0.3987689216931661
Furkan Korkmaz,2029,0.3714030260841052
Garrison Mathews,2025,-0.042271703481674194
Garrison Mathews,2026,-0.24269232153892517
Garrison Mathews,2027,-0.176353819668293
Garrison Mathews,2028,-0.19842242449522018
Garrison Mathews,2029,-0.21994655951857567
Gary Harris,2025,-0.4297022521495819
Gary Harris,2026,-0.312531441450119
Gary Harris,2027,-0.3930376470088959
Gary Harris,2028,-0.4065617819627126
Gary Harris,2029,-0.4195442895094554
Gary Trent Jr.,2025,0.33853235840797424
Gary Trent Jr.,2026,0.2658686935901642
Gary Trent Jr.,2027,0.2025323212146759
Gary Trent Jr.,2028,0.10938138763109842
Gary Trent Jr.,2029,-0.02223986449340979
George Hill,2024,0.045157261192798615
George Hill,2025,0.20273233205080032
George Hill,2026,0.04348292946815491
George Hill,2027,-0.0068142165740331
George Hill,2028,-0.04803845162192981
Georges Niang,2025,0.2508111596107483
Georges Niang,2026,0.09935349225997925
Georges Niang,2027,0.0982220284640789
Georges Niang,2028,0.050549356887737915
Georges Niang,2029,0.00362442744274934
Giannis Antetokounmpo,2025,-1.0081045627593994
Giannis Antetokounmpo,2026,-0.27214884757995605
Giannis Antetokounmpo,2027,-1.0177704691886902
Giannis Antetokounmpo,2028,-1.2434978286425273
Giannis Antetokounmpo,2029,-1.4385646780331929
Goga Bitadze,2025,0.3692786991596222
Goga Bitadze,2026,-0.7301575541496277
Goga Bitadze,2027,-0.3067302331328392
Goga Bitadze,2028,-0.377592034637928
Goga Bitadze,2029,-0.43771782889962196
Goran Dragic,2024,0.5036811828613281
Goran Dragic,2025,0.3374289870262146
Goran Dragic,2026,0.38050130009651184
Goran Dragic,2027,0.35345624883969623
Goran Dragic,2028,0.32604112724463147
Gordon Hayward,2025,0.13779470324516296
Gordon Hayward,2026,0.24978885054588318
Gordon Hayward,2027,0.17020103335380554
Gordon Hayward,2028,0.15483205517133078
Gordon Hayward,2029,0.13957935074965158
Gorgui Dieng,2024,0.09620817750692368
Gorgui Dieng,2025,0.16491637378931046
Gorgui Dieng,2026,0.09126962348818779
Gorgui Dieng,2027,0.06845675781369209
Gorgui Dieng,2028,0.046580249443650246
Grant Williams,2025,0.15313327312469482
Grant Williams,2026,0.13992172479629517
Grant Williams,2027,0.008706089109182358
Grant Williams,2028,-0.09515248363216719
Grant Williams,2029,-0.20064647185305753
Grayson Allen,2025,-0.15661165118217468
Grayson Allen,2026,-0.8381622731685638
Grayson Allen,2027,-0.624807134270668
Grayson Allen,2028,-0.7040889710187912
Grayson Allen,2029,-0.7801214084029198
Hamidou Diallo,2024,-0.03287540748715401
Hamidou Diallo,2025,-0.14027481898665428
Hamidou Diallo,2026,-0.167762640863657
Hamidou Diallo,2027,-0.21271938209732374
Hamidou Diallo,2028,-0.24676670196155706
Harrison Barnes,2025,-0.31127727031707764
Harrison Barnes,2026,-0.30709290504455566
Harrison Barnes,2027,-0.4273150712251663
Harrison Barnes,2028,-0.5093461722135544
Harrison Barnes,2029,-0.5929591581225395
Immanuel Quickley,2025,0.876319169998169
Immanuel Quickley,2026,1.017928123474121
Immanuel Quickley,2027,0.6929512619972229
Immanuel Quickley,2028,0.5050776998202006
Immanuel Quickley,2029,0.30235388626654947
Isaac Okoro,2025,0.1785391867160797
Isaac Okoro,2026,0.1672913134098053
Isaac Okoro,2027,0.025193873792886734
Isaac Okoro,2028,-0.0667091098924478
Isaac Okoro,2029,-0.15936860969911018
Isaiah Hartenstein,2025,-0.514286994934082
Isaiah Hartenstein,2026,-0.1335364580154419
Isaiah Hartenstein,2027,-0.5115585774183273
Isaiah Hartenstein,2028,-0.6116036921739578
Isaiah Hartenstein,2029,-0.6915822252631187
Isaiah Joe,2025,-0.793393611907959
Isaiah Joe,2026,-0.7955443859100342
Isaiah Joe,2027,-0.8335196375846863
Isaiah Joe,2028,-0.8606313665707906
Isaiah Joe,2029,-0.8890865991512934
Isaiah Stewart,2025,-0.06111667677760124
Isaiah Stewart,2026,-0.19382091239094734
Isaiah Stewart,2027,-0.20562217384576797
Isaiah Stewart,2028,-0.25771989673376083
Isaiah Stewart,2029,-0.30538367852568626
Ish Smith,2025,0.2280878722667694
Ish Smith,2026,0.07507362961769104
Ish Smith,2027,0.14743351936340332
Ish Smith,2028,0.14502410093943277
Ish Smith,2029,0.14310192068417868
Ivica Zubac,2025,-0.4424484074115753
Ivica Zubac,2026,-0.6284023225307465
Ivica Zubac,2027,-0.6042713224887848
Ivica Zubac,2028,-0.6444518268108368
Ivica Zubac,2029,-0.6829820871353149
Ja Morant,2024,-0.4502406418323517
Ja Morant,2025,-0.4690859615802765
Ja Morant,2026,-0.5914265960454941
Ja Morant,2027,-0.6650296797355016
Ja Morant,2028,-0.7354698354999224
JaMychal Green,2024,0.010453097522258759
JaMychal Green,2025,0.21195878833532333
JaMychal Green,2026,0.01618577167391777
JaMychal Green,2027,-0.044483310232559845
JaMychal Green,2028,-0.10208355573316415
JaVale McGee,2025,0.4387969672679901
JaVale McGee,2026,0.3757503926753998
JaVale McGee,2027,0.3919212520122528
JaVale McGee,2028,0.3819616734981537
JaVale McGee,2029,0.3717138320207596
Jaden McDaniels,2025,-0.31001463532447815
Jaden McDaniels,2026,-0.5631309449672699
Jaden McDaniels,2027,-0.5873090028762817
Jaden McDaniels,2028,-0.6781577666600546
Jaden McDaniels,2029,-0.7651865432659785
Jae Crowder,2025,0.7624610662460327
Jae Crowder,2026,0.5064616203308105
Jae Crowder,2027,0.5786148011684418
Jae Crowder,2028,0.5379563470681509
Jae Crowder,2029,0.49471093217531836
Jae'Sean Tate,2025,0.012945838272571564
Jae'Sean Tate,2026,-0.08139174431562424
Jae'Sean Tate,2027,-0.09146866947412491
Jae'Sean Tate,2028,-0.12658844143152237
Jae'Sean Tate,2029,-0.16053522750735283
Jakob Poeltl,2025,-0.06967772543430328
Jakob Poeltl,2026,-0.21868132054805756
Jakob Poeltl,2027,-0.29851436614990234
Jakob Poeltl,2028,-0.39114125569661456
Jakob Poeltl,2029,-0.4702521363894145
Jalen Brunson,2025,-0.4363463521003723
Jalen Brunson,2026,-2.520092189311981
Jalen Brunson,2027,-2.067143499851227
Jalen Brunson,2028,-2.36235104004542
Jalen Brunson,2029,-2.611377408107122
Jalen McDaniels,2025,0.26964664459228516
Jalen McDaniels,2026,0.6111542582511902
Jalen McDaniels,2027,0.40711258351802826
Jalen McDaniels,2028,0.38574707011381787
Jalen McDaniels,2029,0.365038534005483
Jamal Murray,2025,-0.4050270617008209
Jamal Murray,2026,-0.5240947306156158
Jamal Murray,2027,-0.6438291519880295
Jamal Murray,2028,-0.7492716461420059
Jamal Murray,2029,-0.8516931906342506
James Harden,2025,0.6615220308303833
James Harden,2026,-0.17306405305862427
James Harden,2027,0.14827430248260498
James Harden,2028,0.07196604212125143
James Harden,2029,-0.027434061591823898
Jaren Jackson Jr.,2025,0.9829931259155273
Jaren Jackson Jr.,2026,2.1170108318328857
Jaren Jackson Jr.,2027,1.2873972654342651
Jaren Jackson Jr.,2028,1.0916042725245159
Jaren Jackson Jr.,2029,0.8751944502194722
Jarrett Allen,2025,-0.7586910128593445
Jarrett Allen,2026,-0.7615720629692078
Jarrett Allen,2027,-0.8250274956226349
Jarrett Allen,2028,-0.8685658077398936
Jarrett Allen,2029,-0.9112547238667806
Javonte Green,2024,0.02060975879430771
Javonte Green,2025,0.5781475082039833
Javonte Green,2026,0.26420463621616364
Javonte Green,2027,0.24232608576615652
Javonte Green,2028,0.22089345256487528
Jaxson Hayes,2025,0.3943277895450592
Jaxson Hayes,2026,0.317392498254776
Jaxson Hayes,2027,0.2793627381324768
Jaxson Hayes,2028,0.22726615269978842
Jaxson Hayes,2029,0.17578006784121195
Jaylen Brown,2025,-0.6919956803321838
Jaylen Brown,2026,-0.8851985335350037
Jaylen Brown,2027,-0.8605841100215912
Jaylen Brown,2028,-0.9072008828322092
Jaylen Brown,2029,-0.9520875712235769
Jayson Tatum,2025,-0.5940110683441162
Jayson Tatum,2026,-1.0790050029754639
Jayson Tatum,2027,-0.973980188369751
Jayson Tatum,2028,-1.0647170543670654
Jayson Tatum,2029,-1.1617323160171509
Jeff Green,2025,-0.26083263754844666
Jeff Green,2026,-0.3234093487262726
Jeff Green,2027,-0.3287274241447449
Jeff Green,2028,-0.3528667092323303
Jeff Green,2029,-0.3772287219762802
Jerami Grant,2025,0.044914886355400085
Jerami Grant,2026,-0.11116623878479004
Jerami Grant,2027,-0.15146320685744286
Jerami Grant,2028,-0.22089209035038948
Jerami Grant,2029,-0.28228901885449886
Jevon Carter,2025,0.10598617047071457
Jevon Carter,2026,0.3230857327580452
Jevon Carter,2027,0.15926581621170044
Jevon Carter,2028,0.12557647625605264
Jevon Carter,2029,0.09302770656843981
Jimmy Butler,2025,-0.2840367555618286
Jimmy Butler,2026,-0.5517140030860901
Jimmy Butler,2027,-0.5351143777370453
Jimmy Butler,2028,-0.6066939532756805
Jimmy Butler,2029,-0.6734579205513
Joe Harris,2024,-0.03425692021846771
Joe Harris,2025,-0.1472230702638626
Joe Harris,2026,-0.19775629043579102
Joe Harris,2027,-0.2635373870531718
Joe Harris,2028,-0.32519380499919254
Joe Ingles,2025,-0.19001418352127075
Joe Ingles,2026,-0.013183608651161194
Joe Ingles,2027,-0.17230383679270744
Joe Ingles,2028,-0.21141939734419188
Joe Ingles,2029,-0.23801333891848722
Joel Embiid,2025,0.9819751977920532
Joel Embiid,2026,0.27409064769744873
Joel Embiid,2027,0.4985821843147278
Joel Embiid,2028,0.40764425198237103
Joel Embiid,2029,0.315248762567838
John Collins,2025,0.10838042944669724
John Collins,2026,0.05887516587972641
John Collins,2027,0.03078657016158104
John Collins,2028,-0.00592248762647311
John Collins,2029,-0.04171870493640502
John Konchar,2025,0.3744901418685913
John Konchar,2026,1.2185544967651367
John Konchar,2027,0.6336373090744019
John Konchar,2028,0.5160605907440186
John Konchar,2029,0.3937281146645546
John Wall,2024,-0.3402797281742096
John Wall,2025,-0.4251762330532074
John Wall,2026,-0.39430417120456696
John Wall,2027,-0.4007876565059026
John Wall,2028,-0.4064044455687205
Jonas Valanciunas,2025,-1.0267035961151123
Jonas Valanciunas,2026,-1.1419353485107422
Jonas Valanciunas,2027,-1.1679462790489197
Jonas Valanciunas,2028,-1.2204397320747375
Jonas Valanciunas,2029,-1.2719910144805908
Jordan Clarkson,2025,1.0139847993850708
Jordan Clarkson,2026,0.545264482498169
Jordan Clarkson,2027,0.753009706735611
Jordan Clarkson,2028,0.731650322675705
Jordan Clarkson,2029,0.7068536281585693
Jordan McLaughlin,2025,0.020143471658229828
Jordan McLaughlin,2026,-0.2708549126982689
Jordan McLaughlin,2027,-0.15203753113746643
Jordan McLaughlin,2028,-0.16832287112871805
Jordan McLaughlin,2029,-0.18346657728155455
Jordan Nwora,2025,0.6349450349807739
Jordan Nwora,2026,0.42861878871917725
Jordan Nwora,2027,0.4691960960626602
Jordan Nwora,2028,0.42787733177344006
Jordan Nwora,2029,0.3870122705896695
Jordan Poole,2025,0.10232340544462204
Jordan Poole,2026,0.3443564847111702
Jordan Poole,2027,0.12553100287914276
Jordan Poole,2028,0.047220235069592796
Jordan Poole,2029,-0.04681508926053842
Josh Green,2025,-0.1262357532978058
Josh Green,2026,-0.26844146847724915
Josh Green,2027,-0.2565367519855499
Josh Green,2028,-0.2878048320611318
Josh Green,2029,-0.3150295043985049
Josh Hart,2025,-0.07381313294172287
Josh Hart,2026,-0.3973752334713936
Josh Hart,2027,-0.548468142747879
Josh Hart,2028,-0.7501696646213531
Josh Hart,2029,-0.9052594155073166
Josh Okogie,2025,-0.4078446328639984
Josh Okogie,2026,-0.2345122992992401
Josh Okogie,2027,-0.35466665029525757
Josh Okogie,2028,-0.3758503595987956
Josh Okogie,2029,-0.3973973070581754
Josh Richardson,2025,-0.2094210982322693
Josh Richardson,2026,-0.16908970475196838
Josh Richardson,2027,-0.24669010192155838
Josh Richardson,2028,-0.28351499885320663
Josh Richardson,2029,-0.3167293108999729
Jrue Holiday,2025,-1.0372796058654785
Jrue Holiday,2026,-1.8717255592346191
Jrue Holiday,2027,-1.5463800430297852
Jrue Holiday,2028,-1.6070480346679688
Jrue Holiday,2029,-1.6680640280246735
Juancho Hernangomez,2024,0.11785029619932175
Juancho Hernangomez,2025,-0.2895469143986702
Juancho Hernangomez,2026,-0.10250814631581306
Juancho Hernangomez,2027,-0.1141244334479173
Juancho Hernangomez,2028,-0.12611091944078603
Julius Randle,2025,0.5506525635719299
Julius Randle,2026,-0.31677593290805817
Julius Randle,2027,-0.051707856357097626
Julius Randle,2028,-0.17054946472247443
Julius Randle,2029,-0.28796318794290227
Justin Holiday,2025,-0.15446019172668457
Justin Holiday,2026,0.15021076798439026
Justin Holiday,2027,-0.05779987759888172
Justin Holiday,2028,-0.09378624272843201
Justin Holiday,2029,-0.13205157003055015
Jusuf Nurkic,2025,-0.8126817941665649
Jusuf Nurkic,2026,-1.8559266328811646
Jusuf Nurkic,2027,-1.4317195415496826
Jusuf Nurkic,2028,-1.491240660349528
Jusuf Nurkic,2029,-1.548878123362859
KJ Martin,2025,0.26821038126945496
KJ Martin,2026,0.683608740568161
KJ Martin,2027,0.4202262759208679
KJ Martin,2028,0.3842274347941081
KJ Martin,2029,0.3484928657611211
Karl-Anthony Towns,2025,-0.6583021879196167
Karl-Anthony Towns,2026,-0.8261159658432007
Karl-Anthony Towns,2027,-1.0769571661949158
Karl-Anthony Towns,2028,-1.23786860704422
Karl-Anthony Towns,2029,-1.3664136230945587
Kawhi Leonard,2025,0.4241511821746826
Kawhi Leonard,2026,0.10183626413345337
Kawhi Leonard,2027,0.1033208817243576
Kawhi Leonard,2028,-0.0008618285258611066
Kawhi Leonard,2029,-0.1216901938120524
Keita Bates-Diop,2025,0.13268068432807922
Keita Bates-Diop,2026,0.3961621820926666
Keita Bates-Diop,2027,0.20658916234970093
Keita Bates-Diop,2028,0.16889703273773193
Keita Bates-Diop,2029,0.1289985179901123
Keldon Johnson,2025,0.2522605359554291
Keldon Johnson,2026,-0.3105689659714699
Keldon Johnson,2027,-0.15830125473439693
Keldon Johnson,2028,-0.24613775499165058
Keldon Johnson,2029,-0.32689227256923914
Kelly Olynyk,2025,0.5261310935020447
Kelly Olynyk,2026,0.1965351104736328
Kelly Olynyk,2027,0.08825194835662842
Kelly Olynyk,2028,-0.10409934322039287
Kelly Olynyk,2029,-0.2925142341603835
Kelly Oubre Jr.,2025,0.4625891149044037
Kelly Oubre Jr.,2026,0.07035937905311584
Kelly Oubre Jr.,2027,0.13114674389362335
Kelly Oubre Jr.,2028,0.056198254227638245
Kelly Oubre Jr.,2029,-0.014471437782049179
Kenrich Williams,2025,-0.12809616327285767
Kenrich Williams,2026,-0.1331871747970581
Kenrich Williams,2027,-0.1836828887462616
Kenrich Williams,2028,-0.21578551332155863
Kenrich Williams,2029,-0.24768566836913428
Kentavious Caldwell-Pope,2025,-0.09750259667634964
Kentavious Caldwell-Pope,2026,-0.21816881746053696
Kentavious Caldwell-Pope,2027,-0.23719429224729538
Kentavious Caldwell-Pope,2028,-0.29463988294204074
Kentavious Caldwell-Pope,2029,-0.3522170918683211
Kevin Durant,2025,0.1570349633693695
Kevin Durant,2026,-0.7177908718585968
Kevin Durant,2027,-0.4947130084037781
Kevin Durant,2028,-0.6344278256098429
Kevin Durant,2029,-0.7762712140878042
Kevin Huerter,2025,-0.6027156710624695
Kevin Huerter,2026,-1.0257640480995178
Kevin Huerter,2027,-0.9435718655586243
Kevin Huerter,2028,-1.0071014761924744
Kevin Huerter,2029,-1.059361308813095
Kevin Knox,2025,0.05761317163705826
Kevin Knox,2026,-0.07352694123983383
Kevin Knox,2027,-0.0230562686920166
Kevin Knox,2028,-0.03258658945560455
Kevin Knox,2029,-0.04163671378046274
Kevin Love,2025,-0.20938897132873535
Kevin Love,2026,-0.6299622058868408
Kevin Love,2027,-0.46093493700027466
Kevin Love,2028,-0.48420308033625287
Kevin Love,2029,-0.504724827905496
Kevon Looney,2025,0.6630300879478455
Kevon Looney,2026,0.10827970504760742
Kevon Looney,2027,0.2605731189250946
Kevon Looney,2028,0.16690815488497415
Kevon Looney,2029,0.07070718643565974
Khris Middleton,2025,-1.0545272827148438
Khris Middleton,2026,3.387096643447876
Khris Middleton,2027,1.0391663908958435
Khris Middleton,2028,0.9481277267138163
Khris Middleton,2029,0.8509280433257421
Klay Thompson,2025,-0.5338864326477051
Klay Thompson,2026,-0.778681755065918
Klay Thompson,2027,-0.8079996705055237
Klay Thompson,2028,-0.9028691649436951
Klay Thompson,2029,-0.9894319027662277
Kris Dunn,2025,0.03927748650312424
Kris Dunn,2026,-0.26655150204896927
Kris Dunn,2027,-0.23122233524918556
Kris Dunn,2028,-0.2861101341744264
Kris Dunn,2029,-0.33842130067447823
Kristaps Porzingis,2025,-1.1399129629135132
Kristaps Porzingis,2026,-0.9042068719863892
Kristaps Porzingis,2027,-1.1436825394630432
Kristaps Porzingis,2028,-1.2354748447736104
Kristaps Porzingis,2029,-1.3406372169653575
Kyle Anderson,2025,-0.5788118243217468
Kyle Anderson,2026,-0.2662213444709778
Kyle Anderson,2027,-0.5186593383550644
Kyle Anderson,2028,-0.5823764552672704
Kyle Anderson,2029,-0.6421592856446902
Kyle Kuzma,2025,-0.3976769745349884
Kyle Kuzma,2026,-0.4900488555431366
Kyle Kuzma,2027,-0.6202893257141113
Kyle Kuzma,2028,-0.6995242436726888
Kyle Kuzma,2029,-0.7700788776079813
Kyle Lowry,2025,0.08693345636129379
Kyle Lowry,2026,-0.26442795246839523
Kyle Lowry,2027,-0.19406206160783768
Kyle Lowry,2028,-0.26127046595017117
Kyle Lowry,2029,-0.32147375618418056
Kyrie Irving,2025,-1.0622848272323608
Kyrie Irving,2026,-1.0180517435073853
Kyrie Irving,2027,-1.150734305381775
Kyrie Irving,2028,-1.227511207262675
Kyrie Irving,2029,-1.3006843825181325
Lamar Stevens,2025,0.6230740547180176
Lamar Stevens,2026,-0.23905205726623535
Lamar Stevens,2027,0.13051791489124298
Lamar Stevens,2028,0.09336089591185252
Lamar Stevens,2029,0.059190762539704636
Landry Shamet,2025,0.11939875036478043
Landry Shamet,2026,-0.2670748308300972
Landry Shamet,2027,-0.112879179418087
Landry Shamet,2028,-0.1354629471898079
Landry Shamet,2029,-0.15386662259697914
Larry Nance Jr.,2025,-0.39653146266937256
Larry Nance Jr.,2026,-0.3888004422187805
Larry Nance Jr.,2027,-0.4511265754699707
Larry Nance Jr.,2028,-0.4813147981961568
Larry Nance Jr.,2029,-0.5091876039902369
Lauri Markkanen,2025,0.47922977805137634
Lauri Markkanen,2026,0.4830404222011566
Lauri Markkanen,2027,0.356747031211853
Lauri Markkanen,2028,0.26371564467748004
Lauri Markkanen,2029,0.16087568799654645
LeBron James,2025,0.9138106107711792
LeBron James,2026,-3.391579747200012
LeBron James,2027,-2.057861328125
LeBron James,2028,-2.485280434290568
LeBron James,2029,-2.818758567174276
Lonnie Walker IV,2025,-0.06701581925153732
Lonnie Walker IV,2026,-0.23198140412569046
Lonnie Walker IV,2027,-0.1994171366095543
Lonnie Walker IV,2028,-0.22792579481999078
Lonnie Walker IV,2029,-0.25645507251222927
Luguentz Dort,2025,0.04812552034854889
Luguentz Dort,2026,-0.3830290585756302
Luguentz Dort,2027,-0.25478319823741913
Luguentz Dort,2028,-0.3237536499897639
Luguentz Dort,2029,-0.39991700400908786
Luka Doncic,2025,-1.1919147968292236
Luka Doncic,2026,-6.362935781478882
Luka Doncic,2027,-4.05756950378418
Luka Doncic,2028,-4.202573458353679
Luka Doncic,2029,-4.319096644719441
Luke Kennard,2025,0.4094642698764801
Luke Kennard,2026,0.37605026364326477
Luke Kennard,2027,0.2867264151573181
Luke Kennard,2028,0.21470320224761963
Luke Kennard,2029,0.1438029482960701
Luke Kornet,2025,-0.6397231817245483
Luke Kornet,2026,-1.35390305519104
Luke Kornet,2027,-1.0417355597019196
Luke Kornet,2028,-1.0685509542624156
Luke Kornet,2029,-1.0930313517649968
Malachi Flynn,2025,0.39698365330696106
Malachi Flynn,2026,0.3249582350254059
Malachi Flynn,2027,0.26472876965999603
Malachi Flynn,2028,0.20236324767271677
Malachi Flynn,2029,0.14518816520770392
Malcolm Brogdon,2025,0.3106791079044342
Malcolm Brogdon,2026,1.3290251195430756
Malcolm Brogdon,2027,0.6138818860054016
Malcolm Brogdon,2028,0.4675258994102478
Malcolm Brogdon,2029,0.3053014948964119
Malik Beasley,2025,-0.27135321497917175
Malik Beasley,2026,-0.40821948647499084
Malik Beasley,2027,-0.4067186862230301
Malik Beasley,2028,-0.4551682124535243
Malik Beasley,2029,-0.5053758223851522
Malik Monk,2025,0.2226511836051941
Malik Monk,2026,0.25556623935699463
Malik Monk,2027,0.08382423222064972
Malik Monk,2028,-0.040028716127077736
Malik Monk,2029,-0.1451866285254558
Marcus Morris,2025,0.5318619608879089
Marcus Morris,2026,0.25639665126800537
Marcus Morris,2027,0.3276815116405487
Marcus Morris,2028,0.2855265239874522
Marcus Morris,2029,0.2457137455542882
Marcus Smart,2024,0.12141919881105423
Marcus Smart,2025,0.5945470854640007
Marcus Smart,2026,0.06396976113319397
Marcus Smart,2027,-0.08905490239461263
Marcus Smart,2028,-0.21615396129588288
Markieff Morris,2024,-0.07587796449661255
Markieff Morris,2025,0.4699476361274719
Markieff Morris,2026,0.16128666698932648
Markieff Morris,2027,0.13992004096508026
Markieff Morris,2028,0.11918633431196213
Marvin Bagley III,2025,-0.6655663847923279
Marvin Bagley III,2026,-0.7648127675056458
Marvin Bagley III,2027,-0.7695522308349609
Marvin Bagley III,2028,-0.8026599884033203
Marvin Bagley III,2029,-0.8328601568937302
Mason Plumlee,2025,0.03774318844079971
Mason Plumlee,2026,-0.5773789659142494
Mason Plumlee,2027,-0.2706808000802994
Mason Plumlee,2028,-0.27153347432613373
Mason Plumlee,2029,-0.27205734699964523
Matisse Thybulle,2025,-0.46339306235313416
Matisse Thybulle,2026,-0.4640907943248749
Matisse Thybulle,2027,-0.48924173414707184
Matisse Thybulle,2028,-0.5066906660795212
Matisse Thybulle,2029,-0.5252343788743019
Matthew Dellavedova,2024,0.5296418070793152
Matthew Dellavedova,2025,0.3792778253555298
Matthew Dellavedova,2026,0.4402283728122711
Matthew Dellavedova,2027,0.43066882093747455
Matthew Dellavedova,2028,0.4210856507221858
Max Strus,2025,0.3163498044013977
Max Strus,2026,0.4731408953666687
Max Strus,2027,0.09154455363750458
Max Strus,2028,-0.12000642716884613
Max Strus,2029,-0.29591677710413933
Maxi Kleber,2025,0.016926251351833344
Maxi Kleber,2026,-0.07781580835580826
Maxi Kleber,2027,-0.08559140935540199
Maxi Kleber,2028,-0.11856221283475558
Maxi Kleber,2029,-0.14930677910645804
Michael Porter Jr.,2025,-0.09245912730693817
Michael Porter Jr.,2026,-0.6697352677583694
Michael Porter Jr.,2027,-0.5204723328351974
Michael Porter Jr.,2028,-0.6037549128135046
Michael Porter Jr.,2029,-0.6855356569091479
Mikal Bridges,2025,0.36819520592689514
Mikal Bridges,2026,0.26783421635627747
Mikal Bridges,2027,0.14900071918964386
Mikal Bridges,2028,0.02230284114678701
Mikal Bridges,2029,-0.11043619302411875
Mike Conley,2025,-2.3683390617370605
Mike Conley,2026,-2.2431435585021973
Mike Conley,2027,-2.3698275089263916
Mike Conley,2028,-2.415857712427775
Mike Conley,2029,-2.4641558726628623
Mike Muscala,2025,0.556969404220581
Mike Muscala,2026,0.7922616004943848
Mike Muscala,2027,0.6421643495559692
Mike Muscala,2028,0.6203755935033163
Mike Muscala,2029,0.5985015432039896
Miles Bridges,2025,1.8302741050720215
Miles Bridges,2026,0.83133864402771
Miles Bridges,2027,1.2762666940689087
Miles Bridges,2028,1.236114462216695
Miles Bridges,2029,1.1921824018160503
Mitchell Robinson,2025,0.5772181153297424
Mitchell Robinson,2026,-0.07966005802154541
Mitchell Robinson,2027,0.13606911897659302
Mitchell Robinson,2028,0.056139240662256874
Mitchell Robinson,2029,-0.01879794585208098
Mo Bamba,2025,0.25167116522789
Mo Bamba,2026,0.18980267643928528
Mo Bamba,2027,0.15089313685894012
Mo Bamba,2028,0.10438449680805206
Mo Bamba,2029,0.05998394452035427
Monte Morris,2025,-0.3877997398376465
Monte Morris,2026,-0.40363508462905884
Monte Morris,2027,-0.4133903533220291
Monte Morris,2028,-0.4258224020401637
Monte Morris,2029,-0.43795113762219745
Montrezl Harrell,2024,0.3636783957481384
Montrezl Harrell,2025,0.9567132592201233
Montrezl Harrell,2026,0.6020108461380005
Montrezl Harrell,2027,0.5646375417709351
Montrezl Harrell,2028,0.5285452753305435
Moritz Wagner,2025,0.46548935770988464
Moritz Wagner,2026,-0.5455848351120949
Moritz Wagner,2027,-0.13305149786174297
Moritz Wagner,2028,-0.1811077936242024
Moritz Wagner,2029,-0.22744842836012444
Myles Turner,2025,-0.9106693267822266
Myles Turner,2026,-1.4470925331115723
Myles Turner,2027,-1.3184697031974792
Myles Turner,2028,-1.4180283347765605
Myles Turner,2029,-1.5094717641671498
Naji Marshall,2025,-0.20618936419487
Naji Marshall,2026,-0.015664920210838318
Naji Marshall,2027,-0.20875943079590797
Naji Marshall,2028,-0.270441722124815
Naji Marshall,2029,-0.32351393811404705
Nassir Little,2025,-0.08324777334928513
Nassir Little,2026,0.3160722330212593
Nassir Little,2027,0.06946829706430435
Nassir Little,2028,0.04426874468723933
Nassir Little,2029,0.02313170706232389
Naz Reid,2025,0.5575754642486572
Naz Reid,2026,-1.1190322041511536
Naz Reid,2027,-0.46959012746810913
Naz Reid,2028,-0.5753990014394125
Naz Reid,2029,-0.6706192741791407
Nic Claxton,2025,-1.202945590019226
Nic Claxton,2026,-1.463807463645935
Nic Claxton,2027,-1.3993949890136719
Nic Claxton,2028,-1.445483128229777
Nic Claxton,2029,-1.4955010016759236
Nickeil Alexander-Walker,2025,-0.9986016750335693
Nickeil Alexander-Walker,2026,-1.2032883167266846
Nickeil Alexander-Walker,2027,-1.251396894454956
Nickeil Alexander-Walker,2028,-1.3346350193023682
Nickeil Alexander-Walker,2029,-1.4069731533527374
Nicolas Batum,2025,-0.3497033417224884
Nicolas Batum,2026,-0.39020851254463196
Nicolas Batum,2027,-0.4025963991880417
Nicolas Batum,2028,-0.42319847643375397
Nicolas Batum,2029,-0.44339850544929504
Nikola Jokic,2025,0.10646719485521317
Nikola Jokic,2026,-2.1012429669499397
Nikola Jokic,2027,-1.2726492285728455
Nikola Jokic,2028,-1.4590995113054912
Nikola Jokic,2029,-1.6814626653989155
Nikola Vucevic,2025,-0.31747591495513916
Nikola Vucevic,2026,0.08482357859611511
Nikola Vucevic,2027,-0.31301646679639816
Nikola Vucevic,2028,-0.44303112973769504
Nikola Vucevic,2029,-0.5633748608330885
Norman Powell,2025,-0.3249132037162781
Norman Powell,2026,-0.4496220350265503
Norman Powell,2027,-0.4266820549964905
Norman Powell,2028,-0.45251210530598956
Norman Powell,2029,-0.47778962055842084
OG Anunoby,2025,0.04801483452320099
OG Anunoby,2026,0.5598267167806625
OG Anunoby,2027,0.13103340566158295
OG Anunoby,2028,0.046049997210502625
OG Anunoby,2029,-0.02547626569867134
Obi Toppin,2025,0.0181373730301857
Obi Toppin,2026,-0.4111037626862526
Obi Toppin,2027,-0.2974162846803665
Obi Toppin,2028,-0.35669855773448944
Obi Toppin,2029,-0.4110479801893234
Onyeka Okongwu,2025,-0.45296594500541687
Onyeka Okongwu,2026,-0.3931867182254791
Onyeka Okongwu,2027,-0.49896223843097687
Onyeka Okongwu,2028,-0.5427665760119756
Onyeka Okongwu,2029,-0.5856932873527209
P.J. Tucker,2025,-0.08838274329900742
P.J. Tucker,2026,-0.05495757609605789
P.J. Tucker,2027,-0.07709553092718124
P.J. Tucker,2028,-0.08070600777864456
P.J. Tucker,2029,-0.08409208804368973
P.J. Washington,2025,-0.20848464965820312
P.J. Washington,2026,-0.4323243498802185
P.J. Washington,2027,-0.4602847397327423
P.J. Washington,2028,-0.5311830739180247
P.J. Washington,2029,-0.6005401139458021
Pascal Siakam,2025,-0.1416463553905487
Pascal Siakam,2026,-0.6013749539852142
Pascal Siakam,2027,-0.44509656727313995
Pascal Siakam,2028,-0.49397343893845874
Pascal Siakam,2029,-0.5431085477272669
Pat Connaughton,2025,0.47451576590538025
Pat Connaughton,2026,0.2930397689342499
Pat Connaughton,2027,0.3193168640136719
Pat Connaughton,2028,0.26873161395390827
Pat Connaughton,2029,0.21380532036225003
Patrick Beverley,2025,0.17817312479019165
Patrick Beverley,2026,-0.0622321218252182
Patrick Beverley,2027,-0.06332847289741039
Patrick Beverley,2028,-0.12923319327334562
Patrick Beverley,2029,-0.18717895665516457
Patty Mills,2025,0.6087347865104675
Patty Mills,2026,0.13204306364059448
Patty Mills,2027,0.3449092358350754
Patty Mills,2028,0.32737818857034046
Patty Mills,2029,0.3093953753511111
Paul George,2025,-0.24903807044029236
Paul George,2026,-0.8357364237308502
Paul George,2027,-0.6686016321182251
Paul George,2028,-0.7524134715398153
Paul George,2029,-0.8406994740168253
Payton Pritchard,2025,-0.6719331741333008
Payton Pritchard,2026,1.1261945366859436
Payton Pritchard,2027,0.10267980396747589
Payton Pritchard,2028,0.024088536699612938
Payton Pritchard,2029,-0.05047910691549381
Precious Achiuwa,2025,0.042951688170433044
Precious Achiuwa,2026,-0.6168426126241684
Precious Achiuwa,2027,-0.4432135969400406
Precious Achiuwa,2028,-0.5376106748978297
Precious Achiuwa,2029,-0.6223939632376035
RJ Barrett,2025,-0.12360858172178268
RJ Barrett,2026,-0.20243168622255325
RJ Barrett,2027,-0.2658921927213669
RJ Barrett,2028,-0.33103080093860626
RJ Barrett,2029,-0.3819454684853554
Raul Neto,2024,-0.20341292023658752
Raul Neto,2025,-0.38656434416770935
Raul Neto,2026,-0.30909231305122375
Raul Neto,2027,-0.31812037030855816
Raul Neto,2028,-0.32688845445712406
Reggie Bullock,2025,0.10273148864507675
Reggie Bullock,2026,0.19065199047327042
Reggie Bullock,2027,0.13002341985702515
Reggie Bullock,2028,0.11931563417116801
Reggie Bullock,2029,0.108708289762338
Reggie Jackson,2025,0.5547786951065063
Reggie Jackson,2026,0.4523038864135742
Reggie Jackson,2027,0.45358358323574066
Reggie Jackson,2028,0.41609757641951245
Reggie Jackson,2029,0.3754435454805692
Richaun Holmes,2025,-0.042259376496076584
Richaun Holmes,2026,-0.12617147341370583
Richaun Holmes,2027,-0.08661623671650887
Richaun Holmes,2028,-0.08861741051077843
Richaun Holmes,2029,-0.09089463017880917
Ricky Rubio,2024,0.18784266710281372
Ricky Rubio,2025,0.1798303723335266
Ricky Rubio,2026,0.13942262530326843
Ricky Rubio,2027,0.11618792017300923
Ricky Rubio,2028,0.100733262176315
Robert Covington,2024,-0.15109357237815857
Robert Covington,2025,-0.5603531897068024
Robert Covington,2026,-0.408480241894722
Robert Covington,2027,-0.4412933637698491
Robert Covington,2028,-0.4741593773166339
Robert Williams,2024,-0.5873304605484009
Robert Williams,2025,0.1973859667778015
Robert Williams,2026,-0.2398434579372406
Robert Williams,2027,-0.2683017353216807
Robert Williams,2028,-0.2943702240784963
Robin Lopez,2024,0.2809629738330841
Robin Lopez,2025,0.22262075543403625
Robin Lopez,2026,0.24343642592430115
Robin Lopez,2027,0.2381950318813324
Robin Lopez,2028,0.23314759880304337
Rodney McGruder,2024,-0.21082091331481934
Rodney McGruder,2025,0.10251835733652115
Rodney McGruder,2026,-0.07935014553368092
Rodney McGruder,2027,-0.09496151469647884
Rodney McGruder,2028,-0.10961596015840769
Royce O'Neale,2025,0.06772930175065994
Royce O'Neale,2026,-0.010236851871013641
Royce O'Neale,2027,-0.26909566298127174
Royce O'Neale,2028,-0.4527360411981742
Royce O'Neale,2029,-0.6282719106723865
Rudy Gay,2024,0.9872965812683105
Rudy Gay,2025,0.5409729480743408
Rudy Gay,2026,0.7173853814601898
Rudy Gay,2027,0.684882233540217
Rudy Gay,2028,0.6514933158953985
Rudy Gobert,2025,-0.45752623677253723
Rudy Gobert,2026,-1.1536576449871063
Rudy Gobert,2027,-0.9426632821559906
Rudy Gobert,2028,-1.0247191488742828
Rudy Gobert,2029,-1.0992269963026047
Rui Hachimura,2025,-0.03879919648170471
Rui Hachimura,2026,-0.0765223354101181
Rui Hachimura,2027,-0.15359380468726158
Rui Hachimura,2028,-0.21713817988832793
Rui Hachimura,2029,-0.27478454696635407
Russell Westbrook,2025,-0.43199238181114197
Russell Westbrook,2026,-0.280171662569046
Russell Westbrook,2027,-0.4020230323076248
Russell Westbrook,2028,-0.42976689835389453
Russell Westbrook,2029,-0.4565513903896014
Saddiq Bey,2025,0.14889520406723022
Saddiq Bey,2026,0.17013537883758545
Saddiq Bey,2027,-0.01807326450943947
Saddiq Bey,2028,-0.12237101420760155
Saddiq Bey,2029,-0.22422165051102638
Seth Curry,2025,0.7647897005081177
Seth Curry,2026,0.46120476722717285
Seth Curry,2027,0.5260545909404755
Seth Curry,2028,0.47032780448595685
Seth Curry,2029,0.41626957555611926
Shai Gilgeous-Alexander,2025,-2.392150402069092
Shai Gilgeous-Alexander,2026,-2.601776123046875
Shai Gilgeous-Alexander,2027,-2.638633966445923
Shai Gilgeous-Alexander,2028,-2.723650852839152
Shai Gilgeous-Alexander,2029,-2.8022277553876243
Shake Milton,2025,0.1908702552318573
Shake Milton,2026,0.8467454016208649
Shake Milton,2027,0.4572271257638931
Shake Milton,2028,0.41732293864091236
Shake Milton,2029,0.37767351667086285
Spencer Dinwiddie,2025,0.13822415471076965
Spencer Dinwiddie,2026,0.2302427589893341
Spencer Dinwiddie,2027,0.07979057356715202
Spencer Dinwiddie,2028,0.0064369427661101
Spencer Dinwiddie,2029,-0.07535327846805254
Stanley Johnson,2024,-0.16859382390975952
Stanley Johnson,2025,-0.20872175693511963
Stanley Johnson,2026,-0.20076219737529755
Stanley Johnson,2027,-0.2087074269851049
Stanley Johnson,2028,-0.216466615597407
Stephen Curry,2025,-0.522895872592926
Stephen Curry,2026,-1.120928943157196
Stephen Curry,2027,-0.9735174775123596
Stephen Curry,2028,-1.082684854666392
Stephen Curry,2029,-1.2008460064729054
Steven Adams,2024,-0.15710994601249695
Steven Adams,2025,0.18151578307151794
Steven Adams,2026,-0.15357035025954247
Steven Adams,2027,-0.25103504831592244
Steven Adams,2028,-0.3226482861985763
Svi Mykhailiuk,2025,-0.1978302001953125
Svi Mykhailiuk,2026,-0.06367510557174683
Svi Mykhailiuk,2027,-0.13505339622497559
Svi Mykhailiuk,2028,-0.13774778445561728
Svi Mykhailiuk,2029,-0.14034414539734522
T.J. McConnell,2025,-0.42872896790504456
T.J. McConnell,2026,0.23120158910751343
T.J. McConnell,2027,-0.2529359683394432
T.J. McConnell,2028,-0.3299806589881579
T.J. McConnell,2029,-0.38827118401726085
T.J. Warren,2024,0.8001072406768799
T.J. Warren,2025,0.312319278717041
T.J. Warren,2026,0.434918537735939
T.J. Warren,2027,0.3595586468776067
T.J. Warren,2028,0.28594499329725903
Taj Gibson,2024,-0.19006121158599854
Taj Gibson,2025,-0.33143484592437744
Taj Gibson,2026,-0.2725186347961426
Taj Gibson,2027,-0.2798645496368408
Taj Gibson,2028,-0.2871686816215515
Talen Horton-Tucker,2025,0.7651967406272888
Talen Horton-Tucker,2026,0.9079316258430481
Talen Horton-Tucker,2027,0.7508060932159424
Talen Horton-Tucker,2028,0.6878957748413086
Talen Horton-Tucker,2029,0.6208333075046539
Taurean Prince,2025,-0.24249646067619324
Taurean Prince,2026,-1.0219415724277496
Taurean Prince,2027,-0.7557595074176788
Taurean Prince,2028,-0.8394643565018972
Taurean Prince,2029,-0.9213559130827585
Terance Mann,2025,-0.31488198041915894
Terance Mann,2026,-0.2400805950164795
Terance Mann,2027,-0.3406782001256943
Terance Mann,2028,-0.3844616363445918
Terance Mann,2029,-0.42811354746421176
Terence Davis,2024,0.002155594527721405
Terence Davis,2025,1.1207050755620003
Terence Davis,2026,0.473793625831604
Terence Davis,2027,0.41819119453430176
Terence Davis,2028,0.36422916501760483
Terrence Ross,2024,-0.28569450974464417
Terrence Ross,2025,-0.49906066060066223
Terrence Ross,2026,-0.4322024881839752
Terrence Ross,2027,-0.45893465479214984
Terrence Ross,2028,-0.48433390508095425
Terry Rozier,2025,0.37610843777656555
Terry Rozier,2026,0.14983215928077698
Terry Rozier,2027,-0.09590234979987144
Terry Rozier,2028,-0.31023192778229713
Terry Rozier,2029,-0.4674427453428507
Thaddeus Young,2025,-0.041984230279922485
Thaddeus Young,2026,0.7912693917751312
Thaddeus Young,2027,0.3490366041660309
Thaddeus Young,2028,0.3326847056547801
Thaddeus Young,2029,0.31623469789822894
Thanasis Antetokounmpo,2025,0.14393115043640137
Thanasis Antetokounmpo,2026,0.18012875318527222
Thanasis Antetokounmpo,2027,0.1576177179813385
Thanasis Antetokounmpo,2028,0.15443995594978333
Thanasis Antetokounmpo,2029,0.15130403637886047
Thomas Bryant,2025,0.13118645548820496
Thomas Bryant,2026,0.2325209081172943
Thomas Bryant,2027,0.17300328612327576
Thomas Bryant,2028,0.16734219590822855
Thomas Bryant,2029,0.16182218988736471
Tim Hardaway Jr.,2025,0.2574426233768463
Tim Hardaway Jr.,2026,0.15046736598014832
Tim Hardaway Jr.,2027,0.15453216433525085
Tim Hardaway Jr.,2028,0.12331961592038472
Tim Hardaway Jr.,2029,0.09150491716961066
Tobias Harris,2025,0.0766090378165245
Tobias Harris,2026,0.5068132057785988
Tobias Harris,2027,-0.004014346748590469
Tobias Harris,2028,-0.20163948958118755
Tobias Harris,2029,-0.3738510316858689
Torrey Craig,2025,0.3540291488170624
Torrey Craig,2026,0.281867116689682
Torrey Craig,2027,0.2316727340221405
Torrey Craig,2028,0.17625086506207785
Torrey Craig,2029,0.1209081287185351
Trae Young,2025,0.5929438471794128
Trae Young,2026,0.8385593295097351
Trae Young,2027,0.6145707964897156
Trae Young,2028,0.5367632905642191
Trae Young,2029,0.4484724675615629
Tre Jones,2025,-0.6072400808334351
Tre Jones,2026,-1.3353477716445923
Tre Jones,2027,-1.1019917130470276
Tre Jones,2028,-1.1700655023256938
Tre Jones,2029,-1.226874550183614
Trey Lyles,2025,-0.24197891354560852
Trey Lyles,2026,-0.28036728501319885
Trey Lyles,2027,-0.3004378229379654
Trey Lyles,2028,-0.32462943096955615
Trey Lyles,2029,-0.3478049362699191
Tristan Thompson,2025,-0.03683117777109146
Tristan Thompson,2026,0.010039299726486206
Tristan Thompson,2027,-0.04498584009706974
Tristan Thompson,2028,-0.06457463713983695
Tristan Thompson,2029,-0.08360070021202166
Troy Brown Jr.,2025,-0.013032056391239166
Troy Brown Jr.,2026,0.009009413421154022
Troy Brown Jr.,2027,-0.03790486603975296
Troy Brown Jr.,2028,-0.06152369827032089
Troy Brown Jr.,2029,-0.08526474889367819
Ty Jerome,2024,-0.07954239845275879
Ty Jerome,2025,0.29719074070453644
Ty Jerome,2026,0.04556865245103836
Ty Jerome,2027,0.0037078534563382455
Ty Jerome,2028,-0.03784908292194207
Tyler Herro,2025,-0.3224537670612335
Tyler Herro,2026,-0.0021145641803741455
Tyler Herro,2027,-0.29967987537384033
Tyler Herro,2028,-0.38003244002660114
Tyler Herro,2029,-0.4470144460598628
Tyrese Haliburton,2025,0.6257225275039673
Tyrese Haliburton,2026,-1.6024677753448486
Tyrese Haliburton,2027,-0.8805647790431976
Tyrese Haliburton,2028,-1.1304572721322377
Tyrese Haliburton,2029,-1.3643131504456203
Tyrese Maxey,2025,-0.24102064967155457
Tyrese Maxey,2026,0.9223765432834625
Tyrese Maxey,2027,0.23287156224250793
Tyrese Maxey,2028,0.14981900652249655
Tyrese Maxey,2029,0.05170211258033911
Tyus Jones,2025,-0.44760361313819885
Tyus Jones,2026,-0.2558039724826813
Tyus Jones,2027,-0.457126721739769
Tyus Jones,2028,-0.5146593203147253
Tyus Jones,2029,-0.5709587583939234
Victor Oladipo,2024,0.5508085489273071
Victor Oladipo,2025,0.04184567928314209
Victor Oladipo,2026,0.17828761041164398
Victor Oladipo,2027,0.10321225225925446
Victor Oladipo,2028,0.03965279273688793
Wendell Carter Jr.,2025,-0.36971214413642883
Wendell Carter Jr.,2026,-0.5134124457836151
Wendell Carter Jr.,2027,-0.5239595323801041
Wendell Carter Jr.,2028,-0.569833422700564
Wendell Carter Jr.,2029,-0.610895556708177
Wesley Matthews,2025,0.014198198914527893
Wesley Matthews,2026,0.11588358879089355
Wesley Matthews,2027,0.05204427242279053
Wesley Matthews,2028,0.044535244504610695
Wesley Matthews,2029,0.038059705247481666
Will Barton,2024,-0.15376713871955872
Will Barton,2025,-0.06922073662281036
Will Barton,2026,-0.15871799364686012
Will Barton,2027,-0.18481997773051262
Will Barton,2028,-0.20927862636744976
Willy Hernangomez,2024,-0.16590921580791473
Willy Hernangomez,2025,-0.07102997601032257
Willy Hernangomez,2026,-0.12930795550346375
Willy Hernangomez,2027,-0.13689971963564554
Willy Hernangomez,2028,-0.14454825346668562
Xavier Tillman Sr.,2025,0.637370228767395
Xavier Tillman Sr.,2026,-0.1350957751274109
Xavier Tillman Sr.,2027,0.20298419892787933
Xavier Tillman Sr.,2028,0.16806057592233023
Xavier Tillman Sr.,2029,0.12953648219505945
Yuta Watanabe,2025,0.1017933264374733
Yuta Watanabe,2026,0.2805705890059471
Yuta Watanabe,2027,0.17069998383522034
Yuta Watanabe,2028,0.160677840312322
Yuta Watanabe,2029,0.15160169700781503
Zach Collins,2025,0.1138417050242424
Zach Collins,2026,-0.1827755570411682
Zach Collins,2027,-0.15206249617040157
Zach Collins,2028,-0.21624791311721006
Zach Collins,2029,-0.2715749240790804
Zach LaVine,2024,-0.7316880226135254
Zach LaVine,2025,-0.9491140842437744
Zach LaVine,2026,-0.999376118183136
Zach LaVine,2027,-1.105472981929779
Zach LaVine,2028,-1.2075453698635101
Zeke Nnaji,2025,0.07390353828668594
Zeke Nnaji,2026,0.270710788667202
Zeke Nnaji,2027,0.13735896348953247
Zeke Nnaji,2028,0.11508377393086751
Zeke Nnaji,2029,0.09652650790909927
