Player,Season,Projected_BPM_diff,Age
Aaron Gordon,2025,-0.4641273021697998,29
Aaron Gordon,2026,-0.7598130702972412,30
Aaron Gordon,2027,-0.8374393582344055,31
Aaron Gordon,2028,-0.950150191783905,32
Aaron Gordon,2029,-1.0708030760288239,33
Aaron Holiday,2025,-0.268892765045166,28
Aaron Holiday,2026,-0.4648306369781494,29
Aaron Holiday,2027,-0.5255214720964432,30
Aaron Holiday,2028,-0.6325628012418747,31
Aaron Holiday,2029,-0.7053472623229027,32
Al Horford,2025,-1.120335340499878,38
Al Horford,2026,-1.309164047241211,39
Al Horford,2027,-1.315216302871704,40
Al Horford,2028,-1.356427828470866,41
Al Horford,2029,-1.3794972499211628,42
Alec Burks,2025,-0.45441359281539917,33
Alec Burks,2026,-0.7111755013465881,34
Alec Burks,2027,-0.7280744314193726,35
Alec Burks,2028,-0.7901320854822794,36
Alec Burks,2029,-0.8874756892522176,37
Alex Caruso,2025,-0.9431730508804321,30
Alex Caruso,2026,-1.1296831369400024,31
Alex Caruso,2027,-1.157141625881195,32
Alex Caruso,2028,-1.228396713733673,33
Alex Caruso,2029,-1.2810223996639252,34
Alex Len,2025,-0.0021626949310302734,31
Alex Len,2026,-0.1330055147409439,32
Alex Len,2027,-0.16815099492669106,33
Alex Len,2028,-0.25329244260986644,34
Alex Len,2029,-0.35965854736665887,35
Andre Drummond,2025,-0.1133246123790741,31
Andre Drummond,2026,-0.29933780431747437,32
Andre Drummond,2027,-0.36224549263715744,33
Andre Drummond,2028,-0.412933645149072,34
Andre Drummond,2029,-0.48699518914024037,35
Andrew Wiggins,2025,-1.149651050567627,29
Andrew Wiggins,2026,-1.233452320098877,30
Andrew Wiggins,2027,-1.2350683808326721,31
Andrew Wiggins,2028,-1.2492964466412861,32
Andrew Wiggins,2029,-1.2711703578631084,33
Anthony Davis,2025,-1.0405982732772827,31
Anthony Davis,2026,-1.0893288850784302,32
Anthony Davis,2027,-1.116187870502472,33
Anthony Davis,2028,-1.1500678261121113,34
Anthony Davis,2029,-1.1689310173193614,35
Austin Rivers,2024,-0.5165253281593323,31
Austin Rivers,2025,-0.6805630326271057,32
Austin Rivers,2026,-0.7090602219104767,33
Austin Rivers,2027,-0.7769353489081064,34
Austin Rivers,2028,-0.8326059629519781,35
Bam Adebayo,2025,0.8399139642715454,27
Bam Adebayo,2026,0.7381978034973145,28
Bam Adebayo,2027,0.6869278252124786,29
Bam Adebayo,2028,0.6008255581061045,30
Bam Adebayo,2029,0.5053388377030691,31
Bismack Biyombo,2025,-1.4483669996261597,32
Bismack Biyombo,2026,-1.5400973558425903,33
Bismack Biyombo,2027,-1.5525961518287659,34
Bismack Biyombo,2028,-1.5758962035179138,35
Bismack Biyombo,2029,-1.6097859144210815,36
Blake Griffin,2024,-1.6491312980651855,34
Blake Griffin,2025,-1.8244047164916992,35
Blake Griffin,2026,-1.8467049598693848,36
Blake Griffin,2027,-1.8675096829732258,37
Blake Griffin,2028,-1.8914669553438823,38
Boban Marjanovic,2024,-0.5358752012252808,35
Boban Marjanovic,2025,-0.7730023860931396,36
Boban Marjanovic,2026,-0.7876059114933014,37
Boban Marjanovic,2027,-0.8904150029023489,38
Boban Marjanovic,2028,-0.9674450705448786,39
Bobby Portis,2025,-0.531958818435669,29
Bobby Portis,2026,-0.7281687259674072,30
Bobby Portis,2027,-0.7391617298126221,31
Bobby Portis,2028,-0.7890892823537191,32
Bobby Portis,2029,-0.8351472417513529,33
Bogdan Bogdanovic,2025,-1.0246742963790894,32
Bogdan Bogdanovic,2026,-1.2458528280258179,33
Bogdan Bogdanovic,2027,-1.2616562247276306,34
Bogdan Bogdanovic,2028,-1.3288686871528625,35
Bogdan Bogdanovic,2029,-1.3885553181171417,36
Bojan Bogdanovic,2025,-0.8692399263381958,35
Bojan Bogdanovic,2026,-0.9746071100234985,36
Bojan Bogdanovic,2027,-0.981017142534256,37
Bojan Bogdanovic,2028,-1.0195542673269908,38
Bojan Bogdanovic,2029,-1.0712155749400456,39
Bradley Beal,2025,-0.45168358087539673,31
Bradley Beal,2026,-0.626261293888092,32
Bradley Beal,2027,-0.7070826590061188,33
Bradley Beal,2028,-0.8038530051708221,34
Bradley Beal,2029,-0.9026675373315811,35
Brandon Ingram,2025,0.5589543581008911,27
Brandon Ingram,2026,0.41832178831100464,28
Brandon Ingram,2027,0.37622709572315216,29
Brandon Ingram,2028,0.2599957237641017,30
Brandon Ingram,2029,0.12510798623164493,31
Brook Lopez,2025,-0.7559536099433899,36
Brook Lopez,2026,-0.91116863489151,37
Brook Lopez,2027,-0.9620374143123627,38
Brook Lopez,2028,-1.0379610359668732,39
Brook Lopez,2029,-1.100105956196785,40
Bruce Brown,2025,-0.5264835357666016,28
Bruce Brown,2026,-0.7023847103118896,29
Bruce Brown,2027,-0.721307098865509,30
Bruce Brown,2028,-0.7573704123497009,31
Bruce Brown,2029,-0.8068998903036118,32
Buddy Hield,2025,-1.8917102813720703,32
Buddy Hield,2026,-1.967496633529663,33
Buddy Hield,2027,-1.9747178554534912,34
Buddy Hield,2028,-2.00003449122111,35
Buddy Hield,2029,-2.0178534587224326,36
CJ McCollum,2025,-0.4973639249801636,33
CJ McCollum,2026,-0.7079486846923828,34
CJ McCollum,2027,-0.7419636249542236,35
CJ McCollum,2028,-0.8533929586410522,36
CJ McCollum,2029,-0.9456208646297455,37
Cameron Payne,2025,-1.343332290649414,30
Cameron Payne,2026,-1.4958152770996094,31
Cameron Payne,2027,-1.497380554676056,32
Cameron Payne,2028,-1.5524052182833354,33
Cameron Payne,2029,-1.5976261099179585,34
Caris LeVert,2025,-1.0357990264892578,30
Caris LeVert,2026,-1.342369556427002,31
Caris LeVert,2027,-1.3825611472129822,32
Caris LeVert,2028,-1.4711315433184307,33
Caris LeVert,2029,-1.524482121070226,34
Cedi Osman,2025,-1.0370423793792725,29
Cedi Osman,2026,-1.25238037109375,30
Cedi Osman,2027,-1.288723111152649,31
Cedi Osman,2028,-1.3533679246902466,32
Cedi Osman,2029,-1.4095723927021027,33
Chris Paul,2025,-1.3064873218536377,39
Chris Paul,2026,-1.4021694660186768,40
Chris Paul,2027,-1.4165749549865723,41
Chris Paul,2028,-1.4521598815917969,42
Chris Paul,2029,-1.4855763912200928,43
Clint Capela,2025,-0.8081871867179871,30
Clint Capela,2026,-0.9463546872138977,31
Clint Capela,2027,-1.022624135017395,32
Clint Capela,2028,-1.0676209529240925,33
Clint Capela,2029,-1.1259964803854625,34
Cody Zeller,2025,-1.28798246383667,32
Cody Zeller,2026,-1.4128243923187256,33
Cody Zeller,2027,-1.4515829682350159,34
Cody Zeller,2028,-1.5214088956514995,35
Cody Zeller,2029,-1.5861504276593525,36
Cory Joseph,2024,-1.9414466619491577,32
Cory Joseph,2025,-1.9715126752853394,33
Cory Joseph,2026,-1.9790629744529724,34
Cory Joseph,2027,-1.9937344988187153,35
Cory Joseph,2028,-2.005290518204371,36
D'Angelo Russell,2025,0.5861105918884277,28
D'Angelo Russell,2026,0.3355945944786072,29
D'Angelo Russell,2027,0.2651801258325577,30
D'Angelo Russell,2028,0.17625515162944794,31
D'Angelo Russell,2029,0.07192167639732361,32
Damian Lillard,2025,-1.7761006355285645,34
Damian Lillard,2026,-1.899160385131836,35
Damian Lillard,2027,-1.9200233221054077,36
Damian Lillard,2028,-1.9648395776748657,37
Damian Lillard,2029,-1.996531218290329,38
Daniel Theis,2025,-1.3515256643295288,32
Daniel Theis,2026,-1.473331093788147,33
Daniel Theis,2027,-1.4964258670806885,34
Daniel Theis,2028,-1.541772762934367,35
Daniel Theis,2029,-1.5828052659829457,36
Danilo Gallinari,2025,-1.010743498802185,36
Danilo Gallinari,2026,-1.1863561868667603,37
Danilo Gallinari,2027,-1.2080932259559631,38
Danilo Gallinari,2028,-1.2726940512657166,39
Danilo Gallinari,2029,-1.3301214575767517,40
Danuel House Jr.,2025,-0.2685154676437378,31
Danuel House Jr.,2026,-0.41366612911224365,32
Danuel House Jr.,2027,-0.4732646942138672,33
Danuel House Jr.,2028,-0.5491188367207845,34
Danuel House Jr.,2029,-0.6269588420788447,35
Dario Saric,2025,-0.5452872514724731,30
Dario Saric,2026,-0.7762778997421265,31
Dario Saric,2027,-0.8362820148468018,32
Dario Saric,2028,-0.9543672402699789,33
Dario Saric,2029,-1.0218143711487453,34
Davis Bertans,2025,-1.8064615726470947,32
Davis Bertans,2026,-1.8554458618164062,33
Davis Bertans,2027,-1.8625842928886414,34
Davis Bertans,2028,-1.8857829372088115,35
Davis Bertans,2029,-1.9046751459439595,36
De'Aaron Fox,2025,-0.3383825123310089,27
De'Aaron Fox,2026,-0.6411011517047882,28
De'Aaron Fox,2027,-0.7121848911046982,29
De'Aaron Fox,2028,-0.8404893825451533,30
De'Aaron Fox,2029,-0.9573620532949766,31
De'Anthony Melton,2025,0.6442790031433105,26
De'Anthony Melton,2026,0.5119915008544922,27
De'Anthony Melton,2027,0.477395236492157,28
De'Anthony Melton,2028,0.39975311358769733,29
De'Anthony Melton,2029,0.3254762018720309,30
DeAndre Jordan,2025,-1.3425965309143066,36
DeAndre Jordan,2026,-1.469489336013794,37
DeAndre Jordan,2027,-1.4812758564949036,38
DeAndre Jordan,2028,-1.524820903937022,39
DeAndre Jordan,2029,-1.5576269229253132,40
DeMar DeRozan,2025,-1.0048681497573853,35
DeMar DeRozan,2026,-1.1828128099441528,36
DeMar DeRozan,2027,-1.2022737860679626,37
DeMar DeRozan,2028,-1.2643648584683735,38
DeMar DeRozan,2029,-1.3101237813631694,39
Deandre Ayton,2025,1.1697218418121338,26
Deandre Ayton,2026,1.0278925895690918,27
Deandre Ayton,2027,1.0097689628601074,28
Deandre Ayton,2028,0.9368955294291178,29
Deandre Ayton,2029,0.8450116862853368,30
Dejounte Murray,2025,-0.6237510442733765,28
Dejounte Murray,2026,-0.8268276453018188,29
Dejounte Murray,2027,-0.8520305156707764,30
Dejounte Murray,2028,-0.9386707146962484,31
Dejounte Murray,2029,-1.032886157433192,32
Delon Wright,2025,-1.5542997121810913,32
Delon Wright,2026,-1.6039856672286987,33
Delon Wright,2027,-1.615574598312378,34
Delon Wright,2028,-1.6320401827494304,35
Delon Wright,2029,-1.6485750277837117,36
Dennis Schroder,2025,-1.3557958602905273,31
Dennis Schroder,2026,-1.4269154071807861,32
Dennis Schroder,2027,-1.4373944997787476,33
Dennis Schroder,2028,-1.4648174047470093,34
Dennis Schroder,2029,-1.4870221018791199,35
Dennis Smith Jr.,2025,0.7778077125549316,27
Dennis Smith Jr.,2026,0.45703446865081787,28
Dennis Smith Jr.,2027,0.33747607469558716,29
Dennis Smith Jr.,2028,0.16522814830144245,30
Dennis Smith Jr.,2029,0.016168686250845596,31
Derrick Jones Jr.,2025,-0.14645448327064514,27
Derrick Jones Jr.,2026,-0.33454909920692444,28
Derrick Jones Jr.,2027,-0.3799457252025604,29
Derrick Jones Jr.,2028,-0.48003797729810077,30
Derrick Jones Jr.,2029,-0.556121418873469,31
Derrick White,2025,-0.44712701439857483,30
Derrick White,2026,-0.683822363615036,31
Derrick White,2027,-0.6999543011188507,32
Derrick White,2028,-0.7855344712734222,33
Derrick White,2029,-0.851102814078331,34
Devin Booker,2025,-0.7402186393737793,28
Devin Booker,2026,-0.9191286563873291,29
Devin Booker,2027,-0.946850597858429,30
Devin Booker,2028,-0.9889776905377706,31
Devin Booker,2029,-1.0581447283426921,32
Dewayne Dedmon,2024,-1.651806354522705,34
Dewayne Dedmon,2025,-1.7028241157531738,35
Dewayne Dedmon,2026,-1.713118076324463,36
Dewayne Dedmon,2027,-1.7397418022155762,37
Dewayne Dedmon,2028,-1.7501904964447021,38
Dillon Brooks,2025,-0.4856131076812744,29
Dillon Brooks,2026,-0.7245526313781738,30
Dillon Brooks,2027,-0.782023549079895,31
Dillon Brooks,2028,-0.9273399909337362,32
Dillon Brooks,2029,-1.0115108887354534,33
Domantas Sabonis,2025,0.38423237204551697,28
Domantas Sabonis,2026,0.14972010254859924,29
Domantas Sabonis,2027,0.09140871465206146,30
Domantas Sabonis,2028,-0.03164766728878021,31
Domantas Sabonis,2029,-0.12976901605725288,32
Donovan Mitchell,2025,-0.024845421314239502,28
Donovan Mitchell,2026,-0.20363861322402954,29
Donovan Mitchell,2027,-0.2335413545370102,30
Donovan Mitchell,2028,-0.3079596112171809,31
Donovan Mitchell,2029,-0.38340820123751956,32
Dorian Finney-Smith,2025,-0.6509463787078857,31
Dorian Finney-Smith,2026,-0.829721212387085,32
Dorian Finney-Smith,2027,-0.8464813232421875,33
Dorian Finney-Smith,2028,-0.907026449839274,34
Dorian Finney-Smith,2029,-0.9762391497691473,35
Doug McDermott,2025,-0.6177018284797668,33
Doug McDermott,2026,-0.7584742903709412,34
Doug McDermott,2027,-0.8184908926486969,35
Doug McDermott,2028,-0.8824386696020762,36
Doug McDermott,2029,-0.9548030545314153,37
Draymond Green,2025,-0.8434919118881226,34
Draymond Green,2026,-1.003339409828186,35
Draymond Green,2027,-1.0332374572753906,36
Draymond Green,2028,-1.1094242731730144,37
Draymond Green,2029,-1.1684383948644002,38
Dwight Powell,2025,-0.673803985118866,33
Dwight Powell,2026,-0.8107464909553528,34
Dwight Powell,2027,-0.8471142947673798,35
Dwight Powell,2028,-0.9070530235767365,36
Dwight Powell,2029,-0.9814624935388565,37
Eric Gordon,2025,-0.8054678440093994,36
Eric Gordon,2026,-1.0637269020080566,37
Eric Gordon,2027,-1.1128349900245667,38
Eric Gordon,2028,-1.1949984431266785,39
Eric Gordon,2029,-1.264250934123993,40
Evan Fournier,2025,-1.5314382314682007,32
Evan Fournier,2026,-1.6161490678787231,33
Evan Fournier,2027,-1.622408151626587,34
Evan Fournier,2028,-1.6496317386627197,35
Evan Fournier,2029,-1.6725565791130066,36
Frank Kaminsky,2024,-1.0978325605392456,30
Frank Kaminsky,2025,-1.2589434385299683,31
Frank Kaminsky,2026,-1.3021199107170105,32
Frank Kaminsky,2027,-1.3671985268592834,33
Frank Kaminsky,2028,-1.418123871088028,34
Frank Ntilikina,2024,-0.6438020467758179,25
Frank Ntilikina,2025,-0.7415752410888672,26
Frank Ntilikina,2026,-0.7481607496738434,27
Frank Ntilikina,2027,-0.7462250093619028,28
Frank Ntilikina,2028,-0.784443144996961,29
Fred VanVleet,2025,-0.1564258635044098,30
Fred VanVleet,2026,-0.44525668025016785,31
Fred VanVleet,2027,-0.5225541442632675,32
Fred VanVleet,2028,-0.6511816332737604,33
Fred VanVleet,2029,-0.7682234918077787,34
Furkan Korkmaz,2025,-0.46296682953834534,27
Furkan Korkmaz,2026,-0.6552562415599823,28
Furkan Korkmaz,2027,-0.6999883949756622,29
Furkan Korkmaz,2028,-0.8339074552059174,30
Furkan Korkmaz,2029,-0.9751970618963242,31
Gary Harris,2025,-1.1319060325622559,30
Gary Harris,2026,-1.2412779331207275,31
Gary Harris,2027,-1.2663210034370422,32
Gary Harris,2028,-1.3101572394371033,33
Gary Harris,2029,-1.3450287580490112,34
George Hill,2024,-1.6627304553985596,37
George Hill,2025,-1.700369119644165,38
George Hill,2026,-1.7032490372657776,39
George Hill,2027,-1.72644704580307,40
George Hill,2028,-1.7389661073684692,41
Georges Niang,2025,-1.1001136302947998,31
Georges Niang,2026,-1.1891539096832275,32
Georges Niang,2027,-1.195247769355774,33
Georges Niang,2028,-1.2375833590825398,34
Georges Niang,2029,-1.2723037997881572,35
Giannis Antetokounmpo,2025,-1.270770788192749,30
Giannis Antetokounmpo,2026,-1.4358270168304443,31
Giannis Antetokounmpo,2027,-1.45614892244339,32
Giannis Antetokounmpo,2028,-1.5137718717257183,33
Giannis Antetokounmpo,2029,-1.5842484732468922,34
Goran Dragic,2024,-1.668182134628296,37
Goran Dragic,2025,-1.765192985534668,38
Goran Dragic,2026,-1.7774889469146729,39
Goran Dragic,2027,-1.826687177022298,40
Goran Dragic,2028,-1.8684427539507549,41
Gordon Hayward,2025,-1.758378028869629,34
Gordon Hayward,2026,-1.823603630065918,35
Gordon Hayward,2027,-1.8378833532333374,36
Gordon Hayward,2028,-1.864520827929179,37
Gordon Hayward,2029,-1.8948087294896443,38
Gorgui Dieng,2024,-1.6346852779388428,34
Gorgui Dieng,2025,-1.7035224437713623,35
Gorgui Dieng,2026,-1.6876837015151978,36
Gorgui Dieng,2027,-1.7019814252853394,37
Gorgui Dieng,2028,-1.70991250872612,38
Grayson Allen,2025,-0.6114664077758789,29
Grayson Allen,2026,-0.9114866256713867,30
Grayson Allen,2027,-0.9519099593162537,31
Grayson Allen,2028,-1.045019527276357,32
Grayson Allen,2029,-1.1409444014231365,33
Harrison Barnes,2025,-1.642958164215088,32
Harrison Barnes,2026,-1.7187473773956299,33
Harrison Barnes,2027,-1.7377928495407104,34
Harrison Barnes,2028,-1.7801216840744019,35
Harrison Barnes,2029,-1.8192030787467957,36
Ish Smith,2025,-1.3733259439468384,36
Ish Smith,2026,-1.461548924446106,37
Ish Smith,2027,-1.4603842496871948,38
Ish Smith,2028,-1.5060995817184448,39
Ish Smith,2029,-1.5535649359226227,40
Ivica Zubac,2025,-0.9069921374320984,27
Ivica Zubac,2026,-1.0096750855445862,28
Ivica Zubac,2027,-1.0216557383537292,29
Ivica Zubac,2028,-1.0631859103838603,30
Ivica Zubac,2029,-1.098900665839513,31
JaMychal Green,2024,-0.27162468433380127,33
JaMychal Green,2025,-0.48446327447891235,34
JaMychal Green,2026,-0.4440370053052902,35
JaMychal Green,2027,-0.5187703917423884,36
JaMychal Green,2028,-0.5934195270140966,37
JaVale McGee,2025,-1.3726431131362915,37
JaVale McGee,2026,-1.4298518896102905,38
JaVale McGee,2027,-1.464310884475708,39
JaVale McGee,2028,-1.4979366461435955,40
JaVale McGee,2029,-1.537400593360265,41
Jae Crowder,2025,-1.6444703340530396,34
Jae Crowder,2026,-1.7016905546188354,35
Jae Crowder,2027,-1.7163614630699158,36
Jae Crowder,2028,-1.7323070168495178,37
Jae Crowder,2029,-1.7477577924728394,38
Jakob Poeltl,2025,-0.9414097666740417,29
Jakob Poeltl,2026,-1.0875120759010315,30
Jakob Poeltl,2027,-1.1016899347305298,31
Jakob Poeltl,2028,-1.1626863082249959,32
Jakob Poeltl,2029,-1.2322782377401988,33
Jalen Brunson,2025,0.32367756962776184,28
Jalen Brunson,2026,0.09758040308952332,29
Jalen Brunson,2027,0.04770146310329437,30
Jalen Brunson,2028,-0.054911836981773376,31
Jalen Brunson,2029,-0.18225787580013275,32
Jamal Murray,2025,1.03512442111969,27
Jamal Murray,2026,0.9438462257385254,28
Jamal Murray,2027,0.9002390205860138,29
Jamal Murray,2028,0.823676198720932,30
Jamal Murray,2029,0.7594238370656967,31
James Harden,2025,-0.2202170193195343,35
James Harden,2026,-0.4791170060634613,36
James Harden,2027,-0.5459914356470108,37
James Harden,2028,-0.6360950320959091,38
James Harden,2029,-0.7057537958025932,39
Jarrett Allen,2025,0.7516520023345947,26
Jarrett Allen,2026,0.5736664533615112,27
Jarrett Allen,2027,0.4898643493652344,28
Jarrett Allen,2028,0.35956982771555585,29
Jarrett Allen,2029,0.24190301199754077,30
Jaylen Brown,2025,0.5121136903762817,28
Jaylen Brown,2026,0.3721463680267334,29
Jaylen Brown,2027,0.276606485247612,30
Jaylen Brown,2028,0.17025207976500192,31
Jaylen Brown,2029,0.042023455103238426,32
Jayson Tatum,2025,-0.13841742277145386,26
Jayson Tatum,2026,-0.36952340602874756,27
Jayson Tatum,2027,-0.47108057141304016,28
Jayson Tatum,2028,-0.5893127024173737,29
Jayson Tatum,2029,-0.7187461853027344,30
Jeff Green,2025,-1.5360593795776367,38
Jeff Green,2026,-1.6083958148956299,39
Jeff Green,2027,-1.6199836134910583,40
Jeff Green,2028,-1.6600049138069153,41
Jeff Green,2029,-1.695747971534729,42
Jerami Grant,2025,-1.3800060749053955,30
Jerami Grant,2026,-1.4710578918457031,31
Jerami Grant,2027,-1.53170508146286,32
Jerami Grant,2028,-1.5811296105384827,33
Jerami Grant,2029,-1.622574269771576,34
Jevon Carter,2025,-0.9561673998832703,29
Jevon Carter,2026,-1.0340713858604431,30
Jevon Carter,2027,-1.0327673256397247,31
Jevon Carter,2028,-1.0748245815436046,32
Jevon Carter,2029,-1.123834287126859,33
Jimmy Butler,2025,-0.875622570514679,35
Jimmy Butler,2026,-0.996602475643158,36
Jimmy Butler,2027,-1.0310507416725159,37
Jimmy Butler,2028,-1.0882266561190288,38
Jimmy Butler,2029,-1.152401198943456,39
Joe Harris,2024,-1.4244506359100342,32
Joe Harris,2025,-1.5017063617706299,33
Joe Harris,2026,-1.5236485004425049,34
Joe Harris,2027,-1.560395320256551,35
Joe Harris,2028,-1.590127209822337,36
Joe Ingles,2025,-1.5679740905761719,37
Joe Ingles,2026,-1.6262035369873047,38
Joe Ingles,2027,-1.6294689774513245,39
Joe Ingles,2028,-1.6500315070152283,40
Joe Ingles,2029,-1.665448933839798,41
Joel Embiid,2025,-0.04620040953159332,30
Joel Embiid,2026,-0.30087117850780487,31
Joel Embiid,2027,-0.3275561034679413,32
Joel Embiid,2028,-0.40760232011477154,33
Joel Embiid,2029,-0.4945431773861249,34
John Collins,2025,-0.27604904770851135,27
John Collins,2026,-0.6105822026729584,28
John Collins,2027,-0.6413025259971619,29
John Collins,2028,-0.7451492746671041,30
John Collins,2029,-0.8179301569859186,31
John Wall,2024,-0.9188515543937683,33
John Wall,2025,-0.9541023373603821,34
John Wall,2026,-0.9866169095039368,35
John Wall,2027,-1.0521566271781921,36
John Wall,2028,-1.1052147448062897,37
Jonas Valanciunas,2025,-1.393940806388855,32
Jonas Valanciunas,2026,-1.4992188215255737,33
Jonas Valanciunas,2027,-1.5271000862121582,34
Jonas Valanciunas,2028,-1.5718158880869548,35
Jonas Valanciunas,2029,-1.6102910538514454,36
Jordan Clarkson,2025,-1.514847755432129,32
Jordan Clarkson,2026,-1.6010196208953857,33
Jordan Clarkson,2027,-1.6155157089233398,34
Jordan Clarkson,2028,-1.640168269475301,35
Jordan Clarkson,2029,-1.6701329747835796,36
Josh Hart,2025,-0.51283860206604,29
Josh Hart,2026,-0.6953551769256592,30
Josh Hart,2027,-0.7551806271076202,31
Josh Hart,2028,-0.8956074416637421,32
Josh Hart,2029,-0.992553174495697,33
Josh Okogie,2025,0.21678733825683594,26
Josh Okogie,2026,-0.12670743465423584,27
Josh Okogie,2027,-0.16767482459545135,28
Josh Okogie,2028,-0.297254279255867,29
Josh Okogie,2029,-0.4723345637321472,30
Josh Richardson,2025,-0.9490376710891724,31
Josh Richardson,2026,-1.0391993522644043,32
Josh Richardson,2027,-1.055512934923172,33
Josh Richardson,2028,-1.073120524485906,34
Josh Richardson,2029,-1.1189824889103572,35
Jrue Holiday,2025,-1.7450464963912964,34
Jrue Holiday,2026,-1.8012601137161255,35
Jrue Holiday,2027,-1.80939781665802,36
Jrue Holiday,2028,-1.8328420718510945,37
Jrue Holiday,2029,-1.8541821936766307,38
Juancho Hernangomez,2024,-0.3227275609970093,28
Juancho Hernangomez,2025,-0.47491657733917236,29
Juancho Hernangomez,2026,-0.5267837792634964,30
Juancho Hernangomez,2027,-0.6082268208265305,31
Juancho Hernangomez,2028,-0.6734519973397255,32
Julius Randle,2025,0.20181095600128174,30
Julius Randle,2026,-0.1511649489402771,31
Julius Randle,2027,-0.1640789732336998,32
Julius Randle,2028,-0.30541085948546726,33
Julius Randle,2029,-0.40703872839609784,34
Justin Holiday,2025,-1.2013130187988281,35
Justin Holiday,2026,-1.3049235343933105,36
Justin Holiday,2027,-1.3269557356834412,37
Justin Holiday,2028,-1.3737399379412334,38
Justin Holiday,2029,-1.4107177158196766,39
Jusuf Nurkic,2025,-0.1661982387304306,30
Jusuf Nurkic,2026,-0.5284940153360367,31
Jusuf Nurkic,2027,-0.5130477249622345,32
Jusuf Nurkic,2028,-0.64028732975324,33
Jusuf Nurkic,2029,-0.7254301259915034,34
Karl-Anthony Towns,2025,-0.8478119373321533,29
Karl-Anthony Towns,2026,-1.1726250648498535,30
Karl-Anthony Towns,2027,-1.21034437417984,31
Karl-Anthony Towns,2028,-1.331588129202525,32
Karl-Anthony Towns,2029,-1.431150217851003,33
Kawhi Leonard,2025,-0.224051833152771,33
Kawhi Leonard,2026,-0.5635323524475098,34
Kawhi Leonard,2027,-0.6879159808158875,35
Kawhi Leonard,2028,-0.8511026899019877,36
Kawhi Leonard,2029,-0.950922374924024,37
Keita Bates-Diop,2025,-0.6774957180023193,29
Keita Bates-Diop,2026,-0.8392094373703003,30
Keita Bates-Diop,2027,-0.8865394592285156,31
Keita Bates-Diop,2028,-0.9770322243372599,32
Keita Bates-Diop,2029,-1.0557581682999928,33
Kelly Olynyk,2025,0.420104444026947,33
Kelly Olynyk,2026,0.27985650300979614,34
Kelly Olynyk,2027,0.21419507265090942,35
Kelly Olynyk,2028,0.10614071289698282,36
Kelly Olynyk,2029,-1.1729697386421434e-05,37
Kelly Oubre Jr.,2025,-1.349191665649414,29
Kelly Oubre Jr.,2026,-1.4166502952575684,30
Kelly Oubre Jr.,2027,-1.4249275922775269,31
Kelly Oubre Jr.,2028,-1.4426415363947551,32
Kelly Oubre Jr.,2029,-1.4681223233540852,33
Kenrich Williams,2025,-0.1560615748167038,30
Kenrich Williams,2026,-0.36847616732120514,31
Kenrich Williams,2027,-0.49383868277072906,32
Kenrich Williams,2028,-0.6179179002841314,33
Kenrich Williams,2029,-0.7304476077357928,34
Kentavious Caldwell-Pope,2025,-1.2655287981033325,31
Kentavious Caldwell-Pope,2026,-1.3526381254196167,32
Kentavious Caldwell-Pope,2027,-1.370078682899475,33
Kentavious Caldwell-Pope,2028,-1.4171018997828166,34
Kentavious Caldwell-Pope,2029,-1.4502711494763691,35
Kevin Durant,2025,-1.4020752906799316,36
Kevin Durant,2026,-1.4915897846221924,37
Kevin Durant,2027,-1.501883089542389,38
Kevin Durant,2028,-1.5337209900220234,39
Kevin Durant,2029,-1.5651071468989055,40
Kevin Huerter,2025,0.7265593409538269,26
Kevin Huerter,2026,0.5756437182426453,27
Kevin Huerter,2027,0.5430721640586853,28
Kevin Huerter,2028,0.44843751192092896,29
Kevin Huerter,2029,0.3559614196419716,30
Kevin Knox,2025,0.13856041431427002,25
Kevin Knox,2026,-0.09354054927825928,26
Kevin Knox,2027,-0.11454562842845917,27
Kevin Knox,2028,-0.21979744732379913,28
Kevin Knox,2029,-0.3298281580209732,29
Kevin Love,2025,-0.375866562128067,36
Kevin Love,2026,-0.6685157716274261,37
Kevin Love,2027,-0.6983045637607574,38
Kevin Love,2028,-0.7605253159999847,39
Kevin Love,2029,-0.8374850004911423,40
Kevon Looney,2025,-0.36880946159362793,28
Kevon Looney,2026,-0.5903637409210205,29
Kevon Looney,2027,-0.5524650812149048,30
Kevon Looney,2028,-0.6367009083429972,31
Kevon Looney,2029,-0.7457875808080038,32
Khris Middleton,2025,-0.6167595982551575,33
Khris Middleton,2026,-0.7177013754844666,34
Khris Middleton,2027,-0.7783138155937195,35
Khris Middleton,2028,-0.8531976342201233,36
Khris Middleton,2029,-0.9378040581941605,37
Klay Thompson,2025,-1.8849639892578125,34
Klay Thompson,2026,-1.941770315170288,35
Klay Thompson,2027,-1.9546758532524109,36
Klay Thompson,2028,-1.9658793409665425,37
Klay Thompson,2029,-1.9775744179884593,38
Kristaps Porzingis,2025,-0.33185988664627075,29
Kristaps Porzingis,2026,-0.5760204195976257,30
Kristaps Porzingis,2027,-0.6271522045135498,31
Kristaps Porzingis,2028,-0.756976048151652,32
Kristaps Porzingis,2029,-0.8626634528239568,33
Kyle Anderson,2025,-1.1799968481063843,31
Kyle Anderson,2026,-1.2566169500350952,32
Kyle Anderson,2027,-1.265239655971527,33
Kyle Anderson,2028,-1.2935511072476704,34
Kyle Anderson,2029,-1.3206452826658885,35
Kyle Kuzma,2025,0.1745310127735138,29
Kyle Kuzma,2026,0.00607338547706604,30
Kyle Kuzma,2027,0.018241211771965027,31
Kyle Kuzma,2028,-0.09150531391302744,32
Kyle Kuzma,2029,-0.19527644415696463,33
Kyle Lowry,2025,-1.4184449911117554,38
Kyle Lowry,2026,-1.4935001134872437,39
Kyle Lowry,2027,-1.5111164450645447,40
Kyle Lowry,2028,-1.540991763273875,41
Kyle Lowry,2029,-1.5704729755719502,42
Kyrie Irving,2025,-0.7406354546546936,32
Kyrie Irving,2026,-0.9726555943489075,33
Kyrie Irving,2027,-1.028039664030075,34
Kyrie Irving,2028,-1.114636888106664,35
Kyrie Irving,2029,-1.162790949145953,36
Landry Shamet,2025,-1.0650303363800049,27
Landry Shamet,2026,-1.2062668800354004,28
Landry Shamet,2027,-1.2381443977355957,29
Landry Shamet,2028,-1.2786258856455486,30
Landry Shamet,2029,-1.3291017611821492,31
Larry Nance Jr.,2025,-1.3235567808151245,32
Larry Nance Jr.,2026,-1.432928442955017,33
Larry Nance Jr.,2027,-1.4410039782524109,34
Larry Nance Jr.,2028,-1.479675034681956,35
Larry Nance Jr.,2029,-1.5116993685563405,36
Lauri Markkanen,2025,0.7251771688461304,27
Lauri Markkanen,2026,0.5480353832244873,28
Lauri Markkanen,2027,0.50332972407341,29
Lauri Markkanen,2028,0.4209790925184886,30
Lauri Markkanen,2029,0.25330908348162967,31
LeBron James,2025,-1.3243472576141357,40
LeBron James,2026,-1.428760290145874,41
LeBron James,2027,-1.4408143162727356,42
LeBron James,2028,-1.4824427167574565,43
LeBron James,2029,-1.525093932946523,44
Luka Doncic,2025,-0.41631537675857544,25
Luka Doncic,2026,-0.6600901484489441,26
Luka Doncic,2027,-0.7159859240055084,27
Luka Doncic,2028,-0.8342670698960623,28
Luka Doncic,2029,-0.9569893876711527,29
Luke Kennard,2025,-0.048258036375045776,28
Luke Kennard,2026,-0.3495466113090515,29
Luke Kennard,2027,-0.37042491883039474,30
Luke Kennard,2028,-0.4522240733106931,31
Luke Kennard,2029,-0.54246777916948,32
Malcolm Brogdon,2025,-1.524242639541626,32
Malcolm Brogdon,2026,-1.6006574630737305,33
Malcolm Brogdon,2027,-1.6121483445167542,34
Malcolm Brogdon,2028,-1.643219490845998,35
Malcolm Brogdon,2029,-1.6618304948012035,36
Malik Beasley,2025,-1.4605189561843872,28
Malik Beasley,2026,-1.5329099893569946,29
Malik Beasley,2027,-1.556120216846466,30
Malik Beasley,2028,-1.5793208479881287,31
Malik Beasley,2029,-1.6046127080917358,32
Malik Monk,2025,0.7955297231674194,26
Malik Monk,2026,0.6504224538803101,27
Malik Monk,2027,0.6221697330474854,28
Malik Monk,2028,0.5603156884511312,29
Malik Monk,2029,0.4529240156213442,30
Marcus Morris,2025,-1.1702585220336914,35
Marcus Morris,2026,-1.257068395614624,36
Marcus Morris,2027,-1.2635471820831299,37
Marcus Morris,2028,-1.2991282145182292,38
Marcus Morris,2029,-1.3288756211598713,39
Marcus Smart,2024,-0.6411161422729492,29
Marcus Smart,2025,-0.8112128973007202,30
Marcus Smart,2026,-0.8373318910598755,31
Marcus Smart,2027,-0.9314979712168375,32
Marcus Smart,2028,-1.0032676210006077,33
Markieff Morris,2024,-1.3382608890533447,34
Markieff Morris,2025,-1.4714124202728271,35
Markieff Morris,2026,-1.4784632921218872,36
Markieff Morris,2027,-1.5263548294703166,37
Markieff Morris,2028,-1.5541266699632008,38
Mason Plumlee,2025,-1.357135534286499,34
Mason Plumlee,2026,-1.453376054763794,35
Mason Plumlee,2027,-1.4663039445877075,36
Mason Plumlee,2028,-1.4894883235295613,37
Mason Plumlee,2029,-1.5178824762503307,38
Matthew Dellavedova,2024,-1.017836570739746,33
Matthew Dellavedova,2025,-1.124281406402588,34
Matthew Dellavedova,2026,-1.1526578664779663,35
Matthew Dellavedova,2027,-1.210156242052714,36
Matthew Dellavedova,2028,-1.2602376242478688,37
Maxi Kleber,2025,-0.41398122906684875,33
Maxi Kleber,2026,-0.6811206042766571,34
Maxi Kleber,2027,-0.6971883177757263,35
Maxi Kleber,2028,-0.8087839086850485,36
Maxi Kleber,2029,-0.907109002272288,37
Mikal Bridges,2025,-0.7530781030654907,28
Mikal Bridges,2026,-0.8139655590057373,29
Mikal Bridges,2027,-0.7975176870822906,30
Mikal Bridges,2028,-0.7929382820924123,31
Mikal Bridges,2029,-0.8207447330156962,32
Mike Conley,2025,-1.6045129299163818,37
Mike Conley,2026,-1.7059814929962158,38
Mike Conley,2027,-1.7125769257545471,39
Mike Conley,2028,-1.7515040437380474,40
Mike Conley,2029,-1.7982185085614522,41
Mike Muscala,2025,-0.9565656185150146,33
Mike Muscala,2026,-1.0507423877716064,34
Mike Muscala,2027,-1.0825974941253662,35
Mike Muscala,2028,-1.130516767501831,36
Mike Muscala,2029,-1.1701475977897644,37
Mitchell Robinson,2025,0.893282413482666,26
Mitchell Robinson,2026,0.7546381950378418,27
Mitchell Robinson,2027,0.7373448014259338,28
Mitchell Robinson,2028,0.6535268823305765,29
Mitchell Robinson,2029,0.5610034068425497,30
Mo Bamba,2025,0.7510063648223877,26
Mo Bamba,2026,0.6629948616027832,27
Mo Bamba,2027,0.6250647604465485,28
Mo Bamba,2028,0.5819812715053558,29
Mo Bamba,2029,0.5323718637228012,30
Monte Morris,2025,-0.6758268475532532,29
Monte Morris,2026,-0.8236710429191589,30
Monte Morris,2027,-0.8608604371547699,31
Monte Morris,2028,-0.9405730466047922,32
Monte Morris,2029,-1.0070118357737858,33
Montrezl Harrell,2024,-0.6872846484184265,30
Montrezl Harrell,2025,-0.9121549725532532,31
Montrezl Harrell,2026,-0.9398658573627472,32
Montrezl Harrell,2027,-1.0011857052644093,33
Montrezl Harrell,2028,-1.0630870411793392,34
Moritz Wagner,2025,0.2634597420692444,27
Moritz Wagner,2026,0.013675034046173096,28
Moritz Wagner,2027,0.01995760202407837,29
Moritz Wagner,2028,-0.06171713272730509,30
Moritz Wagner,2029,-0.15460856755574545,31
Myles Turner,2025,-0.21789583563804626,28
Myles Turner,2026,-0.2741719186306,29
Myles Turner,2027,-0.27926085889339447,30
Myles Turner,2028,-0.3066185663143794,31
Myles Turner,2029,-0.3851315652330716,32
Nicolas Batum,2025,-1.1806350946426392,36
Nicolas Batum,2026,-1.3773797750473022,37
Nicolas Batum,2027,-1.377411961555481,38
Nicolas Batum,2028,-1.4377861420313518,39
Nicolas Batum,2029,-1.4967625041802723,40
Nikola Jokic,2025,-0.5983127355575562,29
Nikola Jokic,2026,-0.8040796518325806,30
Nikola Jokic,2027,-0.8593461215496063,31
Nikola Jokic,2028,-0.9662212034066519,32
Nikola Jokic,2029,-1.0571511934200923,33
Nikola Vucevic,2025,-1.4687659740447998,34
Nikola Vucevic,2026,-1.5950582027435303,35
Nikola Vucevic,2027,-1.6327574253082275,36
Nikola Vucevic,2028,-1.67487629254659,37
Nikola Vucevic,2029,-1.7170659999052684,38
Norman Powell,2025,-0.6150962710380554,31
Norman Powell,2026,-0.8254972100257874,32
Norman Powell,2027,-0.8845909833908081,33
Norman Powell,2028,-0.9938913583755493,34
Norman Powell,2029,-1.0945418030023575,35
OG Anunoby,2025,-0.5611975193023682,27
OG Anunoby,2026,-0.6566534042358398,28
OG Anunoby,2027,-0.7187283039093018,29
OG Anunoby,2028,-0.774804433186849,30
OG Anunoby,2029,-0.8415890137354533,31
P.J. Tucker,2025,-1.3953750133514404,39
P.J. Tucker,2026,-1.4379961490631104,40
P.J. Tucker,2027,-1.4509745836257935,41
P.J. Tucker,2028,-1.4639187256495159,42
P.J. Tucker,2029,-1.4840786357720692,43
Pascal Siakam,2025,-0.7742705345153809,30
Pascal Siakam,2026,-0.9158425331115723,31
Pascal Siakam,2027,-0.9646522998809814,32
Pascal Siakam,2028,-1.0299742221832275,33
Pascal Siakam,2029,-1.0898739397525787,34
Pat Connaughton,2025,-1.3886868953704834,32
Pat Connaughton,2026,-1.461399793624878,33
Pat Connaughton,2027,-1.4636245965957642,34
Pat Connaughton,2028,-1.486722509066264,35
Pat Connaughton,2029,-1.505899985631307,36
Patrick Beverley,2025,-1.2517822980880737,36
Patrick Beverley,2026,-1.3272637128829956,37
Patrick Beverley,2027,-1.339235246181488,38
Patrick Beverley,2028,-1.370337466398875,39
Patrick Beverley,2029,-1.3971347411473591,40
Patty Mills,2025,-1.63102388381958,36
Patty Mills,2026,-1.6806039810180664,37
Patty Mills,2027,-1.6923533082008362,38
Patty Mills,2028,-1.710414985815684,39
Patty Mills,2029,-1.735117753346761,40
Paul George,2025,-1.6579911708831787,34
Paul George,2026,-1.7226569652557373,35
Paul George,2027,-1.7479676008224487,36
Paul George,2028,-1.7873429854710896,37
Paul George,2029,-1.8169246117273967,38
Raul Neto,2024,-0.6404119729995728,31
Raul Neto,2025,-0.8737647533416748,32
Raul Neto,2026,-0.8831946551799774,33
Raul Neto,2027,-0.9606464604536692,34
Raul Neto,2028,-1.0424186637004216,35
Reggie Bullock,2025,-0.7566936016082764,33
Reggie Bullock,2026,-0.9371019601821899,34
Reggie Bullock,2027,-0.9286563396453857,35
Reggie Bullock,2028,-0.9820312261581421,36
Reggie Bullock,2029,-1.0366970598697662,37
Reggie Jackson,2025,-0.8340718746185303,34
Reggie Jackson,2026,-1.0397197008132935,35
Reggie Jackson,2027,-1.045527845621109,36
Reggie Jackson,2028,-1.1380527516206105,37
Reggie Jackson,2029,-1.207209641734759,38
Richaun Holmes,2025,-0.7789405584335327,31
Richaun Holmes,2026,-0.8756948709487915,32
Richaun Holmes,2027,-0.9144247770309448,33
Richaun Holmes,2028,-0.9688467582066854,34
Richaun Holmes,2029,-1.0063150922457378,35
Ricky Rubio,2024,-0.5290831327438354,33
Ricky Rubio,2025,-0.7376319169998169,34
Ricky Rubio,2026,-0.7912639081478119,35
Ricky Rubio,2027,-0.8686570227146149,36
Ricky Rubio,2028,-0.9486017227172852,37
Robert Covington,2024,-0.12335066497325897,33
Robert Covington,2025,-0.3678464740514755,34
Robert Covington,2026,-0.461333267390728,35
Robert Covington,2027,-0.5623504295945168,36
Robert Covington,2028,-0.6816282756626606,37
Robin Lopez,2024,-0.8144878149032593,35
Robin Lopez,2025,-0.9485607147216797,36
Robin Lopez,2026,-0.9321435391902924,37
Robin Lopez,2027,-1.0016901791095734,38
Robin Lopez,2028,-1.0668151378631592,39
Royce O'Neale,2025,-1.1809251308441162,31
Royce O'Neale,2026,-1.2846474647521973,32
Royce O'Neale,2027,-1.3019502758979797,33
Royce O'Neale,2028,-1.3487244645754497,34
Royce O'Neale,2029,-1.3873208065827687,35
Rudy Gay,2024,-1.6003379821777344,37
Rudy Gay,2025,-1.6701903343200684,38
Rudy Gay,2026,-1.6845792531967163,39
Rudy Gay,2027,-1.7028989394505818,40
Rudy Gay,2028,-1.719120095173518,41
Rudy Gobert,2025,-1.1104915142059326,32
Rudy Gobert,2026,-1.275994062423706,33
Rudy Gobert,2027,-1.3039264678955078,34
Rudy Gobert,2028,-1.3791022300720215,35
Rudy Gobert,2029,-1.4418281018733978,36
Russell Westbrook,2025,-0.7083349823951721,36
Russell Westbrook,2026,-0.9560829997062683,37
Russell Westbrook,2027,-0.9591128826141357,38
Russell Westbrook,2028,-1.032419204711914,39
Russell Westbrook,2029,-1.084785670042038,40
Seth Curry,2025,-1.4498469829559326,34
Seth Curry,2026,-1.5272042751312256,35
Seth Curry,2027,-1.539546251296997,36
Seth Curry,2028,-1.577492634455363,37
Seth Curry,2029,-1.6121919949849446,38
Shai Gilgeous-Alexander,2025,0.6727333664894104,26
Shai Gilgeous-Alexander,2026,0.6019987463951111,27
Shai Gilgeous-Alexander,2027,0.5616204738616943,28
Shai Gilgeous-Alexander,2028,0.51188858350118,29
Shai Gilgeous-Alexander,2029,0.443507211903731,30
Spencer Dinwiddie,2025,-1.09305739402771,31
Spencer Dinwiddie,2026,-1.1967277526855469,32
Spencer Dinwiddie,2027,-1.2148290276527405,33
Spencer Dinwiddie,2028,-1.2408909996350606,34
Spencer Dinwiddie,2029,-1.2684795061747234,35
Stanley Johnson,2024,0.3842800557613373,27
Stanley Johnson,2025,0.08468475937843323,28
Stanley Johnson,2026,-0.05358697474002838,29
Stanley Johnson,2027,-0.13811924556891125,30
Stanley Johnson,2028,-0.2353041147192319,31
Stephen Curry,2025,-1.2971807718276978,36
Stephen Curry,2026,-1.4660967588424683,37
Stephen Curry,2027,-1.4744728803634644,38
Stephen Curry,2028,-1.5170281330744426,39
Stephen Curry,2029,-1.5682458778222401,40
Steven Adams,2024,-0.4977249503135681,30
Steven Adams,2025,-0.7041708827018738,31
Steven Adams,2026,-0.7643989622592926,32
Steven Adams,2027,-0.8274047076702118,33
Steven Adams,2028,-0.8964633196592331,34
Svi Mykhailiuk,2025,-0.21878454089164734,27
Svi Mykhailiuk,2026,-0.40257832407951355,28
Svi Mykhailiuk,2027,-0.48487861454486847,29
Svi Mykhailiuk,2028,-0.5849670817454656,30
Svi Mykhailiuk,2029,-0.7031312162677447,31
T.J. McConnell,2025,-1.4983644485473633,32
T.J. McConnell,2026,-1.5763659477233887,33
T.J. McConnell,2027,-1.5998157858848572,34
T.J. McConnell,2028,-1.6265493035316467,35
T.J. McConnell,2029,-1.6512823104858398,36
T.J. Warren,2024,-0.891235888004303,30
T.J. Warren,2025,-1.2188565135002136,31
T.J. Warren,2026,-1.3046268224716187,32
T.J. Warren,2027,-1.412022630373637,33
T.J. Warren,2028,-1.5083819230397542,34
Taj Gibson,2024,-1.5193151235580444,38
Taj Gibson,2025,-1.5929516553878784,39
Taj Gibson,2026,-1.6034316420555115,40
Taj Gibson,2027,-1.6202533841133118,41
Taj Gibson,2028,-1.6373355984687805,42
Taurean Prince,2025,-0.7502627968788147,30
Taurean Prince,2026,-0.97456294298172,31
Taurean Prince,2027,-1.0233222544193268,32
Taurean Prince,2028,-1.1036763687928517,33
Taurean Prince,2029,-1.1993425736824672,34
Terrence Ross,2024,-1.5792505741119385,32
Terrence Ross,2025,-1.631333827972412,33
Terrence Ross,2026,-1.6384305357933044,34
Terrence Ross,2027,-1.6812559564908345,35
Terrence Ross,2028,-1.70993639032046,36
Terry Rozier,2025,-1.110558271408081,30
Terry Rozier,2026,-1.2300622463226318,31
Terry Rozier,2027,-1.2533310651779175,32
Terry Rozier,2028,-1.3049753109614055,33
Terry Rozier,2029,-1.3651763101418812,34
Thaddeus Young,2025,-1.1052629947662354,36
Thaddeus Young,2026,-1.1999993324279785,37
Thaddeus Young,2027,-1.2487438321113586,38
Thaddeus Young,2028,-1.285742700099945,39
Thaddeus Young,2029,-1.3254365622997284,40
Tim Hardaway Jr.,2025,-1.4826831817626953,32
Tim Hardaway Jr.,2026,-1.6054449081420898,33
Tim Hardaway Jr.,2027,-1.6317522525787354,34
Tim Hardaway Jr.,2028,-1.6732030709584553,35
Tim Hardaway Jr.,2029,-1.7125325600306194,36
Tobias Harris,2025,-1.6028721332550049,32
Tobias Harris,2026,-1.6780705451965332,33
Tobias Harris,2027,-1.6989529728889465,34
Tobias Harris,2028,-1.7263448437054951,35
Tobias Harris,2029,-1.743644009033839,36
Torrey Craig,2025,-1.7041165828704834,34
Torrey Craig,2026,-1.7874066829681396,35
Torrey Craig,2027,-1.8109881281852722,36
Torrey Craig,2028,-1.8397172093391418,37
Torrey Craig,2029,-1.8650642335414886,38
Trae Young,2025,0.2905389666557312,26
Trae Young,2026,0.13186341524124146,27
Trae Young,2027,0.08623036742210388,28
Trae Young,2028,-0.02665953834851583,29
Trae Young,2029,-0.13290307919184366,30
Trey Lyles,2025,-0.9214797019958496,29
Trey Lyles,2026,-1.2257723808288574,30
Trey Lyles,2027,-1.2427820563316345,31
Trey Lyles,2028,-1.3295207619667053,32
Trey Lyles,2029,-1.4012743830680847,33
Tristan Thompson,2025,-0.31967198848724365,33
Tristan Thompson,2026,-0.5598655343055725,34
Tristan Thompson,2027,-0.6068229526281357,35
Tristan Thompson,2028,-0.6920899897813797,36
Tristan Thompson,2029,-0.7686827555298805,37
Troy Brown Jr.,2025,0.1763031780719757,25
Troy Brown Jr.,2026,-0.12975981831550598,26
Troy Brown Jr.,2027,-0.17872002720832825,27
Troy Brown Jr.,2028,-0.27921242515246075,28
Troy Brown Jr.,2029,-0.3726547447343667,29
Tyus Jones,2025,-0.08071625232696533,28
Tyus Jones,2026,-0.27340662479400635,29
Tyus Jones,2027,-0.3053480088710785,30
Tyus Jones,2028,-0.36460450291633606,31
Tyus Jones,2029,-0.43006083369255066,32
Victor Oladipo,2024,-1.484838604927063,31
Victor Oladipo,2025,-1.5358699560165405,32
Victor Oladipo,2026,-1.5727154612541199,33
Victor Oladipo,2027,-1.6167437036832173,34
Victor Oladipo,2028,-1.6593076090017955,35
Wendell Carter Jr.,2025,0.6711458563804626,25
Wendell Carter Jr.,2026,0.46659570932388306,26
Wendell Carter Jr.,2027,0.39616110920906067,27
Wendell Carter Jr.,2028,0.27035555243492126,28
Wendell Carter Jr.,2029,0.1357085257768631,29
Wesley Matthews,2025,-1.6823147535324097,38
Wesley Matthews,2026,-1.7282980680465698,39
Wesley Matthews,2027,-1.738723874092102,40
Wesley Matthews,2028,-1.7631090084711711,41
Wesley Matthews,2029,-1.7852953275044758,42
Will Barton,2024,-0.9401640892028809,33
Will Barton,2025,-1.087648630142212,34
Will Barton,2026,-1.1078067421913147,35
Will Barton,2027,-1.1579446991284688,36
Will Barton,2028,-1.2046901384989421,37
Willy Hernangomez,2024,-1.3246400356292725,29
Willy Hernangomez,2025,-1.4660823345184326,30
Willy Hernangomez,2026,-1.4964025020599365,31
Willy Hernangomez,2027,-1.534946044286092,32
Willy Hernangomez,2028,-1.5878293613592784,33
Zach LaVine,2024,0.05518132448196411,28
Zach LaVine,2025,-0.16143065690994263,29
Zach LaVine,2026,-0.1694076582789421,30
Zach LaVine,2027,-0.24940928568442663,31
Zach LaVine,2028,-0.31231023247043294,32
