Player,Season,Projected_BPM_diff,Age
Aaron Gordon,2025,0.5251188278198242,29
Aaron Gordon,2026,0.948649525642395,30
Aaron Gordon,2027,0.9013244211673737,31
Aaron Gordon,2028,0.7252613405386606,32
Aaron Gordon,2029,0.6718582262595495,33
Aaron Holiday,2025,0.043264031410217285,28
Aaron Holiday,2026,0.631952702999115,29
Aaron Holiday,2027,0.4517376124858856,30
Aaron Holiday,2028,0.5710778733094534,31
Aaron Holiday,2029,0.4844205702344576,32
Al Horford,2025,0.4618861675262451,38
Al Horford,2026,0.829187273979187,39
Al Horford,2027,0.7081460058689117,40
Al Horford,2028,0.7332187990347544,41
Al Horford,2029,0.676655446489652,42
Alec Burks,2025,0.27778878808021545,33
Alec Burks,2026,0.026841968297958374,34
Alec Burks,2027,-0.291494682431221,35
Alec Burks,2028,-0.5851214776436487,36
Alec Burks,2029,-0.5594513838489851,37
Alex Caruso,2025,-0.2660205364227295,30
Alex Caruso,2026,0.08513933420181274,31
Alex Caruso,2027,0.2002924382686615,32
Alex Caruso,2028,0.2270100216070811,33
Alex Caruso,2029,0.13490731765826544,34
Alex Len,2025,0.481682687997818,31
Alex Len,2026,0.11964002251625061,32
Alex Len,2027,-0.27530720084905624,33
Alex Len,2028,0.40011153866847354,34
Alex Len,2029,0.2736021938423316,35
Andre Drummond,2025,-0.1085369884967804,31
Andre Drummond,2026,0.1913781464099884,32
Andre Drummond,2027,-0.030076563358306885,33
Andre Drummond,2028,0.025886317094167072,34
Andre Drummond,2029,-0.025805880626042683,35
Andrew Wiggins,2025,-0.03256584703922272,29
Andrew Wiggins,2026,-0.2770504206418991,30
Andrew Wiggins,2027,-0.7553908079862595,31
Andrew Wiggins,2028,-1.0353648016850154,32
Andrew Wiggins,2029,-0.9981508081158001,33
Anfernee Simons,2025,0.30961334705352783,25
Anfernee Simons,2026,0.30229294300079346,26
Anfernee Simons,2027,0.17332823574543,27
Anfernee Simons,2028,0.04120878875255585,28
Anfernee Simons,2029,-0.03427664935588837,29
Anthony Davis,2025,0.4716627895832062,31
Anthony Davis,2026,0.6517352759838104,32
Anthony Davis,2027,0.7121074795722961,33
Anthony Davis,2028,0.6813579599062601,34
Anthony Davis,2029,0.6338275869687399,35
Austin Rivers,2024,0.4237990379333496,31
Austin Rivers,2025,0.42182719707489014,32
Austin Rivers,2026,0.2781665027141571,33
Austin Rivers,2027,0.37036727865537006,34
Austin Rivers,2028,0.29492994646231335,35
Bam Adebayo,2025,0.6422830820083618,27
Bam Adebayo,2026,0.3070186972618103,28
Bam Adebayo,2027,0.34717005491256714,29
Bam Adebayo,2028,0.3539113203684489,30
Bam Adebayo,2029,0.2839236905177434,31
Ben Simmons,2024,0.7188733220100403,27
Ben Simmons,2025,0.42116039991378784,28
Ben Simmons,2026,-0.05886667221784592,29
Ben Simmons,2027,-0.4314884220560392,30
Ben Simmons,2028,-0.41420999417702353,31
Bismack Biyombo,2025,0.18078389763832092,32
Bismack Biyombo,2026,0.1660318672657013,33
Bismack Biyombo,2027,0.015555322170257568,34
Bismack Biyombo,2028,-0.417193611462911,35
Bismack Biyombo,2029,-0.395592155555884,36
Blake Griffin,2024,-0.2710690498352051,34
Blake Griffin,2025,-1.1769988536834717,35
Blake Griffin,2026,-0.4067813754081726,36
Blake Griffin,2027,-0.2547183632850647,37
Blake Griffin,2028,-0.3869869112968445,38
Boban Marjanovic,2024,0.18684090673923492,35
Boban Marjanovic,2025,-0.5118918567895889,36
Boban Marjanovic,2026,-0.2476128339767456,37
Boban Marjanovic,2027,0.22511424620946247,38
Boban Marjanovic,2028,0.09359575311342876,39
Bobby Portis,2025,0.4450865685939789,29
Bobby Portis,2026,-0.03358429670333862,30
Bobby Portis,2027,0.03483530133962631,31
Bobby Portis,2028,-0.06690211345752081,32
Bobby Portis,2029,-0.15014548103014627,33
Bogdan Bogdanovic,2025,0.12245571613311768,32
Bogdan Bogdanovic,2026,-0.3145996928215027,33
Bogdan Bogdanovic,2027,-0.14793071150779724,34
Bogdan Bogdanovic,2028,-0.13885717590649924,35
Bogdan Bogdanovic,2029,-0.19812791297833124,36
Bojan Bogdanovic,2025,0.002077341079711914,35
Bojan Bogdanovic,2026,-0.20654605329036713,36
Bojan Bogdanovic,2027,-0.42370954528450966,37
Bojan Bogdanovic,2028,-0.7337744347751141,38
Bojan Bogdanovic,2029,-0.7138027455657721,39
Bradley Beal,2025,0.2645919919013977,31
Bradley Beal,2026,-0.2741018533706665,32
Bradley Beal,2027,0.25318823754787445,33
Bradley Beal,2028,0.04281715055306753,34
Bradley Beal,2029,-0.05447718252738317,35
Brandon Ingram,2025,0.6006917953491211,27
Brandon Ingram,2026,0.33479905128479004,28
Brandon Ingram,2027,0.4736219644546509,29
Brandon Ingram,2028,0.4446314573287964,30
Brandon Ingram,2029,0.3522382006049156,31
Brook Lopez,2025,0.024715781211853027,36
Brook Lopez,2026,0.09355616569519043,37
Brook Lopez,2027,0.16508135199546814,38
Brook Lopez,2028,-0.07028195261955261,39
Brook Lopez,2029,-0.1169956624507904,40
Bruce Brown,2025,1.2779264450073242,28
Bruce Brown,2026,1.0401806831359863,29
Bruce Brown,2027,0.8084978759288788,30
Bruce Brown,2028,0.47760282953580224,31
Bruce Brown,2029,0.4545776049296061,32
Bruno Fernando,2025,0.22848963737487793,26
Bruno Fernando,2026,1.9884679317474365,27
Bruno Fernando,2027,0.8106582760810852,28
Bruno Fernando,2028,0.8788327574729919,29
Bruno Fernando,2029,0.8234971314668655,30
Buddy Hield,2025,-0.22075185179710388,32
Buddy Hield,2026,-0.10646390914916992,33
Buddy Hield,2027,0.12777668982744217,34
Buddy Hield,2028,-0.15881295750538507,35
Buddy Hield,2029,-0.2265737702449163,36
CJ McCollum,2025,0.643203854560852,33
CJ McCollum,2026,0.3553045988082886,34
CJ McCollum,2027,0.5146190822124481,35
CJ McCollum,2028,0.6839430630207062,36
CJ McCollum,2029,0.6095219850540161,37
Cameron Johnson,2025,0.2248569130897522,28
Cameron Johnson,2026,0.43327099084854126,29
Cameron Johnson,2027,0.20498764514923096,30
Cameron Johnson,2028,0.03181107838948567,31
Cameron Johnson,2029,0.022785748044649765,32
Cameron Payne,2025,0.5019927024841309,30
Cameron Payne,2026,-0.48788848519325256,31
Cameron Payne,2027,0.208294115960598,32
Cameron Payne,2028,0.3407406881451607,33
Cameron Payne,2029,0.21947961300611496,34
Caris LeVert,2025,-0.21883592009544373,30
Caris LeVert,2026,-0.5843916237354279,31
Caris LeVert,2027,-0.2623758763074875,32
Caris LeVert,2028,-0.3043992867072423,33
Caris LeVert,2029,-0.39852763960758847,34
Cedi Osman,2025,-0.01365382969379425,29
Cedi Osman,2026,0.6065243035554886,30
Cedi Osman,2027,0.112742118537426,31
Cedi Osman,2028,0.07894190897544226,32
Cedi Osman,2029,0.04720162476102511,33
Chris Boucher,2025,0.7755286693572998,32
Chris Boucher,2026,-0.014229416847229004,33
Chris Boucher,2027,0.061806946992874146,34
Chris Boucher,2028,-0.38248009483019507,35
Chris Boucher,2029,-0.4240271051724752,36
Chris Paul,2025,0.10345458984375,39
Chris Paul,2026,-0.2697567939758301,40
Chris Paul,2027,-0.6293884664773941,41
Chris Paul,2028,-0.7404432942469915,42
Chris Paul,2029,-0.7450157726804415,43
Christian Wood,2025,0.6985910534858704,29
Christian Wood,2026,0.5050782561302185,30
Christian Wood,2027,0.04177021235227585,31
Christian Wood,2028,-0.7197552248835564,32
Christian Wood,2029,-0.6535071097314358,33
Clint Capela,2025,1.32405686378479,30
Clint Capela,2026,1.2392935752868652,31
Clint Capela,2027,1.1709282398223877,32
Clint Capela,2028,0.937349001566569,33
Clint Capela,2029,0.9044845153888067,34
Coby White,2025,0.7034679651260376,24
Coby White,2026,0.9810086488723755,25
Coby White,2027,1.0520997047424316,26
Coby White,2028,0.990623950958252,27
Coby White,2029,0.9067141115665436,28
Cody Zeller,2025,-0.06247778236865997,32
Cody Zeller,2026,-0.9101075381040573,33
Cody Zeller,2027,-1.0089004337787628,34
Cody Zeller,2028,-1.2275223831335704,35
Cody Zeller,2029,-1.1863870074351628,36
Collin Sexton,2025,0.09769964218139648,26
Collin Sexton,2026,0.2946397066116333,27
Collin Sexton,2027,0.27228567004203796,28
Collin Sexton,2028,0.4363284806410472,29
Collin Sexton,2029,0.34849496682484943,30
Cory Joseph,2024,0.2504684627056122,32
Cory Joseph,2025,0.4578137695789337,33
Cory Joseph,2026,0.2320011854171753,34
Cory Joseph,2027,0.2536434729894002,35
Cory Joseph,2028,0.1761532227198283,36
D'Angelo Russell,2025,0.305922269821167,28
D'Angelo Russell,2026,0.42609071731567383,29
D'Angelo Russell,2027,0.49048182368278503,30
D'Angelo Russell,2028,0.35725119709968567,31
D'Angelo Russell,2029,0.2897810935974121,32
Damian Jones,2025,0.08668115735054016,29
Damian Jones,2026,0.10944285988807678,30
Damian Jones,2027,-0.1820782721042633,31
Damian Jones,2028,-0.11634499828020732,32
Damian Jones,2029,-0.1810132091244062,33
Damian Lillard,2025,0.6899912357330322,34
Damian Lillard,2026,0.47002410888671875,35
Damian Lillard,2027,0.3382965624332428,36
Damian Lillard,2028,0.00023747483889262344,37
Damian Lillard,2029,-0.03281737367312114,38
Damion Lee,2024,0.3891715705394745,31
Damion Lee,2025,0.7781331837177277,32
Damion Lee,2026,-0.4716276228427887,33
Damion Lee,2027,-0.3517029583454132,34
Damion Lee,2028,-0.3584675081074238,35
Daniel Gafford,2025,0.580866813659668,26
Daniel Gafford,2026,0.5645318031311035,27
Daniel Gafford,2027,0.5898982584476471,28
Daniel Gafford,2028,0.6360374391078949,29
Daniel Gafford,2029,0.6060178279876709,30
Daniel Theis,2025,0.31173989176750183,32
Daniel Theis,2026,-0.5627525150775909,33
Daniel Theis,2027,-0.5357005149126053,34
Daniel Theis,2028,-0.333588386575381,35
Daniel Theis,2029,-0.4045085584123929,36
Danilo Gallinari,2025,0.6824045181274414,36
Danilo Gallinari,2026,-0.060611724853515625,37
Danilo Gallinari,2027,-0.15402928739786148,38
Danilo Gallinari,2028,-0.23795459916194278,39
Danilo Gallinari,2029,-0.2773156153659026,40
Dante Exum,2025,-0.5986344814300537,29
Dante Exum,2026,0.08516436815261841,30
Dante Exum,2027,0.5373595207929611,31
Dante Exum,2028,0.7335385630528132,32
Dante Exum,2029,0.586793971558412,33
Danuel House Jr.,2025,0.4352983236312866,31
Danuel House Jr.,2026,0.8589862585067749,32
Danuel House Jr.,2027,0.5396725237369537,33
Danuel House Jr.,2028,0.3017815848191579,34
Danuel House Jr.,2029,0.25380119929711026,35
Dario Saric,2025,0.22874274849891663,30
Dario Saric,2026,-0.17274288833141327,31
Dario Saric,2027,0.1768714375793934,32
Dario Saric,2028,0.44661226496100426,33
Dario Saric,2029,0.2834997233003378,34
Darius Garland,2025,0.13464036583900452,25
Darius Garland,2026,0.9943753182888031,26
Darius Garland,2027,0.08505269885063171,27
Darius Garland,2028,-0.8957181473573048,28
Darius Garland,2029,-0.8582779417435329,29
Davis Bertans,2025,0.02923634648323059,32
Davis Bertans,2026,-0.1956861913204193,33
Davis Bertans,2027,0.415091872215271,34
Davis Bertans,2028,0.04816401998202006,35
Davis Bertans,2029,-0.039008824775616326,36
De'Aaron Fox,2025,0.3601951599121094,27
De'Aaron Fox,2026,0.26935768127441406,28
De'Aaron Fox,2027,0.6367882192134857,29
De'Aaron Fox,2028,0.5024242301781973,30
De'Aaron Fox,2029,0.4487767914930979,31
De'Anthony Melton,2025,0.7662954330444336,26
De'Anthony Melton,2026,0.628061056137085,27
De'Anthony Melton,2027,0.5868804454803467,28
De'Anthony Melton,2028,0.4100941816965739,29
De'Anthony Melton,2029,0.37006136526664096,30
DeAndre Jordan,2025,0.5885851383209229,36
DeAndre Jordan,2026,-0.15062829852104187,37
DeAndre Jordan,2027,0.049427539110183716,38
DeAndre Jordan,2028,-0.7917543848355612,39
DeAndre Jordan,2029,-0.7403196344772974,40
DeMar DeRozan,2025,0.6150088906288147,35
DeMar DeRozan,2026,0.5672658085823059,36
DeMar DeRozan,2027,0.5196093618869781,37
DeMar DeRozan,2028,0.4861877461274465,38
DeMar DeRozan,2029,0.39796790728966397,39
Deandre Ayton,2025,1.3589932918548584,26
Deandre Ayton,2026,1.2228822708129883,27
Deandre Ayton,2027,1.0400185585021973,28
Deandre Ayton,2028,0.9037079811096191,29
Deandre Ayton,2029,0.8666585981845856,30
Dejounte Murray,2025,0.18981942534446716,28
Dejounte Murray,2026,0.5177788436412811,29
Dejounte Murray,2027,-0.1289455145597458,30
Dejounte Murray,2028,-0.03313364088535309,31
Dejounte Murray,2029,-0.08672469109296799,32
Delon Wright,2025,0.7347047328948975,32
Delon Wright,2026,0.6780340671539307,33
Delon Wright,2027,0.5489562749862671,34
Delon Wright,2028,0.06179543336232504,35
Delon Wright,2029,0.050256597499052674,36
Dennis Schroder,2025,-0.5953918099403381,31
Dennis Schroder,2026,-0.6504626870155334,32
Dennis Schroder,2027,-0.5009376108646393,33
Dennis Schroder,2028,-0.3816532790660858,34
Dennis Schroder,2029,-0.47891543060541153,35
Dennis Smith Jr.,2025,0.1459268182516098,27
Dennis Smith Jr.,2026,0.6268574744462967,28
Dennis Smith Jr.,2027,0.3941167742013931,29
Dennis Smith Jr.,2028,0.4524579892555873,30
Dennis Smith Jr.,2029,0.3657059495647748,31
Derrick Jones Jr.,2025,0.6099727749824524,27
Derrick Jones Jr.,2026,0.6032945513725281,28
Derrick Jones Jr.,2027,0.4699486494064331,29
Derrick Jones Jr.,2028,0.2607606252034505,30
Derrick Jones Jr.,2029,0.2096816326181094,31
Derrick White,2025,-0.3196123242378235,30
Derrick White,2026,0.09892171621322632,31
Derrick White,2027,0.172646164894104,32
Derrick White,2028,0.18343218167622885,33
Derrick White,2029,0.11275064448515573,34
Devin Booker,2025,0.2855197787284851,28
Devin Booker,2026,0.7133419513702393,29
Devin Booker,2027,0.5693964213132858,30
Devin Booker,2028,0.6014518886804581,31
Devin Booker,2029,0.5287064090371132,32
Devonte' Graham,2024,0.8230822086334229,28
Devonte' Graham,2025,0.7912043333053589,29
Devonte' Graham,2026,0.6867238879203796,30
Devonte' Graham,2027,0.8003484606742859,31
Devonte' Graham,2028,0.7335039675235748,32
Dewayne Dedmon,2024,-0.019402049481868744,34
Dewayne Dedmon,2025,-0.8759001269936562,35
Dewayne Dedmon,2026,-0.07156354188919067,36
Dewayne Dedmon,2027,-0.3814725677172343,37
Dewayne Dedmon,2028,-0.44773611178000766,38
Dillon Brooks,2025,-0.6044543981552124,29
Dillon Brooks,2026,-0.5444842576980591,30
Dillon Brooks,2027,-0.781787633895874,31
Dillon Brooks,2028,-0.6067601044972738,32
Dillon Brooks,2029,-0.679571862022082,33
Domantas Sabonis,2025,0.5331858396530151,28
Domantas Sabonis,2026,0.6835662126541138,29
Domantas Sabonis,2027,0.7365170419216156,30
Domantas Sabonis,2028,0.6578957140445709,31
Domantas Sabonis,2029,0.6206341236829758,32
Donovan Mitchell,2025,0.4614052176475525,28
Donovan Mitchell,2026,0.570566713809967,29
Donovan Mitchell,2027,0.559404581785202,30
Donovan Mitchell,2028,0.5094404518604279,31
Donovan Mitchell,2029,0.4838684946298599,32
Donte DiVincenzo,2025,0.2685283422470093,28
Donte DiVincenzo,2026,0.30330944061279297,29
Donte DiVincenzo,2027,0.8019795715808868,30
Donte DiVincenzo,2028,0.8036960065364838,31
Donte DiVincenzo,2029,0.7178320288658142,32
Dorian Finney-Smith,2025,0.8781007528305054,31
Dorian Finney-Smith,2026,0.4529048204421997,32
Dorian Finney-Smith,2027,-0.007935300469398499,33
Dorian Finney-Smith,2028,0.1888805776834488,34
Dorian Finney-Smith,2029,0.1359289288520813,35
Doug McDermott,2025,-0.4159776270389557,33
Doug McDermott,2026,-1.0874544084072113,34
Doug McDermott,2027,-0.7821016907691956,35
Doug McDermott,2028,-0.7638711333274841,36
Doug McDermott,2029,-0.8112489283084869,37
Draymond Green,2025,0.07789382338523865,34
Draymond Green,2026,0.0450911819934845,35
Draymond Green,2027,-0.062264978885650635,36
Draymond Green,2028,-0.04770197470982869,37
Draymond Green,2029,-0.10489768038193385,38
Duncan Robinson,2025,-0.009987644851207733,30
Duncan Robinson,2026,-0.562818355858326,31
Duncan Robinson,2027,-0.46738746762275696,32
Duncan Robinson,2028,0.06018546223640442,33
Duncan Robinson,2029,-0.07873136177659035,34
Dwight Powell,2025,0.9706323742866516,33
Dwight Powell,2026,0.9969319701194763,34
Dwight Powell,2027,0.8459359407424927,35
Dwight Powell,2028,0.8587444225947062,36
Dwight Powell,2029,0.8198935439189275,37
Eric Gordon,2025,-0.903659462928772,36
Eric Gordon,2026,-0.40790462493896484,37
Eric Gordon,2027,-0.576312929391861,38
Eric Gordon,2028,-0.5617797076702118,39
Eric Gordon,2029,-0.6272252649068832,40
Evan Fournier,2025,1.0544257164001465,32
Evan Fournier,2026,0.6308445930480957,33
Evan Fournier,2027,0.2058708667755127,34
Evan Fournier,2028,-0.12851456801096597,35
Evan Fournier,2029,-0.11941860367854437,36
Frank Kaminsky,2024,0.10948199033737183,30
Frank Kaminsky,2025,0.06633967161178589,31
Frank Kaminsky,2026,0.46178555488586426,32
Frank Kaminsky,2027,0.5197644233703613,33
Frank Kaminsky,2028,0.39786069095134735,34
Frank Ntilikina,2024,0.2335151731967926,25
Frank Ntilikina,2025,0.05221661925315857,26
Frank Ntilikina,2026,-0.12394505739212036,27
Frank Ntilikina,2027,-0.3457154631614685,28
Frank Ntilikina,2028,-0.33786508440971375,29
Fred VanVleet,2025,0.2049211859703064,30
Fred VanVleet,2026,0.40632957220077515,31
Fred VanVleet,2027,0.3038032650947571,32
Fred VanVleet,2028,0.36845221122105914,33
Fred VanVleet,2029,0.2904830078283946,34
Furkan Korkmaz,2025,-0.5838756561279297,27
Furkan Korkmaz,2026,-0.9926397800445557,28
Furkan Korkmaz,2027,-0.8451564908027649,29
Furkan Korkmaz,2028,-0.7631488045056661,30
Furkan Korkmaz,2029,-0.823291669289271,31
Gary Harris,2025,-1.315785527229309,30
Gary Harris,2026,-0.18566691875457764,31
Gary Harris,2027,-0.24389216303825378,32
Gary Harris,2028,-0.5267851650714874,33
Gary Harris,2029,-0.6017808169126511,34
Gary Trent Jr.,2025,1.1583456993103027,26
Gary Trent Jr.,2026,1.5396406650543213,27
Gary Trent Jr.,2027,1.0837119817733765,28
Gary Trent Jr.,2028,0.6366741259892782,29
Gary Trent Jr.,2029,0.6284342358509699,30
George Hill,2024,0.04297628998756409,37
George Hill,2025,-0.8020462095737457,38
George Hill,2026,-0.4423571228981018,39
George Hill,2027,-0.28476184606552124,40
George Hill,2028,-0.36734338104724884,41
Georges Niang,2025,0.7135509848594666,31
Georges Niang,2026,0.5079671740531921,32
Georges Niang,2027,0.5831599533557892,33
Georges Niang,2028,0.30828524629275006,34
Georges Niang,2029,0.277374600370725,35
Giannis Antetokounmpo,2025,0.8499320149421692,30
Giannis Antetokounmpo,2026,0.7858439087867737,31
Giannis Antetokounmpo,2027,0.7183211445808411,32
Giannis Antetokounmpo,2028,0.8832746148109436,33
Giannis Antetokounmpo,2029,0.8316729068756104,34
Goga Bitadze,2025,0.9109392166137695,25
Goga Bitadze,2026,0.98653244972229,26
Goga Bitadze,2027,1.0198900997638702,27
Goga Bitadze,2028,1.0620804329713185,28
Goga Bitadze,2029,1.0307668099800746,29
Goran Dragic,2024,0.32118546962738037,37
Goran Dragic,2025,0.3266780972480774,38
Goran Dragic,2026,-0.19770444929599762,39
Goran Dragic,2027,-0.3405390630165736,40
Goran Dragic,2028,-0.33345002432664234,41
Gordon Hayward,2025,-0.6614649295806885,34
Gordon Hayward,2026,-1.3043190240859985,35
Gordon Hayward,2027,-1.215694934129715,36
Gordon Hayward,2028,-1.2343160410722096,37
Gordon Hayward,2029,-1.2384537408749263,38
Gorgui Dieng,2024,1.1623132228851318,34
Gorgui Dieng,2025,0.6682499647140503,35
Gorgui Dieng,2026,-0.35082267224788666,36
Gorgui Dieng,2027,-0.7732716947793961,37
Gorgui Dieng,2028,-0.6588402017951012,38
Grant Williams,2025,1.010017991065979,26
Grant Williams,2026,1.583971619606018,27
Grant Williams,2027,0.9641144275665283,28
Grant Williams,2028,0.8150992393493652,29
Grant Williams,2029,0.7841143906116486,30
Grayson Allen,2025,0.34167835116386414,29
Grayson Allen,2026,0.524677962064743,30
Grayson Allen,2027,0.5189028531312943,31
Grayson Allen,2028,0.6157177537679672,32
Grayson Allen,2029,0.5518536940217018,33
Hamidou Diallo,2024,0.0939643532037735,25
Hamidou Diallo,2025,0.8533114641904831,26
Hamidou Diallo,2026,0.6162286549806595,27
Hamidou Diallo,2027,0.4669620444377263,28
Hamidou Diallo,2028,0.37476757417122525,29
Harrison Barnes,2025,0.35300585627555847,32
Harrison Barnes,2026,0.27341410517692566,33
Harrison Barnes,2027,0.23235975205898285,34
Harrison Barnes,2028,0.13835052152474722,35
Harrison Barnes,2029,0.08732076982657114,36
Ish Smith,2025,-0.5587557554244995,36
Ish Smith,2026,-0.7953547239303589,37
Ish Smith,2027,-0.8093140721321106,38
Ish Smith,2028,-0.7167611320813497,39
Ish Smith,2029,-0.7366385410229365,40
Ivica Zubac,2025,1.2043492794036865,27
Ivica Zubac,2026,1.0000879764556885,28
Ivica Zubac,2027,1.0712330341339111,29
Ivica Zubac,2028,1.1531848112742107,30
Ivica Zubac,2029,1.093778093655904,31
JaMychal Green,2024,-0.5603743195533752,33
JaMychal Green,2025,-0.3023790121078491,34
JaMychal Green,2026,-0.13055682182312012,35
JaMychal Green,2027,0.02291971445083618,36
JaMychal Green,2028,-0.12046050280332565,37
JaVale McGee,2025,0.061142656952142715,37
JaVale McGee,2026,0.4661613367497921,38
JaVale McGee,2027,-0.32016870379447937,39
JaVale McGee,2028,-0.13916155695915222,40
JaVale McGee,2029,-0.1925203762948513,41
Jae Crowder,2025,-0.05084645748138428,34
Jae Crowder,2026,-0.15411752462387085,35
Jae Crowder,2027,-0.29796958714723587,36
Jae Crowder,2028,-0.5995213513573011,37
Jae Crowder,2029,-0.6037384110192457,38
Jakob Poeltl,2025,0.7106113433837891,29
Jakob Poeltl,2026,0.7753841876983643,30
Jakob Poeltl,2027,0.5373516380786896,31
Jakob Poeltl,2028,0.4654623369375865,32
Jakob Poeltl,2029,0.4280962248643239,33
Jalen Brunson,2025,0.22869324684143066,28
Jalen Brunson,2026,0.33358025550842285,29
Jalen Brunson,2027,0.42891019582748413,30
Jalen Brunson,2028,0.4481794635454814,31
Jalen Brunson,2029,0.4090154667695363,32
Jamal Murray,2025,0.2818686366081238,27
Jamal Murray,2026,0.32375913858413696,28
Jamal Murray,2027,0.2630399465560913,29
Jamal Murray,2028,0.3513565460840861,30
Jamal Murray,2029,0.29279645284016925,31
James Harden,2025,0.3417407274246216,35
James Harden,2026,0.13785552978515625,36
James Harden,2027,0.3000328540802002,37
James Harden,2028,0.1479421854019165,38
James Harden,2029,0.09245438873767853,39
Jaren Jackson Jr.,2025,0.775537371635437,25
Jaren Jackson Jr.,2026,0.8387057781219482,26
Jaren Jackson Jr.,2027,0.7861998081207275,27
Jaren Jackson Jr.,2028,0.09830451011657715,28
Jaren Jackson Jr.,2029,0.07625333592295647,29
Jarrett Allen,2025,1.3592196702957153,26
Jarrett Allen,2026,1.417578101158142,27
Jarrett Allen,2027,1.3214824199676514,28
Jarrett Allen,2028,1.3040050665537517,29
Jarrett Allen,2029,1.267199565966924,30
Jaxson Hayes,2025,0.8794504404067993,24
Jaxson Hayes,2026,0.6852419376373291,25
Jaxson Hayes,2027,0.41334226727485657,26
Jaxson Hayes,2028,0.6598239839076996,27
Jaxson Hayes,2029,0.6153202652931213,28
Jaylen Brown,2025,0.7001669406890869,28
Jaylen Brown,2026,0.5906370878219604,29
Jaylen Brown,2027,0.6092176735401154,30
Jaylen Brown,2028,0.5979118446509043,31
Jaylen Brown,2029,0.5481952776511511,32
Jayson Tatum,2025,0.8573264479637146,26
Jayson Tatum,2026,0.9164518713951111,27
Jayson Tatum,2027,0.9249822497367859,28
Jayson Tatum,2028,0.8748510877291361,29
Jayson Tatum,2029,0.833192711075147,30
Jeff Green,2025,-0.18490852415561676,38
Jeff Green,2026,-0.9104933589696884,39
Jeff Green,2027,-0.7410131096839905,40
Jeff Green,2028,-0.5275625189145406,41
Jeff Green,2029,-0.5863410184780756,42
Jerami Grant,2025,0.4557933807373047,30
Jerami Grant,2026,0.44417357444763184,31
Jerami Grant,2027,0.3961242735385895,32
Jerami Grant,2028,0.1685546139876048,33
Jerami Grant,2029,0.1242628147204717,34
Jevon Carter,2025,0.48361310362815857,29
Jevon Carter,2026,-0.12329879403114319,30
Jevon Carter,2027,0.11714759469032288,31
Jevon Carter,2028,-0.2956778307755788,32
Jevon Carter,2029,-0.2866450349489848,33
Jimmy Butler,2025,0.4502902030944824,35
Jimmy Butler,2026,0.3418583869934082,36
Jimmy Butler,2027,0.4528234899044037,37
Jimmy Butler,2028,0.13727783163388568,38
Jimmy Butler,2029,0.10739801327387492,39
Joe Harris,2024,-0.4898602366447449,32
Joe Harris,2025,-0.6476197838783264,33
Joe Harris,2026,-0.46440400183200836,34
Joe Harris,2027,-0.9404811710119247,35
Joe Harris,2028,-0.9396932646632195,36
Joe Ingles,2025,0.6180003881454468,37
Joe Ingles,2026,-0.126481294631958,38
Joe Ingles,2027,0.34565363824367523,39
Joe Ingles,2028,0.23292650282382965,40
Joe Ingles,2029,0.18136227130889893,41
Joel Embiid,2025,1.0507190227508545,30
Joel Embiid,2026,1.0821781158447266,31
Joel Embiid,2027,1.0364251732826233,32
Joel Embiid,2028,0.9662154714266459,33
Joel Embiid,2029,0.9373619755109152,34
John Collins,2025,0.8148746490478516,27
John Collins,2026,0.4330863952636719,28
John Collins,2027,0.39291778206825256,29
John Collins,2028,0.48066672682762146,30
John Collins,2029,0.42322833836078644,31
John Wall,2024,-0.03391043841838837,33
John Wall,2025,-0.7527489811182022,34
John Wall,2026,-0.8575742691755295,35
John Wall,2027,-0.8823824475208918,36
John Wall,2028,-0.8860984270771345,37
Jonas Valanciunas,2025,0.4108510911464691,32
Jonas Valanciunas,2026,-0.23982462286949158,33
Jonas Valanciunas,2027,-0.051288142800331116,34
Jonas Valanciunas,2028,0.2071232149998347,35
Jonas Valanciunas,2029,0.09168786307175955,36
Jordan Clarkson,2025,0.5701510906219482,32
Jordan Clarkson,2026,-0.6131099462509155,33
Jordan Clarkson,2027,-0.5545670837163925,34
Jordan Clarkson,2028,-0.6846472571293513,35
Jordan Clarkson,2029,-0.6763288502891859,36
Jordan McLaughlin,2025,0.10568273067474365,28
Jordan McLaughlin,2026,0.4546140432357788,29
Jordan McLaughlin,2027,0.38964518904685974,30
Jordan McLaughlin,2028,0.6483318706353506,31
Jordan McLaughlin,2029,0.5667386005322138,32
Jordan Poole,2025,1.8266570568084717,25
Jordan Poole,2026,1.562072992324829,26
Jordan Poole,2027,0.9824073314666748,27
Jordan Poole,2028,0.7298797766367594,28
Jordan Poole,2029,0.7215920587380728,29
Josh Hart,2025,0.5635170936584473,29
Josh Hart,2026,0.7538893222808838,30
Josh Hart,2027,0.4502803683280945,31
Josh Hart,2028,0.039396822452545166,32
Josh Hart,2029,0.016599159687757492,33
Josh Okogie,2025,0.6933500170707703,26
Josh Okogie,2026,1.0217915177345276,27
Josh Okogie,2027,1.197177231311798,28
Josh Okogie,2028,1.1329047878583272,29
Josh Okogie,2029,1.050172785917918,30
Josh Richardson,2025,0.3041044771671295,31
Josh Richardson,2026,0.4502657353878021,32
Josh Richardson,2027,0.23870113492012024,33
Josh Richardson,2028,0.17768395940462747,34
Josh Richardson,2029,0.10738587131102881,35
Jrue Holiday,2025,0.27158820629119873,34
Jrue Holiday,2026,0.027670234441757202,35
Jrue Holiday,2027,-0.09581378102302551,36
Jrue Holiday,2028,-0.24054936567942303,37
Jrue Holiday,2029,-0.2772844818731149,38
Juancho Hernangomez,2024,0.11935988068580627,28
Juancho Hernangomez,2025,0.4048278033733368,29
Juancho Hernangomez,2026,0.09034833312034607,30
Juancho Hernangomez,2027,-0.1218774418036143,31
Juancho Hernangomez,2028,-0.12787893166144687,32
Julius Randle,2025,0.10351753234863281,30
Julius Randle,2026,-0.33406752347946167,31
Julius Randle,2027,0.35214217007160187,32
Julius Randle,2028,-0.33238259454568225,33
Julius Randle,2029,-0.3950395944217841,34
Justin Holiday,2025,-0.6375939846038818,35
Justin Holiday,2026,-0.9911853075027466,36
Justin Holiday,2027,-0.5677784979343414,37
Justin Holiday,2028,0.13213257988293967,38
Justin Holiday,2029,-0.0417043169339498,39
Jusuf Nurkic,2025,0.09863272309303284,30
Jusuf Nurkic,2026,-0.14290449023246765,31
Jusuf Nurkic,2027,-0.11449417471885681,32
Jusuf Nurkic,2028,-0.06990417838096619,33
Jusuf Nurkic,2029,-0.15104303881525993,34
Karl-Anthony Towns,2025,0.5367580652236938,29
Karl-Anthony Towns,2026,0.37026846408843994,30
Karl-Anthony Towns,2027,0.37743522226810455,31
Karl-Anthony Towns,2028,0.03144219021002452,32
Karl-Anthony Towns,2029,0.0003071700533231053,33
Kawhi Leonard,2025,0.29208123683929443,33
Kawhi Leonard,2026,0.27891767024993896,34
Kawhi Leonard,2027,0.16350293159484863,35
Kawhi Leonard,2028,0.20491671562194824,36
Kawhi Leonard,2029,0.15502598881721497,37
Keita Bates-Diop,2025,0.07258272171020508,29
Keita Bates-Diop,2026,0.3270583748817444,30
Keita Bates-Diop,2027,0.4118039757013321,31
Keita Bates-Diop,2028,0.13337163627147675,32
Keita Bates-Diop,2029,0.07118458300828934,33
Kelly Olynyk,2025,0.49244925379753113,33
Kelly Olynyk,2026,0.2489849030971527,34
Kelly Olynyk,2027,0.6916220635175705,35
Kelly Olynyk,2028,0.7533821413914362,36
Kelly Olynyk,2029,0.6403766249616941,37
Kelly Oubre Jr.,2025,0.356482595205307,29
Kelly Oubre Jr.,2026,0.4143357574939728,30
Kelly Oubre Jr.,2027,0.09700288623571396,31
Kelly Oubre Jr.,2028,0.03571236878633499,32
Kelly Oubre Jr.,2029,-0.024361809715628624,33
Kenrich Williams,2025,-0.11445225775241852,30
Kenrich Williams,2026,-0.1693478673696518,31
Kenrich Williams,2027,0.021399617195129395,32
Kenrich Williams,2028,-0.37226982911427814,33
Kenrich Williams,2029,-0.40620065728823346,34
Kentavious Caldwell-Pope,2025,0.2852107584476471,31
Kentavious Caldwell-Pope,2026,0.3370613157749176,32
Kentavious Caldwell-Pope,2027,0.550598070025444,33
Kentavious Caldwell-Pope,2028,0.4153868108987808,34
Kentavious Caldwell-Pope,2029,0.3490617126226425,35
Kevin Durant,2025,1.0238988399505615,36
Kevin Durant,2026,0.9809229373931885,37
Kevin Durant,2027,0.9125694036483765,38
Kevin Durant,2028,0.7468058665593466,39
Kevin Durant,2029,0.6967002699772517,40
Kevin Huerter,2025,0.6592832207679749,26
Kevin Huerter,2026,0.862327516078949,27
Kevin Huerter,2027,1.002143383026123,28
Kevin Huerter,2028,0.40956878662109375,29
Kevin Huerter,2029,0.37238485366106033,30
Kevin Knox,2025,-0.6036248207092285,25
Kevin Knox,2026,-0.5887436866760254,26
Kevin Knox,2027,-0.4349767416715622,27
Kevin Knox,2028,-0.6070561756690344,28
Kevin Knox,2029,-0.6569551105300585,29
Kevin Love,2025,0.17248138785362244,36
Kevin Love,2026,-0.008370727300643921,37
Kevin Love,2027,-0.2172825038433075,38
Kevin Love,2028,0.17457295457522073,39
Kevin Love,2029,0.0478128989537557,40
Kevon Looney,2025,-0.08294346928596497,28
Kevon Looney,2026,0.47777029871940613,29
Kevon Looney,2027,0.2667291611433029,30
Kevon Looney,2028,-0.3432984004418055,31
Kevon Looney,2029,-0.3408647937079271,32
Khris Middleton,2025,0.49728959798812866,33
Khris Middleton,2026,0.17511940002441406,34
Khris Middleton,2027,0.21181830763816833,35
Khris Middleton,2028,0.4133077959219615,36
Khris Middleton,2029,0.32197390993436176,37
Klay Thompson,2025,0.1096089780330658,34
Klay Thompson,2026,-0.2578822672367096,35
Klay Thompson,2027,-0.051911190152168274,36
Klay Thompson,2028,-0.08599458634853363,37
Klay Thompson,2029,-0.14093630760908127,38
Kris Dunn,2025,-0.33952540159225464,30
Kris Dunn,2026,-0.09804928302764893,31
Kris Dunn,2027,0.5551064014434814,32
Kris Dunn,2028,0.43995465834935504,33
Kris Dunn,2029,0.29393788675467175,34
Kristaps Porzingis,2025,0.41954201459884644,29
Kristaps Porzingis,2026,0.5802645087242126,30
Kristaps Porzingis,2027,0.6028465330600739,31
Kristaps Porzingis,2028,0.6156406104564667,32
Kristaps Porzingis,2029,0.5560405850410461,33
Kyle Anderson,2025,0.27843931317329407,31
Kyle Anderson,2026,-0.44402140378952026,32
Kyle Anderson,2027,-0.1665152832865715,33
Kyle Anderson,2028,-0.6457390959064165,34
Kyle Anderson,2029,-0.6388693538804849,35
Kyle Kuzma,2025,0.08648905903100967,29
Kyle Kuzma,2026,-0.5732145681977272,30
Kyle Kuzma,2027,-0.5726075321435928,31
Kyle Kuzma,2028,-0.5318177590767542,32
Kyle Kuzma,2029,-0.5951637004812559,33
Kyle Lowry,2025,0.12016242742538452,38
Kyle Lowry,2026,-0.05789647251367569,39
Kyle Lowry,2027,-0.3305810075253248,40
Kyle Lowry,2028,-0.30094010569155216,41
Kyle Lowry,2029,-0.3385482104495168,42
Kyrie Irving,2025,0.05996793508529663,32
Kyrie Irving,2026,-0.17296546697616577,33
Kyrie Irving,2027,-0.24263423681259155,34
Kyrie Irving,2028,-0.24778626362482706,35
Kyrie Irving,2029,-0.3095020552476247,36
Landry Shamet,2025,-0.5459179878234863,27
Landry Shamet,2026,-0.6958745718002319,28
Landry Shamet,2027,-0.677259236574173,29
Landry Shamet,2028,-0.7252768774827322,30
Landry Shamet,2029,-0.7617990920941035,31
Larry Nance Jr.,2025,-0.5783483982086182,32
Larry Nance Jr.,2026,-0.18272745609283447,33
Larry Nance Jr.,2027,-0.0802900642156601,34
Larry Nance Jr.,2028,-0.2625701576471329,35
Larry Nance Jr.,2029,-0.33835044503211975,36
Lauri Markkanen,2025,0.3990739583969116,27
Lauri Markkanen,2026,0.5819770097732544,28
Lauri Markkanen,2027,0.7032203674316406,29
Lauri Markkanen,2028,0.5992640654246012,30
Lauri Markkanen,2029,0.5411142607529958,31
LeBron James,2025,0.147355854511261,40
LeBron James,2026,0.1358354687690735,41
LeBron James,2027,-0.06530475616455078,42
LeBron James,2028,0.17744545141855875,43
LeBron James,2029,0.05021791656812032,44
Lonnie Walker IV,2025,0.5325378179550171,26
Lonnie Walker IV,2026,0.8192030191421509,27
Lonnie Walker IV,2027,0.7230344712734222,28
Lonnie Walker IV,2028,0.5749090413252512,29
Lonnie Walker IV,2029,0.5325603236754736,30
Luguentz Dort,2025,-0.9478917717933655,25
Luguentz Dort,2026,-0.5884892344474792,26
Luguentz Dort,2027,-0.45989274978637695,27
Luguentz Dort,2028,-0.05361608664194742,28
Luguentz Dort,2029,-0.2157656674583753,29
Luka Doncic,2025,0.7051489353179932,25
Luka Doncic,2026,0.7568677663803101,26
Luka Doncic,2027,0.8298330903053284,27
Luka Doncic,2028,0.813380221525828,28
Luka Doncic,2029,0.7761480857928594,29
Luke Kennard,2025,0.44245645403862,28
Luke Kennard,2026,0.6180963814258575,29
Luke Kennard,2027,0.4550299495458603,30
Luke Kennard,2028,0.2855278005202611,31
Luke Kennard,2029,0.2646718497077624,32
Luke Kornet,2025,0.08170324563980103,29
Luke Kornet,2026,0.6346870064735413,30
Luke Kornet,2027,0.5951976180076599,31
Luke Kornet,2028,0.7006360093752543,32
Luke Kornet,2029,0.6550637831290563,33
Malcolm Brogdon,2025,0.2691459357738495,32
Malcolm Brogdon,2026,0.21941527724266052,33
Malcolm Brogdon,2027,0.2842554450035095,34
Malcolm Brogdon,2028,-0.14181252320607501,35
Malcolm Brogdon,2029,-0.18743899712959927,36
Malik Beasley,2025,1.0846631526947021,28
Malik Beasley,2026,0.9570882320404053,29
Malik Beasley,2027,0.9811270534992218,30
Malik Beasley,2028,1.122560312350591,31
Malik Beasley,2029,1.0380686769882839,32
Malik Monk,2025,0.9743927717208862,26
Malik Monk,2026,1.3154305219650269,27
Malik Monk,2027,1.1076664924621582,28
Malik Monk,2028,1.051580826441447,29
Malik Monk,2029,1.004301240046819,30
Marcus Morris,2025,-0.3752402663230896,35
Marcus Morris,2026,-0.9080663323402405,36
Marcus Morris,2027,-0.680643230676651,37
Marcus Morris,2028,-0.7733255326747894,38
Marcus Morris,2029,-0.7892513275146484,39
Marcus Smart,2024,0.29687875509262085,29
Marcus Smart,2025,0.17820465564727783,30
Marcus Smart,2026,0.10567863285541534,31
Marcus Smart,2027,-0.1800156682729721,32
Marcus Smart,2028,-0.2365675326436758,33
Markieff Morris,2024,-0.8676621317863464,34
Markieff Morris,2025,-0.8812161087989807,35
Markieff Morris,2026,-0.9542765915393829,36
Markieff Morris,2027,-0.960787425438563,37
Markieff Morris,2028,-0.9976753195126852,38
Marvin Bagley III,2025,1.00096595287323,25
Marvin Bagley III,2026,1.184860110282898,26
Marvin Bagley III,2027,1.3075112104415894,27
Marvin Bagley III,2028,1.3380051056543987,28
Marvin Bagley III,2029,1.2500667770703633,29
Mason Plumlee,2025,0.23243314027786255,34
Mason Plumlee,2026,0.13335543870925903,35
Mason Plumlee,2027,0.2415100559592247,36
Mason Plumlee,2028,-0.6219540064533552,37
Mason Plumlee,2029,-0.5748655038575331,38
Matisse Thybulle,2025,0.572484016418457,27
Matisse Thybulle,2026,0.5070908069610596,28
Matisse Thybulle,2027,0.33116067945957184,29
Matisse Thybulle,2028,0.3775135527054469,30
Matisse Thybulle,2029,0.32813869168361026,31
Matthew Dellavedova,2024,-0.03420311212539673,33
Matthew Dellavedova,2025,-0.1065862774848938,34
Matthew Dellavedova,2026,-0.17140167951583862,35
Matthew Dellavedova,2027,-0.14349422852198282,36
Matthew Dellavedova,2028,-0.18414478500684103,37
Maxi Kleber,2025,0.5650526881217957,33
Maxi Kleber,2026,0.3664392828941345,34
Maxi Kleber,2027,0.2699238061904907,35
Maxi Kleber,2028,0.2171857754389445,36
Maxi Kleber,2029,0.18163312350710234,37
Mikal Bridges,2025,0.8396727442741394,28
Mikal Bridges,2026,0.4526389241218567,29
Mikal Bridges,2027,0.30114713311195374,30
Mikal Bridges,2028,0.01790758967399597,31
Mikal Bridges,2029,0.015249393880367279,32
Mike Conley,2025,0.2636271119117737,37
Mike Conley,2026,0.11511474847793579,38
Mike Conley,2027,0.21043458580970764,39
Mike Conley,2028,0.38265058398246765,40
Mike Conley,2029,0.3160422593355179,41
Mike Muscala,2025,1.2472364902496338,33
Mike Muscala,2026,1.1450600624084473,34
Mike Muscala,2027,0.010981231927871704,35
Mike Muscala,2028,-0.4507246712843577,36
Mike Muscala,2029,-0.3456918348868688,37
Miles Bridges,2025,1.2592973709106445,26
Miles Bridges,2026,1.8357830047607422,27
Miles Bridges,2027,1.388780951499939,28
Miles Bridges,2028,0.9550661643346151,29
Miles Bridges,2029,0.9262192944685618,30
Mitchell Robinson,2025,1.5894253253936768,26
Mitchell Robinson,2026,1.6705377101898193,27
Mitchell Robinson,2027,1.3678656816482544,28
Mitchell Robinson,2028,1.0643546183904011,29
Mitchell Robinson,2029,1.0593247810999553,30
Mo Bamba,2025,1.1442232131958008,26
Mo Bamba,2026,1.0880422592163086,27
Mo Bamba,2027,0.8784568309783936,28
Mo Bamba,2028,0.7623422145843506,29
Mo Bamba,2029,0.7081454992294312,30
Monte Morris,2025,0.6789246201515198,29
Monte Morris,2026,0.5644412636756897,30
Monte Morris,2027,0.4207690358161926,31
Monte Morris,2028,0.3152385751406352,32
Monte Morris,2029,0.2860099946459134,33
Montrezl Harrell,2024,0.2978445589542389,30
Montrezl Harrell,2025,0.22937241196632385,31
Montrezl Harrell,2026,-0.27658456563949585,32
Montrezl Harrell,2027,-1.22649347782135,33
Montrezl Harrell,2028,-1.1440739333629608,34
Moritz Wagner,2025,0.2756527066230774,27
Moritz Wagner,2026,0.7766035199165344,28
Moritz Wagner,2027,0.5817745625972748,29
Moritz Wagner,2028,0.6474318007628123,30
Moritz Wagner,2029,0.585090254743894,31
Myles Turner,2025,0.4429173171520233,28
Myles Turner,2026,0.5023618042469025,29
Myles Turner,2027,0.44710515439510345,30
Myles Turner,2028,0.35862057904402417,31
Myles Turner,2029,0.3228810553749402,32
Nassir Little,2025,0.831275224685669,24
Nassir Little,2026,0.8528776168823242,25
Nassir Little,2027,0.563879132270813,26
Nassir Little,2028,0.7838749488194784,27
Nassir Little,2029,0.7071025768915812,28
Naz Reid,2025,0.9581429958343506,25
Naz Reid,2026,0.9141254425048828,26
Naz Reid,2027,0.9745515882968903,27
Naz Reid,2028,0.9198583861192068,28
Naz Reid,2029,0.8708969602982203,29
Nickeil Alexander-Walker,2025,0.007718376815319061,26
Nickeil Alexander-Walker,2026,-0.041341669857501984,27
Nickeil Alexander-Walker,2027,0.721747625619173,28
Nickeil Alexander-Walker,2028,0.7250131331384182,29
Nickeil Alexander-Walker,2029,0.5593556445091963,30
Nicolas Batum,2025,0.37716951966285706,36
Nicolas Batum,2026,0.06402066349983215,37
Nicolas Batum,2027,-0.0690361661836505,38
Nicolas Batum,2028,-0.06248610187321901,39
Nicolas Batum,2029,-0.12912245653569698,40
Nikola Jokic,2025,0.9971727728843689,29
Nikola Jokic,2026,0.9875043034553528,30
Nikola Jokic,2027,0.9856191575527191,31
Nikola Jokic,2028,0.9479877054691315,32
Nikola Jokic,2029,0.9282042235136032,33
Nikola Vucevic,2025,0.20131322741508484,34
Nikola Vucevic,2026,-0.2840871661901474,35
Nikola Vucevic,2027,-0.006385544314980507,36
Nikola Vucevic,2028,-0.4832246309767167,37
Nikola Vucevic,2029,-0.5083494562034806,38
Norman Powell,2025,0.09594133496284485,31
Norman Powell,2026,-0.12822023034095764,32
Norman Powell,2027,0.008753105998039246,33
Norman Powell,2028,-0.10259116192658742,34
Norman Powell,2029,-0.17288449654976526,35
OG Anunoby,2025,0.8565510511398315,27
OG Anunoby,2026,0.6404719352722168,28
OG Anunoby,2027,0.7438930869102478,29
OG Anunoby,2028,0.5041136940320333,30
OG Anunoby,2029,0.42502121130625403,31
P.J. Tucker,2025,-0.19296249747276306,39
P.J. Tucker,2026,-0.06616374850273132,40
P.J. Tucker,2027,-0.36836059391498566,41
P.J. Tucker,2028,-0.3592086086670558,42
P.J. Tucker,2029,-0.3890259464581807,43
P.J. Washington,2025,0.12796932458877563,26
P.J. Washington,2026,0.1383417844772339,27
P.J. Washington,2027,-0.3096579536795616,28
P.J. Washington,2028,-0.3063589707016945,29
P.J. Washington,2029,-0.33626433461904526,30
Pascal Siakam,2025,0.03424406051635742,30
Pascal Siakam,2026,0.3878101110458374,31
Pascal Siakam,2027,0.18593332171440125,32
Pascal Siakam,2028,0.14198516805966696,33
Pascal Siakam,2029,0.07362867395083109,34
Pat Connaughton,2025,-0.15568625926971436,32
Pat Connaughton,2026,-0.2771625518798828,33
Pat Connaughton,2027,-0.6592552363872528,34
Pat Connaughton,2028,-0.5486392875512441,35
Pat Connaughton,2029,-0.5766136000553767,36
Patrick Beverley,2025,0.14652884006500244,36
Patrick Beverley,2026,0.00728297233581543,37
Patrick Beverley,2027,-0.4101142957806587,38
Patrick Beverley,2028,-0.4584549392263095,39
Patrick Beverley,2029,-0.47510996585090953,40
Patty Mills,2025,-0.3480692207813263,36
Patty Mills,2026,-0.6045835912227631,37
Patty Mills,2027,-0.6618580222129822,38
Patty Mills,2028,-0.7033460338910421,39
Patty Mills,2029,-0.7077381561199824,40
Paul George,2025,-0.09152251482009888,34
Paul George,2026,-0.18431895971298218,35
Paul George,2027,0.09882082045078278,36
Paul George,2028,0.17063580453395844,37
Paul George,2029,0.05061909556388855,38
RJ Barrett,2025,-0.385475218296051,24
RJ Barrett,2026,-0.44853371381759644,25
RJ Barrett,2027,-0.0386178195476532,26
RJ Barrett,2028,0.3817031880219778,27
RJ Barrett,2029,0.1894939343134562,28
Raul Neto,2024,-0.17755919694900513,31
Raul Neto,2025,0.06829696893692017,32
Raul Neto,2026,-0.2582543417811394,33
Raul Neto,2027,0.24050672103961307,34
Raul Neto,2028,0.09114370370904605,35
Reggie Bullock,2025,0.3860183358192444,33
Reggie Bullock,2026,-0.1652444750070572,34
Reggie Bullock,2027,-0.037599269300699234,35
Reggie Bullock,2028,-0.09991996611158052,36
Reggie Bullock,2029,-0.1342286200573047,37
Reggie Jackson,2025,-0.9822059869766235,34
Reggie Jackson,2026,-1.3515347242355347,35
Reggie Jackson,2027,-1.1414852142333984,36
Reggie Jackson,2028,-1.142345905303955,37
Reggie Jackson,2029,-1.1685270071029663,38
Richaun Holmes,2025,0.9387931823730469,31
Richaun Holmes,2026,0.07904255390167236,32
Richaun Holmes,2027,-0.1550334468483925,33
Richaun Holmes,2028,-0.30939050763845444,34
Richaun Holmes,2029,-0.30820518359541893,35
Ricky Rubio,2024,0.8405662775039673,33
Ricky Rubio,2025,0.2944144010543823,34
Ricky Rubio,2026,0.1536397933959961,35
Ricky Rubio,2027,0.07598245143890381,36
Ricky Rubio,2028,0.04824194870889187,37
Robert Covington,2024,0.5307366847991943,33
Robert Covington,2025,0.3765639066696167,34
Robert Covington,2026,0.4231664091348648,35
Robert Covington,2027,0.3516109635432561,36
Robert Covington,2028,0.2973009447256724,37
Robin Lopez,2024,-0.3219752013683319,35
Robin Lopez,2025,-0.20401951670646667,36
Robin Lopez,2026,-0.8991083055734634,37
Robin Lopez,2027,-0.5425715098778406,38
Robin Lopez,2028,-0.6082647268970808,39
Rodney McGruder,2024,-0.9846541881561279,32
Rodney McGruder,2025,-0.8197638988494873,33
Rodney McGruder,2026,-0.6436032354831696,34
Rodney McGruder,2027,-0.8134492337703705,35
Rodney McGruder,2028,-0.8584734946489334,36
Royce O'Neale,2025,0.3754768371582031,31
Royce O'Neale,2026,0.05614149570465088,32
Royce O'Neale,2027,-0.2626231834292412,33
Royce O'Neale,2028,0.021098189055919647,34
Royce O'Neale,2029,-0.05063115432858467,35
Rudy Gay,2024,0.1736530065536499,37
Rudy Gay,2025,-0.0123826265335083,38
Rudy Gay,2026,-0.14145681262016296,39
Rudy Gay,2027,-0.30727921923001605,40
Rudy Gay,2028,-0.3222130487362544,41
Rudy Gobert,2025,0.2986716628074646,32
Rudy Gobert,2026,0.09507519006729126,33
Rudy Gobert,2027,-0.16549444198608398,34
Rudy Gobert,2028,0.05340496699015299,35
Rudy Gobert,2029,-0.0012144694725672398,36
Rui Hachimura,2025,0.7191568613052368,26
Rui Hachimura,2026,1.056999683380127,27
Rui Hachimura,2027,0.9516817629337311,28
Rui Hachimura,2028,1.1613702476024628,29
Rui Hachimura,2029,1.080865815281868,30
Russell Westbrook,2025,-0.6048417091369629,36
Russell Westbrook,2026,-1.1216411590576172,37
Russell Westbrook,2027,-0.6483305096626282,38
Russell Westbrook,2028,-0.6652713020642599,39
Russell Westbrook,2029,-0.7431514660517374,40
Seth Curry,2025,0.2103687822818756,34
Seth Curry,2026,-0.3012920618057251,35
Seth Curry,2027,-0.5236941650509834,36
Seth Curry,2028,-0.7055726473530134,37
Seth Curry,2029,-0.6912257733444372,38
Shai Gilgeous-Alexander,2025,0.984008252620697,26
Shai Gilgeous-Alexander,2026,1.0572732090950012,27
Shai Gilgeous-Alexander,2027,1.1770276427268982,28
Shai Gilgeous-Alexander,2028,1.1754558682441711,29
Shai Gilgeous-Alexander,2029,1.1433220505714417,30
Shake Milton,2025,0.8345251083374023,28
Shake Milton,2026,0.4594080448150635,29
Shake Milton,2027,0.511306881904602,30
Shake Milton,2028,0.14168695608774823,31
Shake Milton,2029,0.12929991011818248,32
Spencer Dinwiddie,2025,-0.04151430353522301,31
Spencer Dinwiddie,2026,0.024928636848926544,32
Spencer Dinwiddie,2027,0.08000338915735483,33
Spencer Dinwiddie,2028,-0.30322978117813665,34
Spencer Dinwiddie,2029,-0.3471651348906259,35
Stanley Johnson,2024,0.12251894921064377,27
Stanley Johnson,2025,0.3907741978764534,28
Stanley Johnson,2026,0.4317648708820343,29
Stanley Johnson,2027,0.43509508172671,30
Stanley Johnson,2028,0.3056381394465764,31
Stephen Curry,2025,0.7462456822395325,36
Stephen Curry,2026,0.5350632071495056,37
Stephen Curry,2027,0.6106752157211304,38
Stephen Curry,2028,0.417438546816508,39
Stephen Curry,2029,0.38012831409772235,40
Steven Adams,2024,0.8990849256515503,30
Steven Adams,2025,0.29068565368652344,31
Steven Adams,2026,0.5757147371768951,32
Steven Adams,2027,0.4201243817806244,33
Steven Adams,2028,0.3711770251393318,34
Svi Mykhailiuk,2025,-0.24871094524860382,27
Svi Mykhailiuk,2026,-0.15234334766864777,28
Svi Mykhailiuk,2027,0.1700330264866352,29
Svi Mykhailiuk,2028,-0.08618095392982165,30
Svi Mykhailiuk,2029,-0.1600985595335563,31
T.J. McConnell,2025,-0.04842090606689453,32
T.J. McConnell,2026,0.2310490608215332,33
T.J. McConnell,2027,0.03480422496795654,34
T.J. McConnell,2028,0.12020615736643474,35
T.J. McConnell,2029,0.06854916115601857,36
T.J. Warren,2024,0.3522001802921295,30
T.J. Warren,2025,0.8239322602748871,31
T.J. Warren,2026,0.3200543522834778,32
T.J. Warren,2027,-0.5262809793154399,33
T.J. Warren,2028,-0.4692848746975263,34
Taj Gibson,2024,-0.028331834822893143,38
Taj Gibson,2025,-0.08084572479128838,39
Taj Gibson,2026,-0.9502292647957802,40
Taj Gibson,2027,-1.0294844234983127,41
Taj Gibson,2028,-0.9708413494129975,42
Taurean Prince,2025,-0.1113673746585846,30
Taurean Prince,2026,0.10811921954154968,31
Taurean Prince,2027,-0.35447855293750763,32
Taurean Prince,2028,-0.214937354127566,33
Taurean Prince,2029,-0.2678877537449201,34
Terance Mann,2025,1.1611703634262085,28
Terance Mann,2026,1.2074936628341675,29
Terance Mann,2027,1.2432594299316406,30
Terance Mann,2028,1.1653525829315186,31
Terance Mann,2029,1.1314896047115326,32
Terrence Ross,2024,-0.5695562362670898,32
Terrence Ross,2025,-1.099783182144165,33
Terrence Ross,2026,-0.8438752293586731,34
Terrence Ross,2027,-0.571705679098765,35
Terrence Ross,2028,-0.6580427487691244,36
Terry Rozier,2025,0.43216919898986816,30
Terry Rozier,2026,0.06676381826400757,31
Terry Rozier,2027,-0.22356384992599487,32
Terry Rozier,2028,0.13769976298014322,33
Terry Rozier,2029,0.03397156794865926,34
Thaddeus Young,2025,0.20549604296684265,36
Thaddeus Young,2026,-0.18484023213386536,37
Thaddeus Young,2027,-0.13251228630542755,38
Thaddeus Young,2028,-0.20477698743343353,39
Thaddeus Young,2029,-0.28485390171408653,40
Tim Hardaway Jr.,2025,0.11435890197753906,32
Tim Hardaway Jr.,2026,-0.4335184395313263,33
Tim Hardaway Jr.,2027,-0.2833271250128746,34
Tim Hardaway Jr.,2028,-0.3631618494788806,35
Tim Hardaway Jr.,2029,-0.4062175986667474,36
Tobias Harris,2025,0.4808040261268616,32
Tobias Harris,2026,-0.026598215103149414,33
Tobias Harris,2027,0.3806335777044296,34
Tobias Harris,2028,0.22282433013121286,35
Tobias Harris,2029,0.13663950314124426,36
Torrey Craig,2025,0.09869642555713654,34
Torrey Craig,2026,-0.3253251165151596,35
Torrey Craig,2027,-0.13274864852428436,36
Torrey Craig,2028,-0.334448183576266,37
Torrey Craig,2029,-0.3631866325934728,38
Trae Young,2025,0.979956328868866,26
Trae Young,2026,0.9506019949913025,27
Trae Young,2027,0.7632599174976349,28
Trae Young,2028,0.7214185496171316,29
Trae Young,2029,0.6921138415733973,30
Trey Lyles,2025,0.3251892626285553,29
Trey Lyles,2026,0.6088967025279999,30
Trey Lyles,2027,0.3691929131746292,31
Trey Lyles,2028,0.17024992406368256,32
Trey Lyles,2029,0.10366834327578545,33
Tristan Thompson,2025,0.44722914695739746,33
Tristan Thompson,2026,0.06638908386230469,34
Tristan Thompson,2027,0.2569117546081543,35
Tristan Thompson,2028,0.29678138097127277,36
Tristan Thompson,2029,0.22848537812630337,37
Troy Brown Jr.,2025,0.19357359409332275,25
Troy Brown Jr.,2026,0.6616910696029663,26
Troy Brown Jr.,2027,0.18709594011306763,27
Troy Brown Jr.,2028,-0.30941396951675415,28
Troy Brown Jr.,2029,-0.2954645976424217,29
Tyler Herro,2025,0.5619615912437439,25
Tyler Herro,2026,0.9345312714576721,26
Tyler Herro,2027,0.49711209535598755,27
Tyler Herro,2028,0.22904278834660846,28
Tyler Herro,2029,0.13547898704806965,29
Tyus Jones,2025,0.5104159116744995,28
Tyus Jones,2026,0.7348031997680664,29
Tyus Jones,2027,0.5760767161846161,30
Tyus Jones,2028,0.5278619031111399,31
Tyus Jones,2029,0.49060722192128503,32
Victor Oladipo,2024,0.9708935618400574,31
Victor Oladipo,2025,-0.3549889326095581,32
Victor Oladipo,2026,-0.283416323363781,33
Victor Oladipo,2027,-0.24812808384497959,34
Victor Oladipo,2028,-0.2637251081566016,35
Wendell Carter Jr.,2025,0.41027796268463135,25
Wendell Carter Jr.,2026,0.7462723255157471,26
Wendell Carter Jr.,2027,0.5063775479793549,27
Wendell Carter Jr.,2028,0.4913645088672638,28
Wendell Carter Jr.,2029,0.4274838864803314,29
Wesley Matthews,2025,-0.2605266869068146,38
Wesley Matthews,2026,-0.3464150130748749,39
Wesley Matthews,2027,-0.3157099485397339,40
Wesley Matthews,2028,-0.3138781785964966,41
Wesley Matthews,2029,-0.3576793596148491,42
Will Barton,2024,-0.2935654819011688,33
Will Barton,2025,-0.813257247209549,34
Will Barton,2026,-0.631936252117157,35
Will Barton,2027,-0.8240841825803121,36
Will Barton,2028,-0.8313845346371332,37
Willy Hernangomez,2024,-0.2158726453781128,29
Willy Hernangomez,2025,-0.10827237367630005,30
Willy Hernangomez,2026,-0.25626346468925476,31
Willy Hernangomez,2027,-0.3693378070990245,32
Willy Hernangomez,2028,-0.4312335749467214,33
Zach LaVine,2024,0.2717995345592499,28
Zach LaVine,2025,0.5540889203548431,29
Zach LaVine,2026,0.21231816709041595,30
Zach LaVine,2027,0.21296274165312448,31
Zach LaVine,2028,0.14815193166335425,32
