,Year_1,Year_2,Year_3,Year_4,Year_5
0,0.18597539,0.22221456,0.17162618,0.18326724,0.21563259
1,0.18921816,0.19486086,0.19583538,0.17681792,0.20615606
2,0.1624243,0.10247739,0.100337856,0.1434264,0.1623265
3,0.18758652,0.14907902,0.26470792,0.18207064,0.19386764
4,0.1954134,0.09481283,0.11231666,0.17646316,0.14776093
5,0.1889997,0.07124725,0.12013325,0.14458548,0.16204315
6,0.16632587,0.18883878,0.14237678,0.1619522,0.25422812
7,0.20622613,0.13855243,0.10386447,0.16235352,0.093965895
8,0.1870225,0.09036546,0.13304138,0.1802344,0.11660442
9,0.15322646,0.14064224,0.09216692,0.17412542,0.19699624
10,0.2870114,0.13095376,0.14643891,0.15462488,0.16421832
11,0.17617565,0.17153248,0.12874694,0.13280606,0.22734499
12,0.21877478,0.09279093,0.1202207,0.085001245,0.2197055
13,0.17752361,0.27748188,0.07151446,0.1825813,0.22928658
14,0.1627438,0.11222598,0.08724083,0.1776914,0.19827396
15,0.18390562,0.21821353,0.117344275,0.094639614,0.28295797
16,0.22199418,0.19328457,0.13586207,0.18691489,0.22300173
17,0.22636998,0.16717182,0.094105236,0.15312502,0.16459644
18,0.188133,0.15997215,0.112189814,0.15559722,0.1767344
19,0.18645336,0.23156871,0.1676715,0.23365624,0.17277063
20,0.20053162,0.23609142,0.059719138,0.2840991,0.18838486
21,0.22411188,0.18209802,0.095051825,0.18933064,0.19760148
22,0.22466329,0.14826295,0.12015183,0.16239822,0.200609
23,0.24432021,0.29241645,0.24556236,0.21066456,0.27076373
24,0.19986264,0.22853495,0.14226791,0.112570725,0.28505588
25,0.47114962,0.23512845,0.2766984,0.17296073,0.24569352
26,0.2256007,0.12836447,0.116873235,0.09216604,0.17199701
27,0.19684818,0.24173094,0.17650433,0.16287532,0.22578536
28,0.23747784,0.19190334,0.21483053,0.26002157,0.20439102
29,0.23286031,0.13356909,0.12296426,0.19826972,0.17727497
30,0.2002259,0.2114654,0.13568301,0.15466987,0.17891054
31,0.21861437,0.11786983,0.19082418,0.11268308,0.18795414
32,0.21305348,0.15234315,0.16871588,0.13094531,0.22274004
33,0.27468956,0.23262112,0.26361647,0.16529298,0.25149977
34,0.24958187,0.203028,0.13026056,0.2244706,0.20891497
35,0.25788495,0.18667862,0.112005696,0.12765178,0.14700004
36,0.22214471,0.103851914,0.05035503,0.117202014,0.2927402
37,0.25523508,0.15742533,0.21911879,0.23243815,0.20381953
38,0.20181863,0.14776485,0.18626088,0.11003338,0.17287542
39,0.26385376,0.23464315,0.2064741,0.109356605,0.34831622
40,0.17481042,0.1352782,0.17105977,0.106420875,0.12777771
41,0.2557331,0.21118675,0.21076728,0.18475994,0.27307224
42,0.38925868,0.30475995,0.27145898,0.2741635,0.25674182
43,0.18315372,0.07560171,0.09791283,0.14279196,0.15439469
44,0.18407881,0.1508674,0.12693495,0.16472918,0.19299357
45,0.19068015,0.24994345,0.14630656,0.18405752,0.20741071
46,0.21010794,0.10289978,0.1577321,0.21539514,0.14983918
47,0.14565803,0.14413595,0.2182126,0.15484631,0.20950511
48,0.2049317,0.20747103,0.19919899,0.21203794,0.20213105
49,0.18456948,0.18228263,0.17271729,0.16601971,0.22695482
50,0.20367165,0.06193644,0.08022551,0.13880828,0.21462631
51,0.40930724,0.3202868,0.24974187,0.26745033,0.243993
52,0.31185502,0.3168352,0.2565953,0.24336626,0.23958486
53,0.19958447,0.06521091,0.09949744,0.09500151,0.21461678
54,0.2117498,0.17805403,0.18736745,0.25372145,0.23856081
55,0.17145671,0.14576611,0.15297218,0.1873908,0.20588359
56,0.17339066,0.14761865,0.13101077,0.1390519,0.18187588
57,0.18679991,0.09810546,0.1701849,0.18882953,0.20340317
58,0.22266191,0.17551966,0.19234332,0.15553375,0.3092423
59,0.20650634,0.12447952,0.11590252,0.16707231,0.15659396
60,0.16120271,0.12556559,0.124420285,0.23378408,0.18187183
61,0.16100496,0.12277606,0.15453799,0.14511551,0.19588654
62,0.18153301,0.13432159,0.121193394,0.14527884,0.3441697
63,0.17735858,0.08926741,0.11784497,0.21214215,0.20792237
64,0.18052225,0.1110953,0.12910213,0.18251741,0.22687629
65,0.19817711,0.12162536,0.11872595,0.15677665,0.18247916
66,0.18367533,0.11401805,0.14930016,0.20387936,0.18014978
67,0.2603397,0.20631306,0.20646107,0.2020594,0.22020279
68,0.1861428,0.09142866,0.14244545,0.17732486,0.1847026
69,0.16834243,0.12627533,0.14847924,0.11770311,0.22244164
70,0.19649975,0.10396735,0.1311782,0.15346287,0.15736374
71,0.185511,0.12808211,0.11678224,0.16691248,0.1864915
72,0.17114995,0.058542676,0.09833559,0.17382242,0.20668752
73,0.31814745,0.24394883,0.26317218,0.229294,0.24290746
74,0.260324,0.104371235,0.201566,0.14433411,0.2036668
75,0.16515835,0.07185185,0.17526458,0.15272743,0.19711423
76,0.17249592,0.15529957,0.12057423,0.18116678,0.10495371
77,0.24783497,0.1844147,0.20499101,0.1387689,0.28647
78,0.21366209,0.1200229,0.18106797,0.18868263,0.19650911
79,0.19523096,0.04370153,0.07458408,0.18303744,0.21492438
80,0.17041864,0.04170297,0.1067419,0.18524274,0.17720065
81,0.2071778,0.0984596,0.18156126,0.104540065,0.19889325
82,0.21938874,0.09671123,0.1762315,0.104495145,0.15253466
83,0.1955947,0.142911,0.118517585,0.15716884,0.23419757
84,0.2505217,0.09525138,0.22745618,0.10387991,0.32958624
85,0.20574594,0.08497607,0.13698837,0.14711899,0.1847978
86,0.1797289,0.08189612,0.111146554,0.12942852,0.31377554
87,0.205427,0.17666005,0.120242424,0.23009075,0.24844398
88,0.18924269,0.1284379,0.1378303,0.15849096,0.21985963
89,0.20484483,0.15132408,0.1723761,0.22447835,0.1855287
90,0.17313556,0.10438812,0.1651476,0.16249512,0.16868733
91,0.2105217,0.082288034,0.26204702,0.24040143,0.2639453
92,0.18376642,0.057914604,0.1217073,0.15001823,0.21397564
93,0.18837741,0.052373804,0.22294196,0.08587613,0.18696831
94,0.21935,0.10276001,0.15699676,0.16998127,0.23509572
95,0.22965157,0.14091852,0.26003742,0.18421686,0.24510759
96,0.26815927,0.13462326,0.21156992,0.24106224,0.2670143
97,0.19143656,0.0882576,0.20310384,0.18259734,0.20959304
98,0.24877444,0.14009683,0.25899023,0.15956299,0.2605238
99,0.28363732,0.19867599,0.1857865,0.21468699,0.19910638
100,0.19712248,0.112134725,0.15016443,0.21675518,0.18101841
101,0.17527515,0.119677454,0.19341867,0.061367586,0.34594238
102,0.2416303,0.30109677,0.2898065,0.25141895,0.31301612
103,0.19348355,0.19137824,0.14394723,0.18018617,0.28035957
104,0.17306979,0.10670906,0.13412535,0.17764668,0.1772249
105,0.20648696,0.10940139,0.102587745,0.16331622,0.19986144
106,0.17888156,0.0233792,0.12564221,0.16868621,0.19203193
107,0.17815058,0.07398916,0.16381262,0.08860754,0.09162634
108,0.17264307,0.06921702,0.13609739,0.13503876,0.15957439
109,0.1676762,0.081699766,0.17962709,0.17320889,0.23484366
110,0.17847861,0.04082784,0.08557027,0.18060136,0.19306889
111,0.18258548,0.08812655,0.12842663,0.13085979,0.17960154
112,0.18259555,0.07487417,0.08754151,0.16672614,0.2858687
113,0.17585638,0.11486131,0.1973808,0.12955983,0.15576702
114,0.22704053,0.16287561,0.23141871,0.18129167,0.21903385
115,0.17286097,0.10520147,0.09441326,0.13971403,0.13950099
116,0.18604113,0.12689975,0.14950126,0.09806536,0.33178297
117,0.18521416,0.093322836,0.17067875,0.1340487,0.211341
118,0.19498254,0.053674135,0.22754346,0.2425676,0.22661088
119,0.20544532,0.02918499,0.12085102,0.21900786,0.21182424
120,0.17789578,0.14575286,0.13804847,0.17751756,0.159246
121,0.19212788,0.068731256,0.12297136,0.15188923,0.12343211
122,0.2115611,0.14212848,0.14831848,0.093691744,0.25993356
123,0.17825194,0.15202582,0.12283247,0.13157682,0.16637805
124,0.1764088,0.032934353,0.11591354,0.18927914,0.16330525
125,0.26553437,0.138171,0.15025043,0.14212616,0.20952626
126,0.16310456,0.05998549,0.15837744,0.18027247,0.14795376
127,0.18652171,0.12353953,0.12075331,0.16260254,0.22009434
128,0.18069667,0.07282184,0.15979193,0.20839615,0.09263305
129,0.18351252,0.105574526,0.115441285,0.17411041,0.17377827
130,0.22464593,0.096079186,0.17045131,0.17142662,0.16813007
131,0.18761924,0.026602797,0.11224223,0.17307492,0.16186993
132,0.23408638,0.11633682,0.19475463,0.2262304,0.23626904
133,0.1945093,0.07856583,0.14383003,0.20785254,0.19840235
134,0.17678364,0.028084502,0.13635597,0.13800459,0.19958374
135,0.17857684,0.07107312,0.16777699,0.20936804,0.22736828
136,0.22980025,0.103308156,0.13252239,0.16781354,0.18481746
137,0.189068,0.08562059,0.155855,0.16982745,0.1302573
138,0.17831291,0.10428822,0.10976487,0.11045181,0.16544975
139,0.18725239,0.107826844,0.112617925,0.13396585,0.18308999
140,0.17943318,0.08207526,0.121098965,0.25237304,0.19378945
141,0.18492255,0.11897592,0.09463817,0.113850966,0.19486216
142,0.16612525,0.044811733,0.16308896,0.16575715,0.18278827
143,0.20334607,0.1186956,0.11903472,0.1814075,0.17959666
144,0.17932074,0.11881293,0.03500654,0.1739139,0.17738837
145,0.16615547,0.038322583,0.13281876,0.20050631,0.15423231
146,0.18438773,0.08574069,0.1642048,0.18331668,0.20872955
147,0.18611324,0.12713352,0.14790128,0.12888817,0.24708357
148,0.24622911,0.015057726,0.14753194,0.1455166,0.17826682
149,0.18824832,0.09497175,0.13847972,0.14293687,0.13523303
150,0.30631188,0.16469586,0.19068962,0.1654088,0.19723424
151,0.19205594,0.044326335,0.16128564,0.17194021,0.20621875
152,0.19563992,0.10243365,0.11610718,0.20304969,0.1875919
153,0.20088616,0.07859391,0.14947382,0.14854614,0.17755522
154,0.31397715,0.17461678,0.20736474,0.16653343,0.2926854
155,0.19117868,0.16232805,0.1274984,0.1709439,0.3425295
156,0.19386606,0.044975303,0.1370032,0.2667252,0.23920754
157,0.17724523,-0.0007903036,0.08225298,0.15833631,0.16446863
158,0.19284722,0.0630849,0.12038895,0.2348065,0.20804703
159,0.20893188,0.059857253,0.15487573,0.1608535,0.18407924
160,0.16519235,0.09779173,0.14243276,0.15394312,0.17949502
161,0.19037233,0.044434246,0.084517285,0.15000811,0.19461022
162,0.17039397,0.045395203,0.13822885,0.1566396,0.20815535
163,0.18745522,0.032671228,0.19520701,0.13709494,0.09166243
164,0.18363242,0.06571144,0.14536148,0.20579164,0.18922003
165,0.18785827,0.055481307,0.20222406,0.19812594,0.21127856
166,0.22185807,0.09808504,0.13900676,0.10653686,0.1795655
167,0.17973588,0.03778108,0.13487975,0.16473408,0.23731549
168,0.23734644,0.105685346,0.2514444,0.1960458,0.23821628
169,0.18675642,0.019072697,0.18630981,0.12305647,0.2246971
170,0.1812688,0.089267455,0.11980358,0.16399124,0.17556089
171,0.20147596,0.052832853,0.198926,0.20633042,0.21051301
172,0.20095694,0.17771895,0.21005215,0.11677775,0.31579265
173,0.17416324,0.07349769,0.15351398,0.15049219,0.16026762
174,0.17239246,0.06693911,0.11212307,0.17441621,0.2367323
175,0.17110246,0.08117898,0.14716549,0.14841725,0.26632383
176,0.16470368,0.0731755,0.07785545,0.20898303,0.15082969
177,0.22198229,0.15967906,0.24262752,0.2687109,0.23779154
178,0.22887947,0.0673726,0.20207092,0.11781199,0.15280516
179,0.17481984,0.08737507,0.13973686,0.17545643,0.21684134
180,0.18578991,0.07565512,0.20801455,0.15508252,0.22699161
181,0.22503665,0.071005166,0.17950787,0.20913807,0.15035212
182,0.2616338,0.17776741,0.11955811,0.3599423,0.23755701
183,0.1862266,0.092659794,0.06277687,0.21236669,0.120707564
184,0.17287852,0.093378305,0.18989165,0.17442563,0.14166434
185,0.1808143,0.06188798,0.14635955,0.16296124,0.14395465
186,0.1618335,0.05205376,0.1388971,0.071499884,0.16437964
187,0.18499534,0.04671217,0.08459739,0.15811688,0.18299277
188,0.18953979,0.11180521,0.18925396,0.19142304,0.21332555
189,0.18254665,0.05394694,0.12193423,0.18296506,0.20487687
190,0.16802897,0.062444694,0.124003515,0.18666215,0.18134306
191,0.19043471,0.104191996,0.23948437,0.2493213,0.2425433
192,0.25627583,0.11284269,0.15569937,0.17438093,0.16691372
193,0.17750454,0.04913647,0.09527765,0.14719293,0.19303025
194,0.17071813,0.083653554,0.16019449,0.15336712,0.17336151
195,0.18741445,0.10748395,0.17389707,0.2103006,0.16434057
196,0.15790805,0.08141112,0.11476111,0.20307255,0.10683673
197,0.17482275,0.07519983,0.16054158,0.17373644,0.15931039
198,0.18675138,0.07639416,0.124218,0.17940705,0.18024427
199,0.3173,0.20402323,0.16746774,0.16424374,0.17065305
200,0.18024194,0.06144241,0.15202935,0.1381751,0.15186945
201,0.1872707,0.10096249,0.13301283,0.1683811,0.15505727
202,0.20380078,0.058983993,0.102851585,0.26456416,0.104268484
203,0.17686419,0.08776763,0.13829179,0.18262294,0.23776276
204,0.18447371,0.117326796,0.16602111,0.1723758,0.22831796
205,0.18803693,0.044323143,0.13202462,0.1948324,0.21998104
206,0.16188246,0.058086842,0.13432208,0.21851683,0.12725458
207,0.21287489,0.0858048,0.20729604,0.22458124,0.16769013
208,0.1961466,0.030097831,0.1592868,0.17026463,0.17544556
209,0.28681678,0.1301327,0.21907268,0.27622002,0.2376413
210,0.18599568,0.10247798,0.18954706,0.058072284,0.34823692
211,0.17918031,0.10395729,0.119555354,0.21667366,0.16203061
212,0.18200128,0.103101045,0.13159609,0.17977937,0.14938177
213,0.16800077,0.07989831,0.104656935,0.14834641,0.12688111
214,0.1591341,0.068771616,0.13932963,0.12341624,0.18694223
215,0.17558765,0.1770427,0.11580211,0.16801752,0.26975033
216,0.19600353,0.12491879,0.15400304,0.11188974,0.19033219
217,0.18107569,0.039096903,0.11281703,0.17182633,0.1675839
218,0.18776157,0.0882063,0.22191368,0.02967618,0.17920654
219,0.19287226,0.027076825,0.2098698,0.04182152,0.18046132
220,0.17467885,0.14830424,0.08991847,0.16596395,0.16929533
221,0.20332024,0.0603742,0.09769175,0.18438327,0.18695521
222,0.21269836,0.08713822,0.22754073,0.2894182,0.07885464
223,0.24764423,0.16216107,0.17691767,0.13703841,0.21886863
224,0.21326752,0.088562354,0.18800221,0.24365892,0.199349
225,0.18244308,0.08339602,0.12892582,0.12692438,0.1489201
226,0.16231738,0.04623872,0.12259639,0.1381203,0.15776816
227,0.17875361,0.06688663,0.17101799,0.24118009,0.17382047
228,0.1809608,0.021573253,0.09506418,0.09405376,0.15803328
229,0.19971098,0.05900486,0.14715864,0.13040806,0.23950526
230,0.2790726,0.053710226,0.17403421,0.14785694,0.17399326
231,0.17755094,-0.019488167,0.091693245,0.13102895,0.19038904
232,0.16133241,0.093296655,0.12363032,0.1911779,0.12492371
233,0.21474363,0.06608993,0.15060464,0.2064205,0.20909427
234,0.19757617,0.107933715,0.17733824,0.16126564,0.1273539
235,0.26149786,0.24783152,0.2698788,0.22850692,0.30501717
236,0.18639827,0.07360976,0.17343101,0.21174414,0.20839801
237,0.21801113,0.044403676,0.19413352,0.23023345,0.11953698
238,0.18823196,0.12561777,0.10377809,0.1970283,0.12499569
239,0.34772137,0.104735374,0.21590936,0.18081698,0.16654578
240,0.18564743,0.11749222,0.113189176,0.16275185,0.16091458
241,0.2449834,0.14390266,0.2046241,0.22441867,0.2602789
242,0.17283273,0.079739995,0.093840905,0.16868487,0.16392963
243,0.19053736,0.08156139,0.15241675,0.15818831,0.1762526
244,0.19912523,0.054490082,0.1642374,0.2382045,0.22857648
245,0.2958639,0.17125086,0.2603509,0.21389125,0.18508174
246,0.19990538,0.13920857,0.17502843,0.1848944,0.24105482
247,0.19659667,0.1338694,0.089015,0.1897268,0.26311573
248,0.17440347,0.066108406,0.16640529,0.18531977,0.18102081
249,0.19195563,0.11459758,0.13805684,0.19546849,0.16129057
250,0.16484429,0.06907404,0.14738923,0.17456606,0.14244212
251,0.21099353,0.060872253,0.14006013,0.15348974,0.15347888
252,0.22953774,0.1495092,0.2416653,0.2265894,0.23213308
253,0.203936,0.035272047,0.11469506,0.24698398,0.20341519
254,0.30566427,0.174448,0.26266444,0.23333175,0.15915483
255,0.18758284,0.07164391,0.15270917,0.18650381,0.20604825
256,0.2113336,0.10063375,0.11709057,0.16582178,0.27574956
257,0.24238202,0.1281622,0.272946,0.10683409,0.29251823
258,0.22332108,0.1221154,0.1267794,0.20133889,0.19372459
259,0.1926695,0.028714959,0.124954715,0.18063173,0.15152763
260,0.20318998,0.047198728,0.1164808,0.16256113,0.21576631
261,0.1961713,0.0970956,0.15067439,0.18679184,0.19994181
262,0.19308242,0.060135655,0.22635947,0.19830249,0.19269532
263,0.2139815,0.06252547,0.18961605,0.17033817,0.18478706
264,0.18678567,0.017831668,0.10874661,0.21448548,0.020045862
265,0.19841544,0.050828878,0.1560936,0.13747615,0.22465882
266,0.18444367,0.08229204,0.2390502,0.13635892,0.21169186
267,0.1812452,0.080981694,0.18039063,0.14271255,0.21944366
268,0.19434422,0.110687256,0.18603164,0.20455502,0.08430104
269,0.18351477,0.061317116,0.095693156,0.13710716,0.16630474
270,0.23519078,0.06790737,0.16777945,0.16769555,0.19707784
271,0.33784464,0.15640801,0.21932197,0.19217846,0.22189093
272,0.19224894,0.08638785,0.24280168,0.045425404,0.26187295
273,0.3049162,0.20231442,0.22186361,0.21330866,0.22723067
274,0.17086412,0.059915375,0.15361483,0.19675511,0.17776549
275,0.19290583,0.08891916,0.15880862,0.14169903,0.11382573
276,0.3647605,0.24006233,0.2564221,0.15186699,0.26752728
277,0.18724273,0.056735512,0.1700042,0.19665416,0.19084647
278,0.17922449,0.030310575,0.07593874,0.13622373,0.13936499
279,0.2564126,0.13692898,0.2061471,0.23596007,0.19488391
280,0.2075467,0.07525959,0.14581692,0.16871767,0.16559257
281,0.18171318,0.108621605,0.1066523,0.15181457,0.16314045
282,0.18795264,0.069092564,0.13535361,0.15905552,0.1412408
283,0.17716265,0.0726027,0.09606698,0.12077599,0.22233051
284,0.21110958,0.048115477,0.25242004,0.2546151,0.26863453
285,0.21029781,0.09340524,0.19518219,0.21386048,0.23661622
286,0.17852351,0.066270515,0.17586283,0.11797575,0.22625895
287,0.46840015,0.15295689,0.27731332,0.22346492,0.17833953
288,0.19541076,0.12528619,0.17894638,0.09180875,0.30323145
289,0.16846773,0.05075904,0.14375742,0.15083437,0.18346277
290,0.20479514,0.05660894,0.116482586,0.1756632,0.32814065
291,0.18845344,0.0640952,0.15961744,0.23837753,0.21472372
292,0.44030967,0.23903777,0.24826887,0.21508722,0.22012432
293,0.29259422,0.10328739,0.16606994,0.21762756,0.19786005
294,0.19962364,0.09872767,0.14048833,0.11347453,0.3241673
295,0.22624701,0.13717216,0.16636895,0.20101275,0.19863658
296,0.22529031,0.14152868,0.12851901,0.17208332,0.20544381
297,0.19005163,0.09138983,0.14201,0.19186342,0.17817666
298,0.2045419,0.13585907,0.2703065,0.22577208,0.23782723
299,0.17655355,0.09676734,0.1834688,0.11135827,0.040102635
300,0.2414727,0.02794737,0.15908676,0.16189691,0.16567089
301,0.1918201,0.076299086,0.19924106,0.16230202,0.19862773
302,0.17783354,0.07003589,0.117785096,0.26236838,0.2527449
303,0.19951488,0.12688015,0.07327867,0.18352759,0.1430407
304,0.17793283,0.09628229,0.16423611,0.19979364,0.17572533
305,0.18743265,0.07387363,0.11909255,0.15963192,0.16831256
306,0.17766424,0.07820259,0.12573314,0.15327835,0.19894755
307,0.20849769,0.13485885,0.21477924,0.22209927,0.2574458
308,0.18587452,0.09684455,0.16989043,0.2286408,0.16234192
309,0.21428375,0.042440616,0.10618277,0.15551583,0.15995616
310,0.1950511,0.10392946,0.15022632,0.1871874,0.27388033
311,0.18037485,0.04490601,0.095180824,0.1569581,0.19498682
312,0.17561534,0.063251115,0.1290757,0.13167788,0.19277106
313,0.23253578,0.16191848,0.30898315,0.3232555,0.21827027
314,0.20028606,0.031804997,0.124251164,0.24312066,0.095912725
315,0.19439302,0.1244122,0.19406158,0.17505464,0.24832527
316,0.18770488,0.0777651,0.15962988,0.16462293,0.26161155
317,0.17753112,0.063641936,0.22111559,0.18044017,0.24026284
318,0.17726862,0.08003568,0.13205755,0.16554506,0.19285426
319,0.22710635,0.068226,0.20460711,0.15403979,0.16412604
320,0.16092977,0.025491457,0.12127409,0.118238166,0.17197135
321,0.18521409,0.055781394,0.14160259,0.17631908,0.2358573
322,0.19620726,-0.026907537,0.15561733,0.16694714,0.20229901
323,0.17688143,0.067153096,0.14250767,0.1659517,0.18618228
324,0.21461885,0.10154511,0.23624873,0.21326067,0.2631048
325,0.2012744,0.043782875,0.16023949,0.15491538,0.23170777
326,0.18913972,0.07676596,0.20191681,0.13938236,0.2487074
327,0.20151919,0.055876695,0.24263622,0.09531338,0.17761196
328,0.18927467,0.14182879,0.14711195,0.15799077,0.1648126
329,0.18567637,0.037763495,0.1290887,0.1727471,0.23577125
330,0.16750039,0.08215643,0.1450172,0.1574989,0.1668706
331,0.20357275,0.07641645,0.13473246,0.15933415,0.23753534
332,0.17832927,0.0596894,0.09081493,0.17567265,0.28621545
333,0.19018555,0.07190465,0.1624097,0.16781533,0.23726462
334,0.18017766,0.06908308,0.16623652,0.16567281,0.19664769
335,0.1795764,0.04610093,0.099477805,0.30012098,0.21065606
336,0.20659353,0.07752956,0.1280501,0.1621505,0.20809098
337,0.16277394,0.07415158,0.12027391,0.1074922,0.17705832
338,0.19004987,0.05517132,0.15023775,0.18501243,0.15958546
339,0.18646412,0.12476712,0.1388657,0.18915567,0.20358709
340,0.18959214,0.076309435,0.105080865,0.07487111,0.29738364
341,0.16411574,0.042373866,0.10929062,0.12524761,0.207117
342,0.1802047,0.022245985,0.1763684,0.21266466,0.25851142
343,0.1676456,0.06334323,0.12393597,0.12492615,0.15026456
344,0.19543806,0.11874305,0.079948634,0.187242,0.20841874
345,0.18496141,0.06068408,0.101286426,0.18257755,0.17437388
346,0.20762298,0.07427221,0.16119437,0.09093215,0.2505538
347,0.17931597,0.05131426,0.15796074,0.19077228,0.07466338
348,0.25455174,0.029918808,0.22459841,0.23017351,0.21050419
349,0.19670707,0.055706598,0.19616732,0.13626546,0.22721282
350,0.34173548,0.1442095,0.15715204,0.14790064,0.15056038
351,0.19314569,0.118937336,0.15301849,0.20129113,0.17064372
352,0.18442531,0.13346507,0.12098138,0.20268065,0.15461995
353,0.1817239,0.1659824,0.13969061,0.12716915,0.20387618
354,0.2053953,0.111330494,0.14641234,0.16542538,0.18456
355,0.19628736,0.11450947,0.13731481,0.16509011,0.20010343
356,0.191707,0.068300515,0.14516643,0.18103349,0.19283772
357,0.1778984,0.041163996,0.12753282,0.15248556,0.2264552
358,0.17385006,0.05671129,0.18545863,0.099606976,0.19282165
359,0.20113689,0.16012983,0.2372426,0.20078911,0.25013012
360,0.18644956,0.044471808,0.08147324,0.13780539,0.12859407
361,0.18201762,0.06488829,0.15980141,0.15610522,0.23501779
362,0.18206148,0.078857005,0.13134637,0.13311325,0.17978005
363,0.18256965,0.091224544,0.09543528,0.14949372,0.15617257
364,0.18916026,0.10373638,0.15394768,0.16866697,0.1326545
365,0.18736993,0.07949715,0.22169384,0.19742604,0.23061952
366,0.18362208,0.10967497,0.11087964,0.19728555,0.17393982
367,0.5839363,0.23692429,0.21358912,0.2626194,0.2210336
368,0.20395288,0.23326215,0.157362,0.17697686,0.2777102
369,0.17958651,0.06137811,0.14167725,0.17615165,0.21308388
370,0.2007811,0.117906176,0.17839548,0.14256407,0.23655863
371,0.21304011,0.13068679,0.20353416,0.18168387,0.26086426
372,0.19828895,0.11382424,0.13069299,0.16955672,0.18704623
373,0.2338996,0.09838051,0.16702878,0.23162405,0.20432554
374,0.17556703,0.04799703,0.070376575,0.15501358,0.1843991
375,0.18431412,0.040484298,0.16422467,0.1554408,0.19218029
376,0.18778998,0.118316844,0.102864474,0.17233372,0.17050762
377,0.1820752,0.0748678,0.14460427,0.11030891,0.22698967
378,0.18623509,0.0895779,0.15590239,0.16012926,0.17564586
379,0.17204547,0.041711483,0.09887162,0.18610477,0.2192896
380,0.19104923,0.08971286,0.12736353,0.18122303,0.19796054
381,0.24803293,0.13611767,0.16565254,0.18474197,0.19652365
382,0.20258503,0.012242114,0.127973,0.18104202,0.1700818
383,0.17475165,0.05852614,0.15156159,0.17376606,0.14013647
384,0.17060652,0.06655362,0.13368292,0.19303752,0.13945715
385,0.18552601,0.080434464,0.19108403,0.18947823,0.23917219
386,0.18131933,0.08366048,0.17394048,0.18105306,0.22651401
387,0.20488061,0.089765534,0.14982773,0.1811793,0.20766236
388,0.20668578,0.046377163,0.23054883,0.18172283,0.18687202
389,0.1862613,0.06643189,0.15158351,0.19159374,0.22268112
390,0.17804524,0.056366615,0.18859962,0.15569153,0.16933458
391,0.1964421,0.06674125,0.23350129,0.20595254,0.12150202
392,0.19435911,0.11340336,0.1933495,0.16350095,0.23413165
393,0.2207857,0.20976382,0.18079758,0.22709014,0.27221704
394,0.19111586,0.06356612,0.14865191,0.08434122,0.11182665
395,0.23080099,0.07033482,0.19162732,0.2399026,0.24382415
396,0.17849128,0.03401907,0.17754653,0.15298809,0.12871365
397,0.19201611,0.1013755,0.17279255,0.20156962,0.21973173
398,0.18478237,0.07268292,0.22740217,0.15254775,0.2664859
399,0.18750536,0.005029702,0.106507294,0.16140105,0.2006941
400,0.19020472,0.018805385,0.20666473,0.17058142,0.101316504
401,0.18004493,0.06010445,0.15056053,0.18248266,0.21250434
402,0.18174282,0.052724928,0.15239568,0.16941802,0.093148366
403,0.17519958,0.0633077,0.13355982,0.17860493,0.21117906
404,0.19696403,0.07071269,0.1859575,0.19247341,0.20057476
405,0.1872442,0.032600462,0.19723347,0.17416461,0.093905345
406,0.28312233,0.05711773,0.26827034,0.12516476,0.1438413
407,0.18261154,0.06470053,0.2411404,0.09208122,0.21220973
408,0.17781812,0.012994078,0.14322086,0.17713301,0.21045671
409,0.21023433,0.10678666,0.14335948,0.17953098,0.16137369
410,0.18423718,0.1290625,0.118154906,0.03793789,0.36454013
411,0.26878995,0.12981738,0.18299632,0.2548181,0.23861843
412,0.21956706,0.13783576,0.17841183,0.16660577,0.17834944
413,0.19217536,0.050290573,0.26504788,0.20983027,0.26948616
414,0.20121047,0.09423083,0.18151075,0.14518978,0.34529346
415,0.18112892,0.23414864,0.10929367,0.23421948,0.24980904
416,0.1713218,0.049845815,0.06757303,0.19241564,0.21481459
417,0.23019023,0.108406484,0.23186491,0.24466157,0.2342688
418,0.21556447,0.019249938,0.14774023,0.13649629,0.16118936
419,0.19962929,0.08934564,0.17281899,0.20067906,0.18916717
420,0.18580976,0.12332988,0.16318303,0.18113607,0.21828148
421,0.18105353,0.1494466,0.15709072,0.16417293,0.22251563
422,0.48457947,0.13763264,0.226271,0.1749268,0.19082761
423,0.19164462,0.10730929,0.11509513,0.15813616,0.15295821
424,0.184417,0.07734755,0.13943735,0.16084339,0.17927611
425,0.22776039,0.07565223,0.17179343,0.21602894,0.21802312
426,0.17767364,-0.007800414,0.08869205,0.117875025,0.20270447
427,0.19688801,0.08724036,0.23486954,0.11342011,0.12215308
428,0.18562195,0.096901484,0.11244699,0.14752422,0.18833812
429,0.18268324,0.06543113,0.1932233,0.16065477,0.09149258
430,0.17621903,0.055629857,0.17995584,0.15217541,0.21430182
431,0.20083164,0.06432441,0.17306481,0.17870207,0.23850286
432,0.18959817,0.11251899,0.13358226,0.16375445,0.14343424
433,0.17529579,0.04135084,0.1506931,0.17419223,0.16994405
434,0.16161625,0.03856058,0.13153456,0.1971153,0.1192802
435,0.22330539,0.16008188,0.2180812,0.21117061,0.2790757
436,0.45836425,0.15959045,0.19038798,0.19056243,0.23452188
437,0.17320165,0.120841175,0.108423926,0.16046503,0.17589061
438,0.19945684,0.013994524,0.25463852,0.12952077,0.18597023
439,0.16790166,0.06672885,0.1487728,0.18703805,0.12545113
440,0.19664076,0.009400035,0.08410995,0.15571895,0.17584829
441,0.17971931,0.08311063,0.14335111,0.15330678,0.18680626
442,0.39527014,0.1750486,0.22278449,0.23488645,0.21375528
443,0.34833324,0.11086791,0.18292238,0.16773944,0.15033844
444,0.20173319,0.118663915,0.16621488,0.16472669,0.21033071
445,0.18053778,0.031041935,0.09501088,0.123723,0.16535749
446,0.18584563,0.040331937,0.23182188,0.21331845,0.14734596
447,0.19232962,0.12565044,0.05913153,0.19257364,0.17768057
448,0.3615542,0.14154856,0.15844646,0.14610946,0.17076334
449,0.18163393,0.07681334,0.105182976,0.13726383,0.21785621
450,0.18417943,0.15310347,0.096283026,0.12175613,0.14461172
451,0.18983221,0.09172623,0.12874915,0.115230344,0.1913009
452,0.19129029,0.0874381,0.1421583,0.22749445,0.19205448
453,0.18434447,0.0070122546,0.061082147,0.15649465,0.21698238
454,0.18482515,0.09081352,0.099761724,0.10945006,0.15535407
455,0.17059015,0.118970074,0.15484723,0.21614863,0.22877505
456,0.2845135,0.10021101,0.23182976,0.23810162,0.24933042
457,0.26805124,0.2321518,0.3450408,0.17944884,0.27163395
458,0.3459691,0.18732469,0.26295435,0.25789788,0.25001183
459,0.18677776,0.02493066,0.1129399,0.19050469,0.22929049
460,0.16797516,0.059812162,0.13630404,0.20066777,0.13024752
461,0.1921427,0.051460575,0.1254101,0.13853824,0.18827051
462,0.17740016,0.042405777,0.16491947,0.18403764,0.18937364
463,0.1671024,0.046051078,0.15602244,0.18233022,0.07780638
464,0.1769562,-0.0049482444,0.10113435,0.20827736,0.18538183
465,0.18191917,0.04797428,0.14680634,0.14770156,0.14718495
466,0.2600519,0.0620734,0.0889209,0.26284865,0.094109625
467,0.18023963,0.09843875,0.20865124,0.23835194,0.16568448
468,0.21994129,0.14012153,0.22511989,0.23164019,0.22826785
469,0.17356834,0.054190874,0.13215916,0.16947898,0.18094641
470,0.18207814,0.12497101,0.121532746,0.13721147,0.14230151
471,0.19274011,0.071047805,0.15504159,0.20830119,0.15797213
472,0.21710396,0.034895934,0.15535688,0.1506103,0.17270884
473,0.21218891,0.044255983,0.20770344,0.19640043,0.042197295
474,0.18506241,0.086989924,0.14337027,0.15892456,0.24893151
475,0.2911474,0.17322083,0.20630562,0.21047121,0.1767827
476,0.49076158,0.23475266,0.21373206,0.16087356,0.23787926
477,0.1871237,0.0398443,0.11369348,0.17848273,0.19375879
478,0.18599142,0.056760512,0.16507915,0.17602688,0.1906895
479,0.17850152,0.08407143,0.1472199,0.17118356,0.12377984
480,0.17374763,0.033181835,0.116078064,0.21767674,0.23388067
481,0.18786101,0.042668134,0.14235474,0.16575077,0.17332925
482,0.21441777,0.07049069,0.18590397,0.18513091,0.19434626
483,0.21287201,0.12619354,0.19140287,0.20350051,0.21727571
484,0.20806818,0.0784533,0.19533156,0.15839896,0.1759625
485,0.20505781,0.08025835,0.24464633,0.13346756,0.24733554
486,0.19754699,0.08623182,0.1293846,0.16643366,0.3351946
487,0.20165837,0.015646048,0.1625686,0.13346817,0.20380488
488,0.18997759,0.07651882,0.17998575,0.16636975,0.2522233
489,0.16513237,0.054195847,0.12645681,0.17557639,0.14727919
490,0.18755424,0.067915216,0.1860878,0.23415327,0.1561166
491,0.17874643,0.052477516,0.13442788,0.110600576,0.142184
492,0.1821424,0.10249798,0.12725659,0.061544348,0.30971688
493,0.18065165,0.075153105,0.08284252,0.15635055,0.16715749
494,0.17726319,0.08521357,0.10470822,0.20307903,0.17669362
495,0.18580058,0.06458579,0.17087606,0.06992493,0.36241245
496,0.36525664,0.21004993,0.19573832,0.1988749,0.27671728
497,0.1992657,0.0743916,0.16648594,0.2602557,0.21931483
498,0.21476534,0.08838748,0.19802181,0.18287726,0.23545837
499,0.19576837,0.06374813,0.18932615,0.19999251,0.21260051
500,0.19107302,0.118882336,0.10422803,0.1353535,0.1826982
501,0.1931551,0.113156326,0.04956397,0.10766624,0.088069394
502,0.18143511,0.08985,0.11669946,0.10704527,0.1595431
503,0.17335087,0.07041501,0.15135947,0.14481993,0.2101581
504,0.19258034,0.07630932,0.22243841,0.17810892,0.13356028
505,0.5975732,0.28513432,0.26001057,0.2242519,0.26347733
506,0.17437257,0.06671125,0.16435319,0.14910842,0.22213182
507,0.17550871,0.053124584,0.115129866,0.14408872,0.15350851
508,0.18409334,0.037708372,0.12098709,0.14808552,0.18778588
509,0.16897692,0.03552828,0.17933798,0.18568815,0.117492385
510,0.2188567,0.12631989,0.18108848,0.25532526,0.20985219
511,0.21549052,0.07490694,0.20075203,0.20948352,0.2202623
512,0.21951862,0.10827828,0.16181865,0.19016026,0.19052556
513,0.17573674,0.0065789083,0.12233453,0.19896045,0.18716791
514,0.18518096,0.09219648,0.115423076,0.09260227,0.20604423
515,0.17439929,0.038727056,0.15441051,0.16595589,0.21068878
516,0.3900217,0.13304219,0.20368981,0.16338973,0.16134048
517,0.1770471,0.01221476,0.16191348,0.134345,0.13862051
518,0.20489363,0.08129541,0.15783131,0.13872929,0.22317575
519,0.19213006,0.03237301,0.13825244,0.15721889,0.16799928
520,0.17891778,0.044822633,0.11836359,0.14188538,0.12090391
521,0.22582634,0.080411024,0.21465775,0.2000719,0.21296103
522,0.18449032,0.06982766,0.15820765,0.14990723,0.25613916
523,0.19486374,0.082498305,0.11785885,0.15816177,0.16455722
524,0.24305354,0.16086091,0.19943349,0.2198725,0.23301801
525,0.18482706,0.05473421,0.18341641,0.10815648,0.25489607
526,0.1862631,0.11004447,0.18261963,0.21242104,0.23478577
527,0.23051198,0.074403785,0.2234895,0.1533587,0.30794635
528,0.19687654,0.020122789,0.14178485,0.15276343,0.20404766
529,0.2004647,0.09281792,0.18948172,0.18744853,0.22616006
530,0.23712169,0.035010457,0.096440904,0.15361291,0.1810203
531,0.20126104,0.11807095,0.1278184,0.17023669,0.14701399
532,0.19256881,0.16006826,0.1311062,0.26944134,0.22845738
533,0.17676754,0.039865244,0.058418907,0.13150728,0.13982077
534,0.19776401,0.09117784,0.19264075,0.18461023,0.23399903
535,0.20388678,0.10195915,0.1796155,0.20467989,0.23969805
536,0.19632044,0.063439675,0.16984288,0.19989765,0.23359045
537,0.23420861,0.1154285,0.203969,0.17843114,0.20985685
538,0.18534076,0.0920666,0.13758361,0.15186326,0.22413316
539,0.19091207,0.08071129,0.2017281,0.16642384,0.18948796
540,0.20363946,0.0672865,0.1760253,0.16760616,0.27528214
541,0.2043274,0.101362444,0.23432526,0.20604329,0.19867212
542,0.17238764,0.077146895,0.12152811,0.17980239,0.21301123
543,0.19560003,0.102634095,0.16143164,0.16215351,0.23531218
544,0.2002715,0.121916704,0.15154622,0.18170144,0.32666984
545,0.25293374,0.11226858,0.15182142,0.13150206,0.19900627
546,0.18300906,0.038592655,0.063643925,0.16443692,0.3408317
547,0.18632153,0.13286859,0.15166469,0.11930148,0.23901118
548,0.18849728,0.09567035,0.0940919,0.17049813,0.18570021
549,0.21207443,0.061929375,0.16759107,0.19629303,0.20048195
550,0.2857975,0.10202091,0.23448108,0.17164567,0.21699941
551,0.20943251,0.0653809,0.21109621,0.09958142,0.32236803
552,0.19757801,0.09472852,0.13626009,0.1951134,0.16317618
553,0.18486923,0.10713076,0.15532787,0.12823054,0.06714509
554,0.19399756,0.122772925,0.068097256,0.262536,0.1739622
555,0.21590021,0.05914051,0.23838559,0.15375796,0.22115165
556,0.2549945,0.10512924,0.19861238,0.23524366,0.22316393
557,0.17491537,0.0397824,0.11486967,0.1248619,0.18210311
558,0.1844998,0.123213075,0.16247675,0.14316393,0.21975878
559,0.196614,0.056746434,0.19718798,0.19683966,0.21087763
560,0.28189495,0.17525953,0.23580995,0.1508575,0.28378916
561,0.31549147,0.21603477,0.26084387,0.12147637,0.28780255
562,0.41873953,0.2071778,0.21161763,0.22981767,0.17751163
563,0.1979063,0.095929824,0.10053101,0.30073482,0.111432366
564,0.18678118,0.08651382,0.11847205,0.1631741,0.1566366
565,0.19114181,0.012584074,0.12082441,0.18270832,0.22482134
566,0.20617701,0.12493161,0.14539482,0.23628886,0.22993536
567,0.21276163,0.1385141,0.18269254,0.19758706,0.19280577
568,0.21651877,0.07394904,0.12419556,0.19285512,0.20987202
569,0.20097354,0.14190651,0.12756783,0.17262183,0.17990851
570,0.22339083,0.04492687,0.19122094,0.23745812,0.22810155
571,0.21951392,0.13106492,0.13149075,0.1449263,0.20472212
572,0.18903743,0.02549193,0.17954244,0.22701812,0.16220792
573,0.1751097,0.06136795,0.14468923,0.12818235,0.16258247
574,0.20541114,0.10020615,0.17647293,0.21749921,0.18829232
575,0.18126656,-0.009249902,0.10168009,0.16823067,0.22431973
576,0.19054328,0.042209998,0.20955534,0.18834022,0.25627798
577,0.1925284,0.10486343,0.07090763,0.14457746,0.28089595
578,0.1809976,0.12139797,0.09238026,0.13709153,0.14788136
579,0.20427778,0.120859034,0.17059232,0.18276058,0.22706437
580,0.18989156,0.04766718,0.22134614,0.14342397,0.17309849
581,0.22483066,0.10106186,0.21013638,0.22406082,0.25670105
582,0.34228745,0.18495427,0.28726432,0.25199547,0.2724528
583,0.36050272,0.16512778,0.21317132,0.2076559,0.17330484
584,0.19574663,0.043745153,0.08608517,0.14651325,0.2491945
585,0.2186817,0.115239635,0.1924847,0.17582114,0.15939611
586,0.18509623,0.1415243,0.05515142,0.2110152,0.2218364
587,0.23667093,0.1364449,0.052911952,0.17517483,0.2196016
588,0.18760253,0.113841794,0.21657161,0.20923044,0.24763586
589,0.17741603,0.038087767,0.1614258,0.07622302,0.16576755
590,0.18578531,0.045076493,0.14991589,0.15853997,0.21682324
591,0.18106805,0.070550404,0.093343355,0.08991929,0.15343447
592,0.20133725,0.07794706,0.22838205,0.1782418,0.25344756
593,0.18378814,0.020083653,0.103730366,0.22540781,0.11281871
594,0.18518908,0.07989775,0.18038784,0.15193391,0.16695039
595,0.23418838,0.12917912,0.1248074,0.1700519,0.18032867
596,0.17862067,0.0018729363,0.18302868,0.04263368,0.18846005
597,0.2177503,0.08626387,0.213711,0.1353302,0.32219613
598,0.20523597,0.11730227,0.14763762,0.1416376,0.20390561
599,0.19980855,0.2514214,0.22370951,0.21813485,0.239254
600,0.18577948,0.0674446,0.16648759,0.16324511,0.19330348
601,0.20125835,0.010735005,0.13372259,0.15368252,0.18510014
602,0.19432361,0.062829725,0.1518788,0.21668655,0.18482815
603,0.37929663,0.23254643,0.26884302,0.25131172,0.21596922
604,0.18630266,0.036616314,0.15678166,0.11795401,0.11338974
605,0.18739767,0.043379664,0.1463243,0.17570555,0.14340347
606,0.22021627,0.07492353,0.16924787,0.19710994,0.21455242
607,0.19178827,0.1487445,0.019870915,0.13705456,0.19142783
608,0.20836286,0.09461073,0.17250863,0.2205454,0.18867083
609,0.19172327,0.03469153,0.108442865,0.12927422,0.14168695
610,0.21969326,0.08654753,0.20352335,0.16126968,0.2900075
611,0.18272741,0.11425433,0.111020304,0.14856198,0.13239038
612,0.3555009,0.16327253,0.20297174,0.22994296,0.13245451
613,0.2000462,0.17433184,0.22520502,0.18679424,0.27950966
614,0.18871406,0.051510084,0.18622972,0.086749785,0.25586143
615,0.19954133,0.12747513,0.21493272,0.139084,0.23390986
616,0.20105901,0.070500836,0.21629108,0.14112443,0.14204161
617,0.19324325,0.031653002,0.1498922,0.13530526,0.12136242
618,0.19181949,0.07199748,0.15989366,0.09841177,0.2954126
619,0.17620625,0.101159096,0.12744872,0.16803345,0.19148403
620,0.19960895,0.084021315,0.21345864,0.2005501,0.21771225
621,0.18402101,0.13163497,0.13928398,0.2033136,0.18689722
622,0.19067241,0.13347524,0.15416233,0.14803356,0.22237682
623,0.21073775,0.019754292,0.18978138,0.26369622,0.17629813
624,0.22273223,0.03894143,0.20905529,0.20500179,0.22616176
625,0.20836286,0.07207073,0.16999415,0.14446741,0.17480172
626,0.19930269,0.09299991,0.1979993,0.17376804,0.20215869
627,0.3241423,0.14554808,0.19027919,0.21649353,0.21647595
628,0.18575972,0.06412575,0.13465153,0.22269142,0.2572254
629,0.1926143,0.046446458,0.1649699,0.19809218,0.22027867
630,0.40305507,0.2152751,0.13773899,0.17968512,0.21669051
631,0.18138057,0.03916919,0.13827305,0.18284328,0.1955258
632,0.1942923,0.035274345,0.10682025,0.24105637,0.14848165
633,0.19218886,0.026144981,0.18823041,0.19530152,0.174167
634,0.20127901,0.08721128,0.12016113,0.16227704,0.19202934
635,0.19533505,0.013537415,0.061898027,0.1587281,0.28734416
636,0.20172955,0.10001705,0.18399787,0.22102113,0.20202783
637,0.27896434,0.07762,0.14776102,0.13753611,0.20013931
638,0.19094133,0.030671772,0.16770747,0.20137735,0.15636271
639,0.17345572,0.05465442,0.1601085,0.1648238,0.23509553
640,0.18346903,0.092056744,0.17546752,0.16741838,0.21165848
641,0.18050201,0.052898683,0.10733424,0.16140433,0.1856
642,0.19981958,0.07158231,0.2141062,0.04480465,0.1994805
643,0.18153076,0.05502084,0.10018262,0.31027976,0.23734416
644,0.20754854,0.110887885,0.17026205,0.12554722,0.22519155
645,0.18360671,0.04558991,0.12161747,0.15797193,0.21584815
646,0.64857787,0.17285006,0.1967883,0.16023244,0.14814368
647,0.19028081,0.101977356,0.10225593,0.13015543,0.20650731
648,0.21434872,0.12217937,0.13024215,0.17011687,0.21747902
649,0.22409333,0.14081721,0.08941968,0.20323122,0.23914655
650,0.18177664,0.0703284,0.08575939,0.14937976,0.32847008
651,0.1970474,0.075952575,0.117242865,0.15535481,0.22249572
652,0.19970551,0.11569162,0.13058342,0.26398224,0.22299889
653,0.19852921,0.011012479,0.22093916,0.084862545,0.21867085
654,0.19116563,0.0437965,0.10149555,0.17954983,0.16012008
655,0.22964132,0.071125664,0.15421645,0.1283121,0.19041993
656,0.17378308,0.052361906,0.16250429,0.19283009,0.17625412
657,0.19820204,0.16249639,0.13434833,0.152752,0.24187633
658,0.24067241,0.12581176,0.21904734,0.21847618,0.19266303
659,0.17433912,0.05163397,0.13146518,0.14888422,0.15644787
660,0.18947227,0.04494883,0.1640462,0.15902624,0.19467223
661,0.21252815,0.1275391,0.110643715,0.1949476,0.23348449
662,0.18197572,0.038945477,0.10965853,0.13650328,0.2555673
663,0.18476765,0.084908396,0.1817568,0.1395816,0.26315978
664,0.18283486,0.096824385,0.14270504,0.18695693,0.20664005
665,0.20197734,0.0033933436,0.12718666,0.16965443,0.2132307
666,0.2351903,0.1367059,0.23846202,0.23290147,0.23825924
667,0.19404109,0.0621384,0.18057208,0.10211933,0.28797406
668,0.17879371,0.06628564,0.11534438,0.17413588,0.19139484
669,0.22240075,0.0521678,0.15133679,0.11972937,0.19794968
670,0.1906374,0.06462021,0.19183865,0.18451194,0.25896397
671,0.18438725,0.068998724,0.11856793,0.24918662,0.236164
672,0.18967965,0.009280178,0.1585315,0.12639168,0.19278535
673,0.20397057,0.04137816,0.15560989,0.17391075,0.24783218
674,0.18891528,0.09648315,0.11356476,0.0861224,0.32097614
675,0.17979093,0.0335498,0.14845198,0.17646156,0.17618565
676,0.17807788,0.043230254,0.10913589,0.18992198,0.17183772
677,0.18947363,0.043585148,0.14658095,0.15111688,0.21661143
678,0.17141652,0.060587548,0.15722522,0.11910942,0.14870201
679,0.1922875,0.03581541,0.16425264,0.16028477,0.14874505
680,0.18226057,0.0772107,0.10286903,0.118820034,0.20306315
681,0.18672623,0.042616744,0.21041493,0.22520156,0.1921678
682,0.20013429,0.108716786,0.22103047,0.14932457,0.19754173
683,0.18791674,0.051042028,0.14155355,0.19285162,0.16216093
684,0.1911444,0.048441302,0.15502001,0.1396411,0.21734247
685,0.18864238,0.11909017,0.13883656,0.21852838,0.17306358
686,0.20500447,0.10692302,0.21113408,0.19441414,0.16530178
687,0.1929614,0.084034845,0.16803865,0.14785837,0.19605236
688,0.19196239,0.070218734,0.20263241,0.14964847,0.21235435
689,0.22045067,0.10730701,0.12725025,0.23768872,0.20102273
690,0.19198143,0.12020871,0.12654728,0.10651921,0.1546418
691,0.1940256,0.06322094,0.12355784,0.12220334,0.122413255
692,0.18171212,0.05095823,0.15343642,0.194661,0.2032382
693,0.17649825,0.054980878,0.16059561,0.18465725,0.15915756
694,0.184335,0.03745044,0.14683637,0.15256311,0.23119497
695,0.18213454,0.04703451,0.11709875,0.14003728,0.1922333
696,0.17823796,0.050481293,0.08849162,0.15381348,0.14908177
697,0.18153332,0.105588295,0.11540416,0.11579647,0.15901192
698,0.18563576,0.058328975,0.14483038,0.22927834,0.0987476
699,0.17528594,0.03468286,0.11935108,0.15712239,0.23804747
700,0.22002855,0.13956504,0.08358542,0.14988102,0.14426206
701,0.18434982,0.12773998,0.12103398,0.20866205,0.12860322
702,0.24634285,0.11777239,0.24187785,0.21960013,0.20966725
703,0.17630874,0.04748552,0.15244228,0.15660952,0.14007816
704,0.18432617,0.09487254,0.16005492,0.17445305,0.13968444
705,0.19886762,0.01143669,0.136842,0.119219325,0.1926704
706,0.21119732,0.055343043,0.1131937,0.21330263,0.24972478
707,0.18966997,0.04388571,0.22282231,0.18266313,0.116193466
708,0.17251778,0.051825345,0.10848736,0.1403502,0.14612363
709,0.18075319,0.041433696,0.1356895,0.16030958,0.16517866
710,0.18934502,0.08518991,0.14170487,0.13557762,0.21651979
711,0.19102809,0.11139157,0.17665951,0.1457304,0.32322344
712,0.18081097,0.04666145,0.12229562,0.15429683,0.21233085
713,0.2520225,0.21423712,0.14762715,0.18880762,0.23622523
714,0.19610779,0.19642027,0.23926929,0.2168968,0.30393437
715,0.18219863,0.05985275,0.28940943,0.116303556,0.1411218
716,0.22021943,0.062655106,0.20555559,0.1510253,0.23708521
717,0.17766856,0.05736808,0.17012933,0.2261715,0.17956458
718,0.19910227,0.10532173,0.075268835,0.23226659,0.22192286
719,0.25077975,0.14508261,0.20355688,0.20257983,0.1905911
720,0.19466977,0.02820827,0.12077006,0.16228724,0.19153498
721,0.25570175,0.077196695,0.118180275,0.14126891,0.14723524
722,0.18491687,0.11062004,0.092536986,0.15961286,0.11016035
723,0.20757489,0.036761135,0.066993676,0.21838713,0.16982757
724,0.1849864,0.09749891,0.09987407,0.14296833,0.114065
725,0.17612456,0.13624267,0.053144306,0.19098966,0.23732091
726,0.1838674,0.103474624,0.11038362,0.15293495,0.16836089
727,0.18838653,0.028910477,0.1787893,0.1360935,0.19609874
728,0.19249584,-0.021356445,0.14308704,0.18201654,0.17818333
729,0.17659852,0.040150795,0.11351346,0.17413373,0.24972883
730,0.24226911,0.09241284,0.24448049,0.21961609,0.11715873
731,0.18025869,0.06882421,0.1280149,0.15619445,0.21627122
732,0.18913002,0.011809954,0.14162686,0.18942705,0.19083965
733,0.18175386,0.0856849,0.1554131,0.110639684,0.2026841
734,0.18725303,0.0961827,0.21677278,0.18074249,0.27602315
735,0.21077873,0.11787648,0.25499105,0.19948032,0.2733429
736,0.2105505,0.15760554,0.16495474,0.25812703,0.19981581
737,0.19221056,0.01274379,0.13637067,0.10865666,0.2080387
738,0.19343393,0.10694508,0.2215878,0.19805224,0.30077693
739,0.21815194,0.06555297,0.13099205,0.18095155,0.18671289
740,0.19155177,0.091774404,0.21189837,0.17360559,0.24138571
741,0.20509253,0.021784157,0.1335548,0.16256173,0.16447589
742,0.18695673,-0.0018498022,0.10706586,0.15983903,0.17536299
743,0.2000671,0.05535783,0.20248212,0.15364712,0.25776857
744,0.22088678,0.07415987,0.16533747,0.22382002,0.14022604
745,0.18842721,0.09900212,0.15911618,0.2045109,0.18572877
746,0.25795782,0.17999007,0.225046,0.22723882,0.24303438
747,0.20692946,0.08607155,0.1218493,0.15649608,0.19559632
748,0.19209315,0.14847226,0.13997616,0.13145632,0.24160431
749,0.18814038,0.05712137,0.12501632,0.19921061,0.20589955
750,0.2431745,0.10587965,0.18006513,0.19893667,0.25337347
751,0.17679583,0.06385827,0.13510971,0.144399,0.15483546
752,0.20537595,0.07156219,0.121347375,0.2273852,0.12295557
753,0.18886034,0.057295274,0.17479794,0.18769337,0.23065351
754,0.1777216,0.04368388,0.0886535,0.16020247,0.17996973
755,0.23831874,0.068997465,0.21863756,0.23264259,0.235097
756,0.29211372,0.07957706,0.3053765,0.22133563,0.20545791
757,0.17545623,0.07107646,0.12624787,0.15646994,0.16969559
758,0.19436394,0.01701656,0.22251198,0.06622244,0.19265921
759,0.18196811,0.14449011,0.15520543,0.14656086,0.2025535
760,0.21326663,0.10289041,0.16525978,0.18097666,0.22622326
761,0.19164605,0.08736651,0.10815658,0.14601445,0.16213131
762,0.19392648,0.11087804,0.16692987,0.2042418,0.18687278
763,0.6676475,0.23214285,0.21079825,0.23032707,0.20872311
764,0.2536906,0.097904794,0.20506105,0.17804617,0.20872316
765,0.1970503,0.09519338,0.22043797,0.18754742,0.27227977
766,0.2308091,0.13651092,0.1898031,0.2267624,0.20990023
767,0.20176652,0.09347142,0.17663155,0.21021226,0.20320319
768,0.19642168,0.092387326,0.23267695,0.1826121,0.14319606
769,0.19041641,0.024745837,0.118837334,0.160694,0.2063235
770,0.18987511,0.07779478,0.1764942,0.13437533,0.24843512
771,0.21920504,0.12755123,0.1827754,0.14382383,0.22170012
772,0.21654785,0.09488432,0.13406865,0.21787636,0.23204462
773,0.17796844,0.04496009,0.14424193,0.16283733,0.15195534
774,0.1811073,0.078430265,0.1422066,0.17714083,0.24413213
775,0.21740006,0.07167618,0.1976853,0.15301421,0.0526293
776,0.20786195,0.06512763,0.22604862,0.1648813,0.23349744
777,0.1764471,0.060841016,0.11112752,0.17051151,0.12907667
778,0.17506629,0.026585292,0.10938337,0.16432276,0.19214974
779,0.2606693,0.18519111,0.18747973,0.11880165,0.29397008
780,0.18043168,0.063996054,0.20504759,0.15344164,0.23680069
781,0.17537649,0.06494671,0.10857591,0.19662346,0.14078525
782,0.20114572,0.11273096,0.12299274,0.19686854,0.23782177
783,0.18805653,0.016365066,0.076433636,0.12004633,0.116244555
784,0.28365633,0.15971512,0.24205098,0.2225289,0.21992932
785,0.18901175,0.15072499,0.08579443,0.12733243,0.17535067
786,0.17799546,0.07926797,0.12765376,0.1669682,0.19064654
787,0.18656377,0.06956038,0.09856329,0.14935073,0.17385492
788,0.18385325,0.051933274,0.15120398,0.14986949,0.20499235
789,0.1888849,0.12617351,0.098036736,0.15589239,0.22589079
790,0.17733827,0.16232134,-0.0048649088,0.14724033,0.281403
791,0.22289495,0.1261157,0.18645781,0.14379212,0.25834754
792,0.29033473,0.061507456,0.24568704,0.12908602,0.13750641
793,0.1792006,0.09221364,0.14811417,0.18651661,0.14961562
794,0.18411155,0.11019422,0.122231185,0.10573876,0.218795
795,0.21900727,0.038292684,0.086776346,0.2097714,0.11619231
796,0.21657805,0.10535201,0.13250904,0.14840367,0.18120822
797,0.20902914,0.09658102,0.16244368,0.22998093,0.19199951
798,0.18425839,0.04551846,0.15066814,0.1740386,0.20004643
799,0.1726329,0.05419003,0.13586955,0.15323384,0.23523454
800,0.19618091,0.11663494,0.117511876,0.13926691,0.17475414
801,0.1888392,0.07410467,0.17508538,0.13134135,0.22443336
802,0.19226,0.07864614,0.09090087,0.21460699,0.1762499
803,0.17537211,0.09028385,0.11892821,0.26971474,0.13136673
804,0.22954053,0.13147405,0.20936431,0.27404353,0.20166126
805,0.18372059,0.11837133,0.16245537,0.29296893,0.19253318
806,0.18994075,0.03764236,0.16872811,0.13882615,0.22191747
807,0.1810136,0.08647551,0.15607353,0.15522379,0.21287169
808,0.19353598,0.013699861,0.074182,0.1414019,0.17823212
809,0.19438727,0.035517283,0.14235236,0.14033486,0.19544949
810,0.18506962,-0.004381533,0.114480995,0.1438384,0.19425996
811,0.18096769,0.10606176,0.13215332,0.124123566,0.19231342
812,0.20849389,0.03179248,0.22529285,0.22895037,0.19094703
813,0.19425207,0.04855522,0.12765758,0.23404548,0.098118365
814,0.20949523,0.18006226,0.18621154,0.2121166,0.24543136
815,0.18463273,0.054443527,0.13321394,0.19611718,0.18609682
816,0.21864605,0.08038791,0.125811,0.16397385,0.11520149
817,0.18859272,0.032646026,0.09757512,0.10536715,0.22009373
818,0.19679682,0.072321326,0.19853625,0.16813941,0.18182231
819,0.1869484,0.035775915,0.09756711,0.094549485,0.23304184
820,0.18475029,0.15095882,0.06555928,0.1454969,0.14656541
821,0.1824286,0.07107537,0.15661816,0.18374205,0.15918384
822,0.18069078,0.085807025,0.04343978,0.18337663,0.25132024
823,0.24845907,0.117621124,0.20286153,0.23206194,0.2176735
824,0.1847624,0.0644845,0.19608608,0.15345316,0.25360397
825,0.1786633,0.10788085,0.09082213,0.111628294,0.15094095
826,0.1830999,0.06525966,0.12753648,0.19304684,0.17032918
827,0.20858745,-0.004586313,0.11012829,0.19605519,0.1831188
828,0.19224742,0.048132878,0.13942038,0.15140362,0.193517
829,0.18644565,0.073407054,0.15594754,0.17245355,0.1627455
830,0.19517875,0.027479436,0.11428113,0.15626326,0.1944694
831,0.21044366,0.10604541,0.16333304,0.16105038,0.15751094
832,0.19977781,0.095377244,0.1585481,0.14933065,0.21357362
833,0.18870032,0.0084763225,0.1496872,0.15777741,0.17548893
834,0.26588148,0.14389734,0.27073535,0.16924335,0.3297594
835,0.17505826,0.07952163,0.12172898,0.099662624,0.21423449
836,0.1959359,0.03280313,0.17097795,0.20275797,0.21855305
837,0.19553755,0.006371934,0.17693588,0.18912166,0.16446875
838,0.20383593,0.06791027,0.19203676,0.21316549,0.22407265
839,0.18205766,0.10075763,0.15315163,0.10341147,0.26641548
840,0.18557002,0.11450383,0.1698344,0.17685927,0.16515616
841,0.18740147,0.020934097,0.15266436,0.1677315,0.17430276
842,0.18539387,0.028999504,0.13613275,0.1676092,0.23441425
843,0.18655694,0.08148176,0.16628776,0.1692816,0.19018187
844,0.2049004,0.06384121,0.13070136,0.15880209,0.37988618
845,0.19495094,0.03793739,0.17993563,0.19981919,0.26145232
846,0.19775303,0.007914781,0.2323541,0.206305,0.09723476
847,0.2144461,0.119879924,0.18679574,0.12976272,0.3183272
848,0.21912123,0.06643289,0.2748067,0.24417534,0.23438947
849,0.18799168,0.05322646,0.060527116,0.124798365,0.27324224
850,0.20010245,0.052407824,0.16542444,0.186018,0.1569516
851,0.18417008,0.08070173,0.16388312,0.20369406,0.23460193
852,0.18311407,0.03753428,0.19765684,0.14766474,0.16822955
853,0.20802909,0.11434842,0.10915577,0.15474793,0.12112181
854,0.2409847,0.049912848,0.15164842,0.27181768,0.19640058
855,0.2360912,0.089777954,0.23321837,0.19701934,0.26907584
856,0.17783037,0.10627044,0.09970199,0.16881649,0.19085269
857,0.28352106,0.20495339,0.2198898,0.27133313,0.2508792
858,0.2049784,0.08504495,0.16761054,0.17939802,0.18217108
859,0.20682201,0.036336903,0.15733258,0.18672024,0.17690153
860,0.21054687,0.10746036,0.14860804,0.16893065,0.3033639
861,0.18522756,0.041677613,0.16541569,0.15802789,0.11626413
862,0.1828431,0.083419316,0.12168423,0.1893824,0.1781531
863,0.17786528,0.09169765,0.11524674,0.14833447,0.15111521
864,0.2094953,0.15727803,0.18103182,0.218039,0.19615084
865,0.20623262,0.052597277,0.15998286,0.16674289,0.14142974
866,0.19904749,0.068347536,0.15654984,0.17187779,0.21592987
867,0.17725106,0.034211688,0.117308445,0.11587179,0.12088108
868,0.19860853,0.08600631,0.1306802,0.14576381,0.19702542
869,0.19215561,0.05664544,0.16894288,0.14823559,0.23112556
870,0.19107525,0.079216726,0.21511567,0.19093502,0.24174011
871,0.18865822,0.051862743,0.15782018,0.18026929,0.20292647
872,0.1878022,0.04217824,0.20150246,0.1568368,0.07181225
873,0.1862849,0.07072896,0.14613055,0.1999169,0.22354278
874,0.19659112,0.03264101,0.13781834,0.1528526,0.1707826
875,0.18539616,0.045934543,0.16358222,0.17896576,0.1666597
876,0.1852603,0.096208,0.09997053,0.14160003,0.17262116
877,0.26565975,0.08475746,0.18772954,0.18624969,0.19537409
878,0.17428003,0.04768802,0.12603727,0.14285812,0.16330631
879,0.19680732,0.020649482,0.10820564,0.1450872,0.18403934
880,0.17981635,0.09253946,0.13022344,0.28895614,0.1145699
881,0.19021533,0.086518615,0.17911744,0.16123144,0.22363418
882,0.19516088,0.015189445,0.16617355,0.15323323,0.21302976
883,0.18126704,0.106608145,0.13386352,0.20825404,0.1443651
884,0.19507667,0.08424891,0.14328007,0.11757099,0.2592343
885,0.21366467,0.032783773,0.15017529,0.14552037,0.2229153
886,0.6339938,0.16735926,0.24641892,0.2154564,0.15323848
887,0.18675049,0.091009595,0.15920784,0.19557863,0.22125822
888,0.19602197,0.011260975,0.16108465,0.1489836,0.21472944
889,0.1812851,0.038989488,0.10125515,0.20850858,0.18430969
890,0.1950397,0.117636815,0.15207672,0.12352835,0.1744857
891,0.19971883,0.026912898,0.15284267,0.1461109,0.22999871
892,0.20498537,0.04380459,0.2289524,0.24148656,0.22924817
893,0.19743472,0.1154471,0.17069887,0.16425033,0.26012906
894,0.19164194,0.080031246,0.20841251,0.23166321,0.198995
895,0.1816995,0.032007962,0.0954966,0.18107082,0.14247058
896,0.18398772,0.08961238,0.18327929,0.14544502,0.254249
897,0.18232718,0.0068902066,0.11741314,0.1845027,0.10714177
898,0.19036864,0.07054015,0.23537013,0.18576366,0.15466422
899,0.19336595,0.09722754,0.14890917,0.24069387,0.111433074
900,0.1859585,0.07709267,0.12175733,0.2138487,0.16424598
901,0.18954645,0.009590839,0.1270035,0.16632918,0.17217682
902,0.18293433,0.1371471,0.04979442,0.14860363,0.25620416
903,0.18122073,0.033647224,0.13767776,0.14741129,0.13928875
904,0.1946482,0.039088514,0.21112245,0.15403649,0.26356322
905,0.20071417,0.057847667,0.19135544,0.119575255,0.20451586
906,0.21373364,0.06963427,0.13191506,0.20077814,0.19625984
907,0.18073833,0.041275986,0.13867687,0.1809586,0.09603535
908,0.18112251,0.05050515,0.14364655,0.18308073,0.2119928
909,0.2018724,0.07557711,0.12785423,0.25285405,0.073609956
910,0.34089455,0.14204141,0.12779452,0.15406932,0.12285131
911,0.1885594,0.0887118,0.13539016,0.13882187,0.22105546
912,0.26011845,0.20626216,0.20208453,0.22634989,0.23772731
913,0.19142729,0.08942882,0.1476561,0.18275893,0.19219379
914,0.18630587,0.024809044,0.08264768,0.122122794,0.17217627
915,0.24524136,0.15361446,0.22606458,0.25833115,0.22047108
916,0.18765342,0.004546549,0.089354984,0.16320698,0.12964281
917,0.22136475,0.120291084,0.14392807,0.16881701,0.20062351
918,0.18689995,0.1511893,0.022064991,0.18066087,0.24444951
919,0.19251204,0.052349206,0.1546243,0.18941423,0.18477167
920,0.21665369,0.07720526,0.23356958,0.2150643,0.20525481
921,0.19832796,0.06136428,0.15779614,0.18666488,0.2746629
922,0.19271514,0.01947828,0.1564347,0.1867721,0.16437766
923,0.20012496,0.10103767,0.14324509,0.1052133,0.15859737
924,0.19887519,0.06456877,0.17063488,0.1975471,0.26964742
925,0.24050829,0.04531992,0.14673315,0.19745155,0.16979396
926,0.19636154,0.10328668,0.18563235,0.07873376,0.30632135
927,0.17483528,0.06969038,0.14253207,0.10754917,0.16827813
928,0.20977296,0.08395767,0.23047496,0.08763175,0.3212678
929,0.18901362,0.058850832,0.13746853,0.15074855,0.1427679
930,0.18367456,0.09152776,0.0867516,0.17145963,0.18334989
931,0.1773143,0.10052589,0.12620541,0.15039262,0.15983206
932,0.1939965,0.10506061,0.1626094,0.20650387,0.23273529
933,0.19988368,0.095280714,0.18153615,0.18005113,0.19670287
934,0.39925227,0.1627308,0.24255194,0.15258162,0.24478489
935,0.2300173,0.13050947,0.1735805,0.2532242,0.26310068
936,0.1851455,0.08867795,0.15209773,0.1612681,0.21758772
937,0.22192772,0.032280244,0.14170931,0.13576375,0.18265282
938,0.25370625,0.18891624,0.21474515,0.15265435,0.244134
939,0.1895573,0.075764984,0.114280686,0.07595266,0.26775703
940,0.18626702,0.07437965,0.08949042,0.1668544,0.20022728
941,0.17435782,0.09628882,0.13446309,0.20135146,0.23598997
942,0.18303931,0.068962105,0.17349593,0.14732517,0.14142291
943,0.20872435,0.11548749,0.17640823,0.18121338,0.26784626
944,0.19837494,0.060282238,0.17956024,0.17170715,0.19517364
945,0.20204718,0.08724285,0.17571455,0.21892996,0.17799737
946,0.18884549,0.051549133,0.19060591,0.14672187,0.22162476
947,0.2532295,0.15664852,0.25879294,0.1761263,0.26430362
948,0.19321975,0.02136138,0.10266551,0.16476725,0.21065961
949,0.18716133,0.11002812,0.1432969,0.14828548,0.19305027
950,0.2179779,0.03716609,0.18219781,0.14623497,0.19460964
951,0.19093782,0.058529824,0.15865135,0.18495175,0.20108445
952,0.18153715,0.05589375,0.13487862,0.14947577,0.20794299
953,0.18557335,0.10642432,0.12512967,0.124059156,0.14331666
954,0.23612332,0.076471984,0.2336331,0.15724134,0.19639657
955,0.21262485,0.009824997,0.26052904,0.17371489,0.17507644
956,0.18335935,0.03505324,0.15172608,0.175327,0.18881583
957,0.18847674,0.08177757,0.17295781,0.14490038,0.26839468
958,0.20726806,0.008795122,0.08905147,0.19590746,0.16189355
959,0.19698134,0.052647293,0.18356517,0.07291533,0.22818725
960,0.19612022,0.046187878,0.1929503,0.23055212,0.24657993
961,0.18162653,0.048865493,0.15951508,0.16241539,0.14642996
962,0.20358977,0.0337025,0.25752753,0.24520536,0.093167394
963,0.17601475,0.02978921,0.124015175,0.1542382,0.15773028
964,0.1845417,0.00944178,0.10523324,0.1961454,0.16527909
965,0.17815317,0.1334836,0.09926462,0.18448743,0.10977477
966,0.18578012,0.13845673,0.057561666,0.2393789,0.1468279
967,0.22535825,0.07977035,0.21860306,0.16547437,0.224148
968,0.18619499,0.055208504,0.13886634,0.116653025,0.17322342
969,0.36838424,0.21392119,0.20514996,0.15614477,0.21961997
970,0.19175483,-0.005421091,0.13628006,0.18653174,0.15497757
971,0.18473391,0.08124923,0.11519036,0.16318972,0.21950774
972,0.19131835,0.106143974,0.1310868,0.14817241,0.21447203
973,0.2303306,0.04293579,0.19240707,0.15155919,0.22947703
974,0.17755884,0.08872966,0.17073525,0.15854429,0.15953425
975,0.20001097,0.1274965,0.09867729,0.19889823,0.10232391
976,0.1941699,0.071559474,0.14431018,0.19564052,0.22481672
977,0.18171751,0.031495113,0.097507924,0.12574601,0.18873586
978,0.19375102,0.109754935,0.15678288,0.15018293,0.25811982
979,0.18197864,0.0864775,0.1449354,0.14405674,0.18366139
980,0.19544438,0.12098736,0.11209979,0.1509384,0.18506607
981,0.18454754,0.15657479,0.117701516,0.16925462,0.14939089
982,0.19672553,0.022011159,0.1183774,0.19209075,0.21696176
983,0.18740182,0.110774875,0.16388296,0.18416749,0.22958001
984,0.20177454,0.09542579,0.16443773,0.1557239,0.19186503
985,0.20726947,0.14011358,0.1514731,0.24963975,0.21033323
986,0.198819,0.01934636,0.10318614,0.19819711,0.17695214
987,0.18251401,0.092136234,0.127497,0.20964754,0.14505161
988,0.25692338,0.13298751,0.22710188,0.19641083,0.25658908
989,0.18531604,0.05664149,0.12555228,0.23804018,0.120886795
990,0.1896262,0.042773057,0.14954443,0.17251825,0.16478077
991,0.20437329,0.06942926,0.1469099,0.26149723,0.20907211
992,0.5508792,0.17980659,0.15129317,0.15814802,0.19218871
993,0.35831204,0.13492158,0.26190698,0.1607357,0.15157855
994,0.18405762,0.04019413,0.16729462,0.18646276,0.2348182
995,0.21817541,0.059301566,0.14680111,0.28071862,0.20688315
996,0.18685402,0.027197674,0.09833336,0.1372671,0.22899504
997,0.18848479,0.0975433,0.24017356,0.16296035,0.31244278
998,0.17831889,0.0590895,0.13560173,0.15721335,0.15250781
999,0.24445842,0.06235538,0.16458994,0.13356584,0.21416487
1000,0.18313953,0.101660825,0.11324011,0.14158021,0.23157088
1001,0.18597794,0.037945062,0.17883252,0.017048262,0.28584775
1002,0.19863124,0.12596421,0.23269777,0.19426909,0.2520596
1003,0.19402055,0.03137732,0.12320718,0.16583681,0.20393343
1004,0.17389579,0.14278114,0.040433705,0.16897938,0.2189871
1005,0.18604814,0.0045714006,0.11521733,0.17700116,0.18904802
1006,0.17362551,0.047529772,0.10611339,0.19130214,0.17851731
1007,0.25263122,0.12458338,0.24589983,0.22182792,0.26596463
1008,0.21388997,0.075262964,0.15720795,0.20319092,0.064010255
1009,0.19121803,0.023597967,0.14640386,0.15939218,0.20782547
1010,0.21529604,0.06311784,0.23685673,0.22659871,0.27054346
1011,0.20769,0.050420236,0.14652637,0.13145636,0.17725553
1012,0.20838338,0.08229008,0.12232203,0.20611475,0.1353068
1013,0.18664548,0.056452252,0.12942018,0.2651701,0.067187615
1014,0.18507032,0.1670338,0.11519868,0.14338651,0.17126761
1015,0.23310211,0.1134515,0.25697502,0.20355895,0.19425334
1016,0.18052319,0.10367673,0.1349156,0.16365749,0.15488832
1017,0.18066828,0.13978739,0.13109563,0.13056757,0.19016834
1018,0.179189,0.16986181,0.12898764,0.2017887,0.11284714
1019,0.21493183,0.08792414,0.18969691,0.15143625,0.2154323
1020,0.18679607,0.117474645,0.15224884,0.193693,0.18108217
1021,0.19292931,-0.004836998,0.115831874,0.142397,0.17476128
1022,0.19199368,0.11224321,0.21184202,0.17427875,0.26084173
1023,0.17884326,0.089833416,0.12969467,0.17320612,0.17697622
1024,0.21429749,0.07521734,0.17367393,0.17683154,0.20571502
1025,0.18441184,0.12585942,0.05648799,0.118143305,0.31747362
1026,0.21023153,0.03662818,0.18003078,0.1846268,0.153946
1027,0.21603751,0.07940145,0.20147473,0.21690306,0.1776775
1028,0.4226922,0.23228475,0.26855496,0.27349466,0.24749859
1029,0.19923659,0.07494885,0.17307968,0.22764485,0.1935394
1030,0.19316906,0.09914556,0.07483651,0.16355842,0.324131
1031,0.17971057,0.15239803,0.10743568,0.16130117,0.2076606
1032,0.19363625,0.08592508,0.1500643,0.19100334,0.23273267
1033,0.30977958,0.22852457,0.24401371,0.2330894,0.2206402
1034,0.19662376,0.06480189,0.16782112,0.16766804,0.23939362
1035,0.18219389,0.041330453,0.1383403,0.16811207,0.19539167
1036,0.18666752,0.1197183,0.1437766,0.2456006,0.11323848
1037,0.18069491,0.07913076,0.13537002,0.17175494,0.23134707
