PLAYER_ID,SEASON_ID,LEAGUE_ID,TEAM_ID,TEAM_ABBREVIATION,PLAYER_AGE,GP,GS,MIN,FGM,FGA,FG_PCT,FG3M,FG3A,FG3_PCT,FTM,FTA,FT_PCT,OREB,DREB,REB,AST,STL,BLK,TOV,PF,PTS,player_name
1630534,2024-25,00,1610612761,TOR,24.0,2,2,51.0,6,10,0.6,0,1,0.0,3,4,0.75,7,7,14,2,3,1,1,5,15,Ochai Agbaji
1630583,2024-25,00,1610612763,MEM,23.0,2,2,54.0,10,18,0.556,5,11,0.455,4,4,1.0,2,8,10,5,0,2,4,4,29,Santi Aldama
1629638,2024-25,00,1610612750,MIN,26.0,2,0,47.0,8,12,0.667,6,9,0.667,1,2,0.5,2,4,6,2,0,0,3,0,23,Nickeil Alexander-Walker
1628960,2024-25,00,1610612756,PHX,29.0,1,0,21.0,2,7,0.286,2,6,0.333,2,2,1.0,0,1,1,3,1,1,1,2,8,Grayson Allen
1628386,2024-25,00,1610612739,CLE,26.0,2,2,57.0,10,14,0.714,0,0,0.0,11,13,0.846,2,16,18,3,2,5,2,1,31,Jarrett Allen
1630631,2024-25,00,1610612740,NOP,26.0,2,0,26.0,1,4,0.25,1,3,0.333,0,0,0.0,0,1,1,7,4,0,4,6,3,Jose Alvarado
203937,2024-25,00,1610612744,GSW,31.0,2,0,34.0,4,9,0.444,1,5,0.2,0,0,0.0,5,6,11,6,4,1,1,1,9,Kyle Anderson
203507,2024-25,00,1610612749,MIL,29.0,2,2,66.0,23,34,0.676,0,1,0.0,17,32,0.531,2,23,25,12,0,1,6,5,63,Giannis Antetokounmpo
1630175,2024-25,00,1610612753,ORL,24.0,2,0,37.0,1,10,0.1,1,7,0.143,1,2,0.5,0,4,4,8,3,0,3,4,4,Cole Anthony
1628384,2024-25,00,1610612752,NYK,27.0,2,2,68.0,7,19,0.368,1,8,0.125,3,4,0.75,0,9,9,4,2,0,1,6,18,OG Anunoby
1630166,2024-25,00,1610612757,POR,23.0,2,2,58.0,5,19,0.263,0,6,0.0,7,8,0.875,3,10,13,8,3,4,6,3,17,Deni Avdija
1629028,2024-25,00,1610612757,POR,26.0,2,2,64.0,10,26,0.385,0,2,0.0,0,1,0.0,4,22,26,4,2,2,2,6,20,Deandre Ayton
1628963,2024-25,00,1610612764,WAS,25.0,1,0,10.0,4,7,0.571,0,1,0.0,0,2,0.0,4,2,6,1,0,0,1,0,8,Marvin Bagley III
1631116,2024-25,00,1610612764,WAS,21.0,1,0,8.0,3,6,0.5,1,3,0.333,0,0,0.0,1,1,2,1,0,0,0,2,7,Patrick Baldwin Jr.
1630163,2024-25,00,1610612766,CHA,23.0,2,2,67.0,20,40,0.5,13,26,0.5,15,16,0.938,2,11,13,15,2,2,12,9,68,LaMelo Ball
1631094,2024-25,00,1610612753,ORL,21.0,2,2,68.0,16,37,0.432,5,10,0.5,11,17,0.647,5,12,17,12,1,2,0,4,48,Paolo Banchero
1630217,2024-25,00,1610612763,MEM,26.0,2,2,56.0,16,36,0.444,4,14,0.286,5,6,0.833,1,6,7,8,3,3,3,7,41,Desmond Bane
1630625,2024-25,00,1610612757,POR,24.0,1,0,8.0,1,4,0.25,1,2,0.5,0,0,0.0,0,1,1,1,0,0,0,0,3,Dalano Banton
203084,2024-25,00,1610612759,SAS,32.0,1,1,29.0,7,10,0.7,2,5,0.4,1,2,0.5,1,3,4,2,1,0,0,2,17,Harrison Barnes
1630567,2024-25,00,1610612761,TOR,23.0,2,2,62.0,11,25,0.44,0,4,0.0,14,17,0.824,5,6,11,9,2,1,6,7,36,Scottie Barnes
1629646,2024-25,00,1610612759,SAS,23.0,1,0,6.0,0,0,0.0,0,0,0.0,0,0,0.0,0,1,1,1,1,1,0,0,0,Charles Bassey
201587,2024-25,00,1610612746,LAC,35.0,1,0,24.0,0,2,0.0,0,2,0.0,2,2,1.0,0,2,2,2,1,0,1,3,2,Nicolas Batum
203078,2024-25,00,1610612756,PHX,31.0,2,2,74.0,14,26,0.538,7,12,0.583,4,5,0.8,0,4,4,10,3,2,4,5,39,Bradley Beal
1627736,2024-25,00,1610612765,DET,27.0,2,0,57.0,10,24,0.417,5,12,0.417,2,3,0.667,0,7,7,2,0,1,2,3,27,Malik Beasley
1630699,2024-25,00,1610612749,MIL,24.0,2,0,2.0,0,1,0.0,0,1,0.0,0,0,0.0,0,0,0,0,0,0,1,0,0,MarJon Beauchamp
1629048,2024-25,00,1610612753,ORL,25.0,2,0,12.0,1,3,0.333,0,1,0.0,1,2,0.5,1,3,4,0,0,0,2,1,3,Goga Bitadze
1641710,2024-25,00,1610612753,ORL,20.0,2,0,54.0,8,15,0.533,2,3,0.667,2,5,0.4,4,5,9,9,0,2,2,6,20,Anthony Black
203992,2024-25,00,1610612737,ATL,32.0,1,0,28.0,2,6,0.333,2,6,0.333,2,2,1.0,0,2,2,2,0,2,2,3,8,Bogdan Bogdanovic
1626164,2024-25,00,1610612756,PHX,27.0,2,2,67.0,14,30,0.467,8,15,0.533,2,4,0.5,2,5,7,10,2,2,6,9,38,Devin Booker
1628449,2024-25,00,1610612761,TOR,31.0,2,0,39.0,5,14,0.357,4,9,0.444,8,10,0.8,1,4,5,2,3,5,2,1,22,Chris Boucher
1631103,2024-25,00,1610612759,SAS,21.0,1,0,6.0,3,5,0.6,1,3,0.333,0,0,0.0,0,2,2,0,0,0,0,0,7,Malaki Branham
1631128,2024-25,00,1610612743,DEN,23.0,1,1,29.0,8,15,0.533,0,3,0.0,0,0,0.0,2,5,7,1,2,2,3,1,16,Christian Braun
1628969,2024-25,00,1610612752,NYK,28.0,2,2,68.0,15,25,0.6,4,10,0.4,3,5,0.6,1,0,1,7,1,0,2,4,37,Mikal Bridges
1628970,2024-25,00,1610612766,CHA,26.0,2,2,63.0,13,28,0.464,3,11,0.273,8,8,1.0,1,13,14,2,1,2,4,4,37,Miles Bridges
1628415,2024-25,00,1610612745,HOU,28.0,2,2,63.0,6,18,0.333,2,9,0.222,6,6,1.0,4,3,7,0,2,0,0,7,20,Dillon Brooks
1627759,2024-25,00,1610612738,BOS,28.0,2,2,60.0,17,38,0.447,8,15,0.533,8,9,0.889,3,12,15,4,5,0,3,4,50,Jaylen Brown
1628973,2024-25,00,1610612752,NYK,28.0,2,2,54.0,19,33,0.576,4,7,0.571,6,7,0.857,2,4,6,7,0,0,5,4,48,Jalen Brunson
1628418,2024-25,00,1610612748,MIA,27.0,1,0,16.0,2,2,1.0,1,1,1.0,2,2,1.0,0,3,3,2,0,1,1,0,7,Thomas Bryant
1630215,2024-25,00,1610612764,WAS,24.0,1,0,9.0,2,6,0.333,0,1,0.0,2,2,1.0,0,0,0,2,1,0,0,0,6,Jared Butler
202710,2024-25,00,1610612748,MIA,35.0,1,1,26.0,1,8,0.125,0,2,0.0,1,2,0.5,1,3,4,5,1,1,1,1,3,Jimmy Butler
203484,2024-25,00,1610612753,ORL,31.0,2,2,51.0,3,12,0.25,2,10,0.2,5,5,1.0,1,1,2,4,3,4,2,2,13,Kentavious Caldwell-Pope
1641739,2024-25,00,1610612757,POR,24.0,2,2,55.0,5,14,0.357,3,6,0.5,3,4,0.75,8,4,12,6,3,0,3,8,16,Toumani Camara
203991,2024-25,00,1610612737,ATL,30.0,2,2,41.0,5,7,0.714,0,0,0.0,2,2,1.0,2,12,14,2,2,3,3,3,12,Clint Capela
1628976,2024-25,00,1610612753,ORL,25.0,2,2,58.0,6,12,0.5,2,5,0.4,2,4,0.5,5,20,25,6,4,0,1,3,16,Wendell Carter Jr.
1630618,2024-25,00,1610612761,TOR,24.0,1,0,16.0,0,3,0.0,0,2,0.0,0,0,0.0,0,2,2,3,2,0,1,1,0,DJ Carton
1627936,2024-25,00,1610612760,OKC,30.0,1,0,19.0,0,2,0.0,0,1,0.0,0,0,0.0,2,4,6,4,0,0,1,2,0,Alex Caruso
1630577,2024-25,00,1610612759,SAS,23.0,1,1,27.0,7,12,0.583,4,8,0.5,0,0,0.0,2,5,7,3,1,2,3,1,18,Julian Champagnie
1630551,2024-25,00,1610612764,WAS,23.0,1,0,4.0,0,0,0.0,0,0,0.0,0,0,0.0,1,1,2,1,0,0,0,3,0,Justin Champagnie
1631108,2024-25,00,1610612747,LAL,21.0,2,0,23.0,1,4,0.25,1,4,0.25,2,2,1.0,1,4,5,0,0,0,1,5,5,Max Christie
1629634,2024-25,00,1610612763,MEM,28.0,2,0,26.0,2,10,0.2,0,3,0.0,1,2,0.5,2,4,6,1,0,0,2,2,5,Brandon Clarke
203903,2024-25,00,1610612762,UTA,32.0,2,0,49.0,11,26,0.423,2,9,0.222,4,7,0.571,2,4,6,9,0,1,4,3,28,Jordan Clarkson
1629651,2024-25,00,1610612751,BKN,25.0,2,0,36.0,4,8,0.5,0,0,0.0,3,6,0.5,1,9,10,3,2,2,1,4,11,Nic Claxton
1641730,2024-25,00,1610612751,BKN,20.0,2,0,30.0,5,14,0.357,2,7,0.286,2,2,1.0,4,4,8,0,2,1,2,4,14,Noah Clowney
1629599,2024-25,00,1610612746,LAC,27.0,1,0,26.0,4,4,1.0,2,2,1.0,1,2,0.5,0,3,3,1,1,0,0,2,11,Amir Coffey
1628381,2024-25,00,1610612762,UTA,27.0,2,0,42.0,9,22,0.409,1,6,0.167,6,6,1.0,3,9,12,4,2,2,5,7,25,John Collins
1628380,2024-25,00,1610612759,SAS,26.0,1,0,14.0,2,3,0.667,1,1,1.0,0,0,0.0,2,3,5,1,1,0,1,3,5,Zach Collins
201144,2024-25,00,1610612750,MIN,37.0,2,2,48.0,3,16,0.188,2,12,0.167,3,3,1.0,3,3,6,6,1,1,3,3,11,Mike Conley
1626192,2024-25,00,1610612749,MIL,31.0,2,0,37.0,5,15,0.333,2,10,0.2,0,0,0.0,3,6,9,2,0,1,2,2,12,Pat Connaughton
1641731,2024-25,00,1610612764,WAS,20.0,1,1,30.0,1,2,0.5,0,0,0.0,6,8,0.75,1,5,6,6,1,0,3,0,8,Bilal Coulibaly
1641741,2024-25,00,1610612755,PHI,23.0,2,0,13.0,1,4,0.25,1,2,0.5,4,4,1.0,0,1,1,0,0,0,1,1,7,Ricky Council IV
1630595,2024-25,00,1610612765,DET,23.0,2,2,71.0,24,47,0.511,4,12,0.333,9,9,1.0,2,7,9,14,1,0,11,6,61,Cade Cunningham
203552,2024-25,00,1610612766,CHA,34.0,2,1,54.0,5,14,0.357,5,10,0.5,1,3,0.333,3,4,7,3,3,1,1,6,16,Seth Curry
201939,2024-25,00,1610612744,GSW,36.0,2,2,52.0,11,30,0.367,7,20,0.35,8,8,1.0,0,12,12,14,4,0,5,3,37,Stephen Curry
1630700,2024-25,00,1610612737,ATL,21.0,2,2,59.0,14,22,0.636,4,8,0.5,1,4,0.25,3,3,6,6,7,3,2,9,33,Dyson Daniels
203076,2024-25,00,1610612747,LAL,31.0,2,2,75.0,22,41,0.537,1,3,0.333,26,32,0.813,4,20,24,8,2,5,2,3,71,Anthony Davis
1631098,2024-25,00,1610612764,WAS,22.0,1,0,4.0,0,1,0.0,0,1,0.0,0,0,0.0,0,0,0,0,0,0,0,0,0,Johnny Davis
1631120,2024-25,00,1610612738,BOS,22.0,1,0,8.0,0,1,0.0,0,1,0.0,0,0,0.0,0,1,1,1,0,0,3,1,0,JD Davison
201942,2024-25,00,1610612758,SAC,35.0,1,1,43.0,7,18,0.389,0,2,0.0,12,14,0.857,1,7,8,2,1,0,2,0,26,DeMar DeRozan
1628978,2024-25,00,1610612750,MIN,27.0,2,0,58.0,7,21,0.333,3,14,0.214,2,4,0.5,2,2,4,5,2,0,3,5,19,Donte DiVincenzo
1631217,2024-25,00,1610612766,CHA,22.0,2,0,25.0,2,6,0.333,0,0,0.0,0,2,0.0,3,6,9,0,1,2,0,1,4,Moussa Diabate
1641711,2024-25,00,1610612761,TOR,20.0,2,2,53.0,8,22,0.364,3,10,0.3,5,5,1.0,1,2,3,1,1,2,2,6,24,Gradey Dick
203915,2024-25,00,1610612742,DAL,31.0,1,0,3.0,0,0,0.0,0,0,0.0,0,0,0.0,0,1,1,0,0,0,0,0,0,Spencer Dinwiddie
1629029,2024-25,00,1610612742,DAL,25.0,1,1,36.0,9,25,0.36,4,11,0.364,6,8,0.75,1,9,10,8,1,1,4,3,28,Luka Doncic
1629652,2024-25,00,1610612760,OKC,25.0,1,1,29.0,2,7,0.286,0,2,0.0,1,1,1.0,1,1,2,0,3,1,0,3,5,Luguentz Dort
1630245,2024-25,00,1610612741,CHI,24.0,2,0,53.0,5,14,0.357,0,7,0.0,0,0,0.0,0,9,9,8,0,1,3,3,10,Ayo Dosunmu
1630288,2024-25,00,1610612755,PHI,27.0,1,0,3.0,0,0,0.0,0,0,0.0,0,0,0.0,0,0,0,0,0,0,0,0,0,Jeff Dowtin Jr.
203083,2024-25,00,1610612755,PHI,31.0,2,2,47.0,8,19,0.421,0,1,0.0,5,10,0.5,11,11,22,0,4,2,3,10,21,Andre Drummond
1630537,2024-25,00,1610612741,CHI,27.0,1,0,2.0,1,1,1.0,1,1,1.0,0,0,0.0,0,0,0,0,0,0,0,0,3,Chris Duarte
1627739,2024-25,00,1610612746,LAC,30.0,1,0,20.0,2,4,0.5,1,2,0.5,0,0,0.0,2,2,4,2,2,0,1,1,5,Kris Dunn
201142,2024-25,00,1610612756,PHX,36.0,2,2,82.0,19,34,0.559,4,8,0.5,13,16,0.813,0,11,11,6,3,2,10,7,55,Kevin Durant
1631105,2024-25,00,1610612765,DET,20.0,2,2,59.0,6,8,0.75,0,0,0.0,6,10,0.6,7,13,20,9,1,1,3,8,18,Jalen Duren
1631106,2024-25,00,1610612745,HOU,23.0,2,0,29.0,6,10,0.6,3,5,0.6,0,0,0.0,3,4,7,2,4,1,0,3,15,Tari Eason
1630162,2024-25,00,1610612750,MIN,23.0,2,2,80.0,20,49,0.408,10,28,0.357,9,10,0.9,1,12,13,7,1,0,7,7,59,Anthony Edwards
1631165,2024-25,00,1610612758,SAC,24.0,1,0,11.0,0,1,0.0,0,0,0.0,2,2,1.0,0,1,1,0,2,0,0,1,2,Keon Ellis
1629234,2024-25,00,1610612762,UTA,27.0,1,0,6.0,1,1,1.0,1,1,1.0,1,2,0.5,2,0,2,2,0,0,0,0,4,Drew Eubanks
1628981,2024-25,00,1610612761,TOR,26.0,2,0,23.0,3,8,0.375,0,0,0.0,2,2,1.0,6,7,13,1,0,1,4,6,8,Bruno Fernando
1627827,2024-25,00,1610612751,BKN,31.0,2,2,56.0,9,20,0.45,5,13,0.385,0,0,0.0,6,8,14,1,2,2,2,6,23,Dorian Finney-Smith
1641745,2024-25,00,1610612760,OKC,24.0,1,0,1.0,0,0,0.0,0,0,0.0,0,0,0.0,0,0,0,0,0,0,0,0,0,Adam Flagler
1631323,2024-25,00,1610612765,DET,28.0,2,0,35.0,1,8,0.125,1,6,0.167,2,2,1.0,1,2,3,0,0,0,2,3,5,Simone Fontecchio
1628368,2024-25,00,1610612758,SAC,26.0,1,1,37.0,6,14,0.429,1,4,0.25,2,2,1.0,0,2,2,11,1,0,2,3,15,De'Aaron Fox
1629655,2024-25,00,1610612742,DAL,26.0,1,1,19.0,3,6,0.5,0,0,0.0,3,4,0.75,4,2,6,2,1,1,1,5,9,Daniel Gafford
1629636,2024-25,00,1610612739,CLE,24.0,2,2,56.0,8,23,0.348,4,13,0.308,0,0,0.0,0,3,3,12,1,0,5,6,20,Darius Garland
1641718,2024-25,00,1610612762,UTA,20.0,2,2,61.0,7,30,0.233,4,14,0.286,6,10,0.6,1,3,4,10,2,0,6,2,24,Keyonte George
1630581,2024-25,00,1610612741,CHI,22.0,2,2,55.0,11,21,0.524,2,3,0.667,7,11,0.636,1,10,11,12,0,0,4,1,31,Josh Giddey
1628983,2024-25,00,1610612760,OKC,26.0,1,1,36.0,11,24,0.458,2,6,0.333,4,5,0.8,2,5,7,8,2,3,2,2,28,Shai Gilgeous-Alexander
1630264,2024-25,00,1610612764,WAS,32.0,1,0,3.0,1,2,0.5,0,0,0.0,0,0,0.0,0,0,0,1,1,0,1,0,2,Anthony Gill
203497,2024-25,00,1610612750,MIN,32.0,2,2,70.0,6,10,0.6,0,0,0.0,4,6,0.667,4,21,25,3,2,1,4,8,16,Rudy Gobert
203932,2024-25,00,1610612743,DEN,29.0,1,1,33.0,5,12,0.417,0,1,0.0,2,2,1.0,5,4,9,2,1,0,2,1,12,Aaron Gordon
201569,2024-25,00,1610612755,PHI,35.0,2,1,43.0,2,10,0.2,1,4,0.25,5,7,0.714,0,2,2,3,0,0,0,2,10,Eric Gordon
203924,2024-25,00,1610612757,POR,30.0,2,2,73.0,17,41,0.415,10,25,0.4,6,6,1.0,0,8,8,4,2,4,5,5,50,Jerami Grant
1631260,2024-25,00,1610612749,MIL,25.0,2,0,15.0,3,4,0.75,3,4,0.75,0,0,0.0,0,1,1,2,1,0,0,1,9,AJ Green
203110,2024-25,00,1610612744,GSW,34.0,2,2,40.0,4,7,0.571,2,3,0.667,1,2,0.5,0,8,8,7,4,2,5,6,11,Draymond Green
1630224,2024-25,00,1610612745,HOU,22.0,2,2,67.0,17,44,0.386,9,23,0.391,7,11,0.636,2,6,8,4,3,1,2,3,50,Jalen Green
1629750,2024-25,00,1610612740,NOP,31.0,2,0,45.0,4,6,0.667,0,1,0.0,4,5,0.8,1,4,5,1,4,0,2,2,12,Javonte Green
1630182,2024-25,00,1610612766,CHA,23.0,1,0,18.0,2,5,0.4,1,3,0.333,0,0,0.0,1,2,3,2,1,1,0,4,5,Josh Green
1629656,2024-25,00,1610612742,DAL,24.0,1,0,15.0,1,6,0.167,0,1,0.0,0,0,0.0,0,0,0,0,0,0,0,1,2,Quentin Grimes
1629060,2024-25,00,1610612747,LAL,26.0,2,2,74.0,12,26,0.462,3,8,0.375,5,8,0.625,5,7,12,3,2,1,1,3,32,Rui Hachimura
1630169,2024-25,00,1610612754,IND,24.0,2,2,61.0,6,26,0.231,1,16,0.063,2,2,1.0,1,5,6,9,4,2,4,4,15,Tyrese Haliburton
203501,2024-25,00,1610612765,DET,32.0,2,2,52.0,7,15,0.467,7,12,0.583,2,2,1.0,0,4,4,2,1,0,1,3,23,Tim Hardaway Jr.
201935,2024-25,00,1610612746,LAC,35.0,1,1,40.0,10,28,0.357,2,9,0.222,7,9,0.778,3,9,12,8,1,0,8,3,29,James Harden
1630702,2024-25,00,1610612742,DAL,22.0,1,0,20.0,3,6,0.5,3,5,0.6,2,2,1.0,1,0,1,2,0,1,2,3,11,Jaden Hardy
203914,2024-25,00,1610612753,ORL,30.0,2,0,38.0,8,14,0.571,8,14,0.571,0,0,0.0,1,3,4,1,0,3,1,1,24,Gary Harris
202699,2024-25,00,1610612765,DET,32.0,2,2,70.0,9,22,0.409,3,9,0.333,2,2,1.0,1,6,7,5,1,2,3,4,23,Tobias Harris
1628404,2024-25,00,1610612752,NYK,29.0,2,2,61.0,12,21,0.571,1,8,0.125,7,10,0.7,4,10,14,6,1,0,4,1,32,Josh Hart
1630573,2024-25,00,1610612738,BOS,26.0,1,0,24.0,4,10,0.4,2,7,0.286,0,0,0.0,1,4,5,1,0,0,0,2,10,Sam Hauser
1641722,2024-25,00,1610612740,NOP,22.0,2,0,57.0,12,21,0.571,7,13,0.538,6,6,1.0,1,11,12,1,0,1,2,2,37,Jordan Hawkins
1629637,2024-25,00,1610612747,LAL,24.0,2,0,33.0,7,8,0.875,0,0,0.0,2,2,1.0,4,6,10,4,1,2,1,6,16,Jaxson Hayes
1630703,2024-25,00,1610612757,POR,20.0,2,0,56.0,14,27,0.519,1,8,0.125,8,10,0.8,1,4,5,10,3,0,5,5,37,Scoot Henderson
1641707,2024-25,00,1610612762,UTA,20.0,2,2,53.0,4,13,0.308,3,9,0.333,1,2,0.5,3,9,12,0,4,3,1,6,12,Taylor Hendricks
1629639,2024-25,00,1610612748,MIA,24.0,1,1,29.0,5,10,0.5,2,5,0.4,2,2,1.0,0,5,5,3,0,1,1,1,14,Tyler Herro
1627741,2024-25,00,1610612744,GSW,31.0,2,0,35.0,18,26,0.692,12,16,0.75,1,1,1.0,1,8,9,7,1,0,1,2,49,Buddy Hield
1629312,2024-25,00,1610612748,MIA,27.0,1,0,30.0,4,8,0.5,1,2,0.5,0,0,0.0,1,4,5,2,2,1,1,3,9,Haywood Highsmith
1628988,2024-25,00,1610612745,HOU,28.0,1,0,2.0,0,1,0.0,0,1,0.0,0,0,0.0,0,0,0,1,0,0,0,0,0,Aaron Holiday
201950,2024-25,00,1610612738,BOS,34.0,2,2,53.0,8,13,0.615,4,7,0.571,5,5,1.0,2,4,6,5,1,0,2,5,25,Jrue Holiday
1631096,2024-25,00,1610612760,OKC,22.0,1,1,36.0,11,18,0.611,0,5,0.0,3,5,0.6,4,10,14,5,2,4,2,2,25,Chet Holmgren
201143,2024-25,00,1610612738,BOS,38.0,2,2,46.0,4,9,0.444,3,6,0.5,0,0,0.0,1,7,8,6,1,1,2,2,11,Al Horford
1629659,2024-25,00,1610612741,CHI,23.0,2,0,9.0,0,1,0.0,0,0,0.0,0,2,0.0,0,2,2,1,0,0,1,0,0,Talen Horton-Tucker
1631216,2024-25,00,1610612753,ORL,21.0,1,0,5.0,0,0,0.0,0,0,0.0,0,0,0.0,0,1,1,0,0,0,0,1,0,Caleb Houstan
1641724,2024-25,00,1610612753,ORL,21.0,2,0,7.0,1,4,0.25,1,3,0.333,0,0,0.0,0,1,1,0,0,0,0,0,3,Jett Howard
1628989,2024-25,00,1610612758,SAC,26.0,1,1,20.0,1,4,0.25,0,3,0.0,0,0,0.0,0,4,4,0,0,0,0,2,2,Kevin Huerter
1630643,2024-25,00,1610612763,MEM,27.0,2,0,38.0,7,13,0.538,5,9,0.556,2,2,1.0,2,6,8,2,2,4,0,4,21,Jay Huff
1629631,2024-25,00,1610612737,ATL,26.0,2,2,59.0,10,24,0.417,4,10,0.4,12,13,0.923,2,11,13,4,2,1,0,9,36,De'Andre Hunter
204060,2024-25,00,1610612750,MIN,37.0,2,0,12.0,0,1,0.0,0,1,0.0,0,0,0.0,0,0,0,2,0,0,0,2,0,Joe Ingles
1627742,2024-25,00,1610612740,NOP,27.0,2,2,67.0,21,43,0.488,7,14,0.5,5,6,0.833,4,11,15,6,4,2,5,7,54,Brandon Ingram
202681,2024-25,00,1610612742,DAL,32.0,1,1,27.0,6,17,0.353,3,7,0.429,0,0,0.0,1,2,3,2,2,1,0,1,15,Kyrie Irving
1628371,2024-25,00,1610612753,ORL,27.0,1,0,11.0,1,4,0.25,1,2,0.5,0,2,0.0,2,1,3,0,1,2,0,1,3,Jonathan Isaac
1631093,2024-25,00,1610612765,DET,22.0,2,2,60.0,13,29,0.448,2,7,0.286,11,15,0.733,4,6,10,8,1,0,3,7,39,Jaden Ivey
1630543,2024-25,00,1610612754,IND,22.0,1,0,15.0,5,6,0.833,0,0,0.0,0,2,0.0,2,3,5,2,1,0,2,3,10,Isaiah Jackson
1631245,2024-25,00,1610612754,IND,26.0,1,0,4.0,0,1,0.0,0,1,0.0,2,2,1.0,1,0,1,2,1,0,0,1,2,Quenton Jackson
202704,2024-25,00,1610612755,PHI,34.0,1,0,3.0,0,1,0.0,0,0,0.0,0,0,0.0,0,0,0,0,0,0,1,0,0,Reggie Jackson
1641748,2024-25,00,1610612749,MIL,22.0,1,0,1.0,0,0,0.0,0,0,0.0,0,0,0.0,0,0,0,0,0,0,0,0,0,Andre Jackson Jr.
1631218,2024-25,00,1610612744,GSW,24.0,2,2,42.0,11,11,1.0,0,0,0.0,4,5,0.8,4,9,13,4,1,0,1,4,26,Trayce Jackson-Davis
2544,2024-25,00,1610612747,LAL,39.0,2,2,69.0,14,29,0.483,3,9,0.333,6,9,0.667,0,9,9,12,0,2,4,4,37,LeBron James
1631170,2024-25,00,1610612748,MIA,23.0,1,0,19.0,4,9,0.444,2,2,1.0,3,5,0.6,2,3,5,3,0,0,2,4,13,Jaime Jaquez Jr.
1629660,2024-25,00,1610612739,CLE,27.0,2,0,35.0,10,13,0.769,2,3,0.667,5,6,0.833,2,2,4,10,3,0,3,1,27,Ty Jerome
1630198,2024-25,00,1610612760,OKC,25.0,1,1,20.0,3,10,0.3,1,6,0.167,0,0,0.0,1,1,2,1,0,0,0,0,7,Isaiah Joe
1629661,2024-25,00,1610612751,BKN,28.0,2,2,67.0,8,22,0.364,3,16,0.188,7,9,0.778,1,5,6,2,1,2,2,7,26,Cameron Johnson
1630552,2024-25,00,1610612737,ATL,22.0,2,2,78.0,8,24,0.333,1,7,0.143,10,17,0.588,3,14,17,7,5,3,8,8,27,Jalen Johnson
201949,2024-25,00,1610612754,IND,37.0,1,0,4.0,1,1,1.0,0,0,0.0,0,0,0.0,0,0,0,1,0,1,1,0,2,James Johnson
1629640,2024-25,00,1610612759,SAS,25.0,1,0,25.0,3,9,0.333,1,3,0.333,0,0,0.0,0,4,4,2,0,0,2,0,7,Keldon Johnson
1630553,2024-25,00,1610612751,BKN,22.0,1,0,2.0,1,3,0.333,0,2,0.0,0,0,0.0,0,0,0,0,0,0,0,1,2,Keon Johnson
203999,2024-25,00,1610612743,DEN,29.0,1,1,35.0,6,13,0.462,1,3,0.333,3,4,0.75,4,8,12,13,2,1,3,3,16,Nikola Jokic
1630529,2024-25,00,1610612740,NOP,26.0,2,2,62.0,5,15,0.333,0,6,0.0,0,0,0.0,2,3,5,3,4,1,2,4,10,Herbert Jones
1630200,2024-25,00,1610612759,SAS,24.0,1,0,16.0,0,2,0.0,0,0,0.0,3,4,0.75,1,0,1,3,1,0,0,0,3,Tre Jones
1626145,2024-25,00,1610612756,PHX,28.0,2,2,67.0,10,18,0.556,3,9,0.333,2,2,1.0,0,4,4,12,3,1,2,0,25,Tyus Jones
1627884,2024-25,00,1610612746,LAC,27.0,1,1,29.0,5,6,0.833,2,2,1.0,0,0,0.0,2,2,4,1,2,0,2,4,12,Derrick Jones Jr.
202709,2024-25,00,1610612753,ORL,33.0,1,0,5.0,0,2,0.0,0,1,0.0,0,0,0.0,0,0,0,0,0,0,0,0,0,Cory Joseph
1631107,2024-25,00,1610612748,MIA,21.0,1,1,24.0,7,15,0.467,1,7,0.143,0,1,0.0,1,4,5,1,1,1,1,4,15,Nikola Jovic
1631117,2024-25,00,1610612762,UTA,23.0,2,2,50.0,7,8,0.875,0,0,0.0,4,5,0.8,9,14,23,3,1,6,4,3,18,Walker Kessler
1630557,2024-25,00,1610612764,WAS,25.0,1,0,24.0,3,6,0.5,0,3,0.0,0,0,0.0,0,5,5,3,0,0,1,2,6,Corey Kispert
1628467,2024-25,00,1610612742,DAL,32.0,1,0,15.0,1,3,0.333,1,1,1.0,0,0,0.0,0,4,4,1,0,1,0,1,3,Maxi Kleber
1629723,2024-25,00,1610612763,MEM,28.0,2,0,37.0,3,4,0.75,3,4,0.75,3,4,0.75,3,8,11,3,2,1,1,4,12,John Konchar
1628436,2024-25,00,1610612738,BOS,29.0,2,0,36.0,4,6,0.667,0,0,0.0,0,0,0.0,3,4,7,2,1,1,0,4,8,Luke Kornet
1630249,2024-25,00,1610612737,ATL,24.0,2,0,26.0,2,4,0.5,0,2,0.0,2,3,0.667,0,1,1,2,1,1,1,6,6,Vit Krejci
1630228,2024-25,00,1610612744,GSW,22.0,2,2,37.0,4,14,0.286,0,3,0.0,4,6,0.667,1,4,5,2,0,2,4,3,12,Jonathan Kuminga
1628398,2024-25,00,1610612764,WAS,29.0,1,1,28.0,6,16,0.375,0,5,0.0,0,0,0.0,0,2,2,1,1,1,1,1,12,Kyle Kuzma
1631222,2024-25,00,1610612763,MEM,22.0,2,0,40.0,4,8,0.5,1,4,0.25,2,5,0.4,3,4,7,4,0,1,2,6,11,Jake LaRavia
203897,2024-25,00,1610612741,CHI,29.0,2,2,70.0,19,32,0.594,7,14,0.5,7,9,0.778,2,8,10,4,0,2,8,4,52,Zach LaVine
1629111,2024-25,00,1610612745,HOU,29.0,2,0,17.0,2,4,0.5,1,1,1.0,0,0,0.0,4,2,6,2,0,0,0,1,5,Jock Landale
1627747,2024-25,00,1610612739,CLE,30.0,2,0,40.0,12,16,0.75,3,4,0.75,1,4,0.25,1,3,4,6,3,1,0,2,28,Caris LeVert
203458,2024-25,00,1610612758,SAC,31.0,1,0,6.0,1,1,1.0,0,0,0.0,1,2,0.5,0,2,2,0,0,1,1,1,3,Alex Len
203081,2024-25,00,1610612749,MIL,34.0,2,2,74.0,20,40,0.5,9,24,0.375,9,10,0.9,3,10,13,14,0,0,8,2,58,Damian Lillard
1641726,2024-25,00,1610612742,DAL,20.0,1,0,28.0,6,8,0.75,0,0,0.0,3,5,0.6,4,7,11,6,1,0,2,4,15,Dereck Lively II
1626172,2024-25,00,1610612744,GSW,28.0,2,0,28.0,4,8,0.5,0,0,0.0,3,4,0.75,10,6,16,3,1,2,2,5,11,Kevon Looney
201572,2024-25,00,1610612749,MIL,36.0,2,2,65.0,5,21,0.238,2,12,0.167,5,6,0.833,1,11,12,7,0,9,6,7,17,Brook Lopez
200768,2024-25,00,1610612755,PHI,38.0,2,1,53.0,7,12,0.583,6,10,0.6,7,9,0.778,0,5,5,8,3,0,2,6,27,Kyle Lowry
1626168,2024-25,00,1610612758,SAC,28.0,1,0,11.0,1,4,0.25,1,3,0.333,0,0,0.0,0,1,1,1,1,0,0,1,3,Trey Lyles
1630572,2024-25,00,1610612759,SAS,25.0,1,0,6.0,0,0,0.0,0,0,0.0,0,0,0.0,0,3,3,0,0,1,1,1,0,Sandro Mamukelashvili
1629611,2024-25,00,1610612746,LAC,28.0,1,1,27.0,4,6,0.667,0,1,0.0,0,3,0.0,1,4,5,4,1,0,1,6,8,Terance Mann
1630544,2024-25,00,1610612766,CHA,23.0,2,0,54.0,14,35,0.4,6,15,0.4,7,7,1.0,6,3,9,5,1,1,6,5,41,Tre Mann
1628374,2024-25,00,1610612762,UTA,27.0,2,2,61.0,13,32,0.406,5,12,0.417,17,21,0.81,3,14,17,4,1,0,4,2,48,Lauri Markkanen
1630230,2024-25,00,1610612742,DAL,26.0,1,0,21.0,1,6,0.167,0,2,0.0,0,0,0.0,0,1,1,3,0,0,0,1,2,Naji Marshall
1628997,2024-25,00,1610612755,PHI,29.0,2,1,71.0,7,16,0.438,0,2,0.0,9,12,0.75,8,6,14,7,0,2,6,8,23,Caleb Martin
1628998,2024-25,00,1610612766,CHA,29.0,2,2,47.0,3,11,0.273,2,7,0.286,3,4,0.75,4,9,13,2,0,1,0,5,11,Cody Martin
1630231,2024-25,00,1610612755,PHI,23.0,2,1,39.0,2,4,0.5,0,0,0.0,1,2,0.5,2,6,8,3,1,1,0,7,5,KJ Martin
1629726,2024-25,00,1610612737,ATL,28.0,1,0,19.0,2,3,0.667,2,3,0.667,2,2,1.0,0,1,1,0,0,0,0,2,8,Garrison Mathews
1631097,2024-25,00,1610612754,IND,22.0,2,0,51.0,13,21,0.619,4,8,0.5,9,13,0.692,1,7,8,2,1,0,4,4,39,Bennedict Mathurin
1630178,2024-25,00,1610612755,PHI,23.0,2,2,80.0,16,54,0.296,4,21,0.19,13,16,0.813,0,8,8,7,2,1,2,6,49,Tyrese Maxey
1630540,2024-25,00,1610612752,NYK,24.0,2,0,46.0,11,14,0.786,6,7,0.857,2,3,0.667,0,2,2,4,0,0,3,4,30,Miles McBride
203468,2024-25,00,1610612740,NOP,33.0,2,2,70.0,17,36,0.472,9,20,0.45,0,0,0.0,0,4,4,8,5,2,1,3,43,CJ McCollum
204456,2024-25,00,1610612754,IND,32.0,2,0,32.0,10,12,0.833,0,0,0.0,1,2,0.5,0,4,4,9,1,0,3,0,21,T.J. McConnell
1630183,2024-25,00,1610612750,MIN,24.0,2,2,43.0,5,17,0.294,0,7,0.0,2,2,1.0,2,2,4,4,1,1,3,8,12,Jaden McDaniels
203926,2024-25,00,1610612758,SAC,32.0,1,0,6.0,0,1,0.0,0,1,0.0,0,0,0.0,0,0,0,0,0,0,0,2,0,Doug McDermott
1629001,2024-25,00,1610612744,GSW,26.0,2,0,33.0,4,15,0.267,2,11,0.182,1,2,0.5,1,2,3,8,3,1,3,8,11,De'Anthony Melton
1630241,2024-25,00,1610612739,CLE,28.0,2,0,32.0,2,8,0.25,1,7,0.143,2,2,1.0,0,1,1,3,1,0,0,5,7,Sam Merrill
203995,2024-25,00,1610612766,CHA,30.0,2,0,35.0,3,15,0.2,1,6,0.167,0,0,0.0,5,6,11,2,1,0,4,1,7,Vasilije Micic
1641706,2024-25,00,1610612766,CHA,21.0,1,1,11.0,2,4,0.5,1,2,0.5,1,1,1.0,1,0,1,1,1,0,1,0,6,Brandon Miller
201988,2024-25,00,1610612762,UTA,36.0,2,0,34.0,3,7,0.429,1,5,0.2,0,0,0.0,0,2,2,1,1,1,1,3,7,Patty Mills
1630558,2024-25,00,1610612761,TOR,26.0,2,1,44.0,7,15,0.467,2,7,0.286,0,0,0.0,0,3,3,6,2,0,8,6,16,Davion Mitchell
1628378,2024-25,00,1610612739,CLE,28.0,2,2,58.0,15,35,0.429,3,13,0.231,7,11,0.636,1,3,4,8,3,1,4,5,40,Donovan Mitchell
1630596,2024-25,00,1610612739,CLE,23.0,2,2,59.0,15,26,0.577,3,5,0.6,8,8,1.0,5,10,15,6,6,5,5,3,41,Evan Mobley
1628370,2024-25,00,1610612758,SAC,26.0,1,0,26.0,6,9,0.667,1,2,0.5,4,5,0.8,0,1,1,4,0,0,0,1,17,Malik Monk
1630541,2024-25,00,1610612744,GSW,22.0,2,0,34.0,10,21,0.476,5,13,0.385,2,2,1.0,0,3,3,3,2,0,2,3,27,Moses Moody
1631111,2024-25,00,1610612765,DET,23.0,1,0,1.0,0,0,0.0,0,0,0.0,0,0,0.0,0,0,0,0,0,0,0,0,0,Wendell Moore Jr.
1629630,2024-25,00,1610612763,MEM,25.0,2,2,52.0,15,29,0.517,2,6,0.333,14,18,0.778,0,5,5,12,1,0,9,5,46,Ja Morant
1628420,2024-25,00,1610612756,PHX,29.0,2,0,26.0,4,8,0.5,2,5,0.4,3,4,0.75,1,2,3,5,3,0,0,0,13,Monte Morris
1627749,2024-25,00,1610612740,NOP,28.0,1,1,30.0,4,15,0.267,0,3,0.0,6,7,0.857,0,8,8,10,1,0,1,0,14,Dejounte Murray
1627750,2024-25,00,1610612743,DEN,27.0,1,1,38.0,4,13,0.308,2,5,0.4,2,2,1.0,2,4,6,4,2,0,3,2,12,Jamal Murray
1631099,2024-25,00,1610612758,SAC,24.0,1,1,43.0,8,17,0.471,5,10,0.5,2,2,1.0,2,9,11,2,0,0,0,3,23,Keegan Murray
1631200,2024-25,00,1610612757,POR,24.0,2,0,25.0,3,7,0.429,1,2,0.5,1,4,0.25,2,2,4,3,0,0,1,2,8,Kris Murray
1629614,2024-25,00,1610612754,IND,24.0,2,2,56.0,4,11,0.364,0,4,0.0,2,2,1.0,0,4,4,9,3,0,5,3,10,Andrew Nembhard
1630174,2024-25,00,1610612754,IND,25.0,2,2,36.0,4,9,0.444,1,3,0.333,2,2,1.0,2,2,4,0,2,1,1,7,11,Aaron Nesmith
1627777,2024-25,00,1610612739,CLE,31.0,2,0,34.0,5,8,0.625,4,6,0.667,0,0,0.0,0,6,6,0,0,0,2,3,14,Georges Niang
1630192,2024-25,00,1610612743,DEN,23.0,1,0,2.0,0,1,0.0,0,1,0.0,0,0,0.0,0,0,0,0,0,0,0,0,0,Zeke Nnaji
203994,2024-25,00,1610612756,PHX,30.0,2,2,41.0,3,10,0.3,1,7,0.143,8,10,0.8,1,15,16,6,2,1,8,8,15,Jusuf Nurkic
1626220,2024-25,00,1610612756,PHX,31.0,2,0,52.0,4,10,0.4,2,6,0.333,2,2,1.0,1,8,9,5,2,1,5,4,12,Royce O'Neale
1630168,2024-25,00,1610612737,ATL,23.0,2,0,55.0,14,18,0.778,1,2,0.5,6,6,1.0,4,12,16,4,1,3,2,4,35,Onyeka Okongwu
1630171,2024-25,00,1610612739,CLE,23.0,2,0,37.0,3,4,0.75,0,0,0.0,1,2,0.5,1,3,4,5,0,1,1,4,7,Isaac Okoro
1626162,2024-25,00,1610612755,PHI,28.0,2,2,70.0,17,35,0.486,4,12,0.333,11,14,0.786,1,3,4,3,2,0,5,8,49,Kelly Oubre Jr.
101108,2024-25,00,1610612759,SAS,39.0,1,1,29.0,1,6,0.167,1,4,0.25,0,0,0.0,0,7,7,8,1,0,2,3,3,Chris Paul
1626166,2024-25,00,1610612752,NYK,30.0,2,0,43.0,8,19,0.421,2,9,0.222,0,1,0.0,2,3,5,7,2,0,1,4,18,Cameron Payne
1627780,2024-25,00,1610612744,GSW,31.0,2,0,27.0,5,7,0.714,0,2,0.0,2,2,1.0,0,2,2,5,5,0,0,1,12,Gary Payton II
1641809,2024-25,00,1610612738,BOS,24.0,1,0,4.0,0,0,0.0,0,0,0.0,0,0,0.0,0,1,1,0,1,2,1,0,0,Drew Peterson
1641763,2024-25,00,1610612741,CHI,20.0,2,0,26.0,2,5,0.4,1,4,0.25,0,0,0.0,1,1,2,1,2,0,0,1,5,Julian Phillips
1629618,2024-25,00,1610612743,DEN,25.0,1,0,2.0,0,1,0.0,0,1,0.0,0,0,0.0,0,0,0,0,0,0,0,0,0,Jalen Pickett
1630590,2024-25,00,1610612763,MEM,23.0,2,0,46.0,7,15,0.467,2,5,0.4,3,6,0.5,1,5,6,11,3,1,3,5,19,Scotty Pippen Jr.
203486,2024-25,00,1610612756,PHX,34.0,2,0,33.0,5,6,0.833,0,0,0.0,4,6,0.667,2,7,9,1,1,1,1,5,14,Mason Plumlee
1641764,2024-25,00,1610612744,GSW,21.0,2,0,50.0,7,19,0.368,1,9,0.111,0,0,0.0,5,7,12,5,2,1,3,5,15,Brandin Podziemski
1627751,2024-25,00,1610612761,TOR,29.0,2,2,54.0,7,14,0.5,0,0,0.0,11,15,0.733,4,14,18,5,0,4,7,8,25,Jakob Poeltl
1629673,2024-25,00,1610612764,WAS,25.0,1,1,32.0,9,17,0.529,6,11,0.545,2,2,1.0,0,1,1,4,4,1,4,3,26,Jordan Poole
1641854,2024-25,00,1610612739,CLE,24.0,2,0,10.0,2,5,0.4,0,2,0.0,0,0,0.0,0,0,0,1,0,0,0,0,4,Craig Porter Jr.
1629008,2024-25,00,1610612743,DEN,26.0,1,1,32.0,5,17,0.294,3,10,0.3,2,2,1.0,1,7,8,2,1,0,1,2,15,Michael Porter Jr.
1626171,2024-25,00,1610612749,MIL,29.0,2,0,54.0,11,19,0.579,2,4,0.5,1,1,1.0,3,12,15,4,3,1,5,4,25,Bobby Portis
203939,2024-25,00,1610612742,DAL,33.0,1,0,2.0,1,1,1.0,0,0,0.0,0,0,0.0,1,0,1,0,0,0,0,0,2,Dwight Powell
1626181,2024-25,00,1610612746,LAC,31.0,1,1,40.0,5,16,0.313,1,7,0.143,6,6,1.0,1,3,4,4,0,1,3,0,17,Norman Powell
1627752,2024-25,00,1610612749,MIL,30.0,2,2,60.0,11,14,0.786,5,6,0.833,0,0,0.0,3,10,13,5,1,0,0,6,27,Taurean Prince
1630202,2024-25,00,1610612738,BOS,26.0,2,0,53.0,6,21,0.286,6,19,0.316,0,0,0.0,1,4,5,6,0,0,1,3,18,Payton Pritchard
1641765,2024-25,00,1610612742,DAL,22.0,1,0,2.0,0,0,0.0,0,0,0.0,0,0,0.0,0,0,0,0,0,0,0,0,0,Olivier-Maxence Prosper
1629674,2024-25,00,1610612738,BOS,25.0,2,0,18.0,5,7,0.714,0,1,0.0,2,2,1.0,4,3,7,0,0,0,1,5,12,Neemias Queta
1630193,2024-25,00,1610612761,TOR,25.0,1,1,14.0,4,9,0.444,2,4,0.5,3,4,0.75,0,2,2,4,1,0,2,2,13,Immanuel Quickley
1631311,2024-25,00,1610612755,PHI,23.0,1,0,3.0,0,1,0.0,0,1,0.0,0,0,0.0,1,0,1,1,0,0,0,0,0,Lester Quinones
203944,2024-25,00,1610612750,MIN,29.0,2,2,69.0,18,27,0.667,6,9,0.667,7,10,0.7,3,11,14,8,0,0,5,6,49,Julius Randle
1641871,2024-25,00,1610612757,POR,28.0,1,0,3.0,1,2,0.5,1,1,1.0,0,0,0.0,1,0,1,1,0,0,1,0,3,Duop Reath
1630559,2024-25,00,1610612747,LAL,26.0,2,2,73.0,14,26,0.538,5,12,0.417,5,7,0.714,4,9,13,12,4,2,4,8,38,Austin Reaves
1630194,2024-25,00,1610612765,DET,25.0,1,0,7.0,0,0,0.0,0,0,0.0,0,0,0.0,1,0,1,1,0,0,2,0,0,Paul Reed
1629675,2024-25,00,1610612750,MIN,25.0,2,0,53.0,9,18,0.5,6,11,0.545,7,7,1.0,1,16,17,4,0,0,3,7,31,Naz Reid
1630208,2024-25,00,1610612766,CHA,26.0,2,2,54.0,6,10,0.6,0,0,0.0,6,10,0.6,8,13,21,3,0,3,2,6,18,Nick Richards
1629130,2024-25,00,1610612748,MIA,30.0,1,0,20.0,2,7,0.286,2,5,0.4,0,0,0.0,0,1,1,1,0,0,0,4,6,Duncan Robinson
1630526,2024-25,00,1610612740,NOP,23.0,2,0,11.0,2,3,0.667,2,3,0.667,0,0,0.0,0,3,3,1,1,0,2,2,6,Jeremiah Robinson-Earl
1631157,2024-25,00,1610612749,MIL,22.0,2,0,3.0,0,0,0.0,0,0,0.0,2,2,1.0,0,0,0,0,0,0,0,1,2,Ryan Rollins
1626179,2024-25,00,1610612748,MIA,30.0,1,1,32.0,5,15,0.333,2,7,0.286,7,7,1.0,0,6,6,5,0,2,3,0,19,Terry Rozier
1641712,2024-25,00,1610612757,POR,20.0,1,0,17.0,3,4,0.75,0,1,0.0,0,0,0.0,1,2,3,0,1,0,0,2,6,Rayan Rupert
1626156,2024-25,00,1610612747,LAL,28.0,2,2,64.0,5,18,0.278,2,10,0.2,2,2,1.0,1,2,3,10,3,1,3,5,14,D'Angelo Russell
1627734,2024-25,00,1610612758,SAC,28.0,1,1,38.0,8,13,0.615,3,4,0.75,5,8,0.625,1,7,8,1,2,1,4,4,24,Domantas Sabonis
1630611,2024-25,00,1610612744,GSW,22.0,2,0,11.0,1,1,1.0,0,0,0.0,1,2,0.5,0,4,4,1,0,0,1,3,3,Gui Santos
203967,2024-25,00,1610612743,DEN,30.0,1,0,11.0,1,2,0.5,0,1,0.0,0,0,0.0,0,1,1,0,1,0,0,1,2,Dario Saric
1631204,2024-25,00,1610612765,DET,24.0,2,0,5.0,1,1,1.0,0,0,0.0,0,0,0.0,1,1,2,2,0,0,0,0,2,Marcus Sasser
203471,2024-25,00,1610612751,BKN,31.0,2,2,67.0,12,28,0.429,5,10,0.5,4,6,0.667,0,4,4,13,2,0,7,7,33,Dennis Schroder
1630578,2024-25,00,1610612745,HOU,22.0,2,2,66.0,15,35,0.429,2,5,0.4,9,12,0.75,11,22,33,7,5,1,6,7,41,Alperen Sengun
1641729,2024-25,00,1610612762,UTA,20.0,2,0,30.0,4,11,0.364,2,7,0.286,2,3,0.667,4,1,5,0,2,0,1,1,12,Brice Sensabaugh
1629012,2024-25,00,1610612762,UTA,25.0,2,2,46.0,9,21,0.429,0,2,0.0,10,13,0.769,1,3,4,4,1,1,8,3,28,Collin Sexton
1641767,2024-25,00,1610612754,IND,23.0,2,0,18.0,2,4,0.5,0,1,0.0,0,0,0.0,0,2,2,0,0,1,0,8,4,Ben Sheppard
1627783,2024-25,00,1610612754,IND,30.0,2,2,55.0,13,26,0.5,1,7,0.143,4,5,0.8,5,8,13,11,2,0,2,1,31,Pascal Siakam
1627732,2024-25,00,1610612751,BKN,28.0,2,2,48.0,5,9,0.556,0,0,0.0,3,4,0.75,2,9,11,11,1,2,10,10,13,Ben Simmons
1629014,2024-25,00,1610612757,POR,25.0,2,2,69.0,11,32,0.344,4,16,0.25,13,14,0.929,0,3,3,10,2,0,9,5,39,Anfernee Simons
1630579,2024-25,00,1610612752,NYK,26.0,2,0,39.0,3,4,0.75,0,0,0.0,0,0,0.0,3,8,11,1,0,2,1,1,6,Jericho Sims
203935,2024-25,00,1610612763,MEM,30.0,2,2,46.0,4,15,0.267,2,7,0.286,8,9,0.889,3,3,6,3,2,0,4,7,18,Marcus Smart
1630696,2024-25,00,1610612748,MIA,26.0,1,0,6.0,0,1,0.0,0,0,0.0,0,0,0.0,1,0,1,1,0,1,0,0,0,Dru Smith
1630188,2024-25,00,1610612741,CHI,24.0,2,0,32.0,9,17,0.529,4,8,0.5,4,4,1.0,6,4,10,1,1,0,1,6,26,Jalen Smith
1631095,2024-25,00,1610612745,HOU,21.0,2,2,68.0,7,20,0.35,2,8,0.25,6,7,0.857,7,14,21,5,0,3,3,7,22,Jabari Smith Jr.
1631110,2024-25,00,1610612759,SAS,21.0,1,1,27.0,6,11,0.545,1,2,0.5,5,7,0.714,2,4,6,2,0,0,4,4,18,Jeremy Sochan
1630531,2024-25,00,1610612738,BOS,22.0,1,0,6.0,0,1,0.0,0,0,0.0,1,2,0.5,2,1,3,1,0,0,0,0,1,Jaden Springer
1630191,2024-25,00,1610612765,DET,23.0,2,0,28.0,1,2,0.5,0,1,0.0,0,0,0.0,2,5,7,3,2,2,5,7,2,Isaiah Stewart
1631124,2024-25,00,1610612743,DEN,22.0,1,0,17.0,3,6,0.5,0,2,0.0,0,0,0.0,0,0,0,1,1,0,1,2,6,Julian Strawther
1630591,2024-25,00,1610612753,ORL,23.0,2,2,34.0,6,10,0.6,3,5,0.6,6,6,1.0,0,7,7,5,2,0,4,5,21,Jalen Suggs
1630256,2024-25,00,1610612745,HOU,28.0,1,0,2.0,0,0,0.0,0,0,0.0,0,0,0.0,0,1,1,1,0,0,0,1,0,Jae'Sean Tate
1628369,2024-25,00,1610612738,BOS,26.0,2,2,59.0,23,38,0.605,11,22,0.5,5,9,0.556,2,13,15,16,2,1,2,2,62,Jayson Tatum
202066,2024-25,00,1610612761,TOR,38.0,2,0,9.0,1,2,0.5,0,1,0.0,0,0,0.0,0,0,0,2,1,0,0,2,2,Garrett Temple
1631207,2024-25,00,1610612741,CHI,22.0,2,0,14.0,0,1,0.0,0,0,0.0,3,4,0.75,1,1,2,1,2,1,0,2,3,Dalen Terry
1628464,2024-25,00,1610612740,NOP,32.0,2,2,37.0,4,9,0.444,0,3,0.0,5,6,0.833,1,7,8,7,2,3,3,6,13,Daniel Theis
1630560,2024-25,00,1610612751,BKN,23.0,2,2,69.0,21,44,0.477,10,18,0.556,8,9,0.889,3,8,11,6,3,0,5,6,60,Cam Thomas
1641708,2024-25,00,1610612745,HOU,21.0,2,0,46.0,7,15,0.467,1,3,0.333,7,9,0.778,4,6,10,3,0,1,8,6,22,Amen Thompson
202691,2024-25,00,1610612742,DAL,34.0,1,1,26.0,7,13,0.538,6,10,0.6,2,2,1.0,3,4,7,1,3,0,0,1,22,Klay Thompson
202684,2024-25,00,1610612739,CLE,33.0,1,0,9.0,1,2,0.5,0,0,0.0,0,0,0.0,0,1,1,0,0,0,0,0,2,Tristan Thompson
1630214,2024-25,00,1610612738,BOS,25.0,2,0,33.0,4,10,0.4,2,6,0.333,0,0,0.0,3,5,8,3,0,0,1,2,10,Xavier Tillman
1631210,2024-25,00,1610612752,NYK,24.0,1,0,3.0,0,1,0.0,0,1,0.0,0,0,0.0,0,0,0,0,0,0,0,0,0,Jacob Toppin
1630167,2024-25,00,1610612754,IND,26.0,2,0,36.0,5,8,0.625,0,2,0.0,0,0,0.0,0,2,2,6,1,1,0,3,10,Obi Toppin
1626157,2024-25,00,1610612752,NYK,28.0,2,2,56.0,10,20,0.5,3,4,0.75,10,11,0.909,4,18,22,3,1,2,0,3,33,Karl-Anthony Towns
1629018,2024-25,00,1610612749,MIL,25.0,2,2,68.0,6,14,0.429,4,10,0.4,5,5,1.0,0,3,3,2,2,0,0,7,21,Gary Trent Jr.
1626167,2024-25,00,1610612754,IND,28.0,2,2,59.0,12,23,0.522,3,11,0.273,6,8,0.75,1,15,16,5,0,7,6,8,33,Myles Turner
1641816,2024-25,00,1610612743,DEN,24.0,1,0,2.0,0,1,0.0,0,1,0.0,0,0,0.0,0,1,1,0,0,0,0,0,0,Hunter Tyson
202685,2024-25,00,1610612764,WAS,32.0,1,0,20.0,8,13,0.615,0,0,0.0,2,2,1.0,2,3,5,2,0,0,0,0,18,Jonas Valanciunas
1627832,2024-25,00,1610612745,HOU,30.0,2,2,68.0,9,27,0.333,7,20,0.35,5,8,0.625,2,5,7,9,3,0,2,5,30,Fred VanVleet
1629216,2024-25,00,1610612747,LAL,28.0,2,0,38.0,3,7,0.429,1,3,0.333,0,0,0.0,1,3,4,2,3,0,2,5,7,Gabe Vincent
202696,2024-25,00,1610612741,CHI,34.0,2,2,63.0,15,29,0.517,5,11,0.455,8,9,0.889,4,17,21,5,0,0,2,7,43,Nikola Vucevic
1629731,2024-25,00,1610612739,CLE,27.0,2,2,46.0,9,14,0.643,6,10,0.6,0,1,0.0,1,12,13,2,4,0,0,5,24,Dean Wade
1630532,2024-25,00,1610612753,ORL,23.0,2,2,62.0,20,35,0.571,6,12,0.5,6,6,1.0,3,7,10,9,3,1,3,5,52,Franz Wagner
1629021,2024-25,00,1610612753,ORL,27.0,2,0,31.0,9,12,0.75,2,5,0.4,5,6,0.833,1,8,9,2,1,1,4,7,25,Moritz Wagner
1631133,2024-25,00,1610612757,POR,22.0,2,0,24.0,1,3,0.333,0,2,0.0,0,0,0.0,1,5,6,0,0,0,1,4,2,Jabari Walker
1641716,2024-25,00,1610612754,IND,21.0,2,0,26.0,5,10,0.5,2,6,0.333,3,3,1.0,2,3,5,4,2,0,1,3,15,Jarace Walker
1641717,2024-25,00,1610612760,OKC,20.0,1,0,23.0,2,7,0.286,0,1,0.0,0,0,0.0,2,2,4,0,2,0,0,1,4,Cason Wallace
1641775,2024-25,00,1610612738,BOS,20.0,2,0,16.0,0,4,0.0,0,3,0.0,0,0,0.0,0,0,0,1,0,1,0,1,0,Jordan Walsh
1629023,2024-25,00,1610612742,DAL,26.0,1,1,26.0,4,11,0.364,2,7,0.286,1,2,0.5,2,3,5,2,1,0,0,1,11,P.J. Washington
1630322,2024-25,00,1610612744,GSW,27.0,1,0,5.0,3,3,1.0,2,2,1.0,0,0,0.0,0,1,1,0,0,0,0,2,8,Lindy Waters III
1631212,2024-25,00,1610612743,DEN,22.0,1,0,15.0,1,7,0.143,0,4,0.0,0,0,0.0,2,4,6,1,0,2,0,0,2,Peyton Watson
1641705,2024-25,00,1610612759,SAS,20.0,1,1,28.0,5,18,0.278,1,8,0.125,6,6,1.0,2,7,9,1,0,1,4,1,17,Victor Wembanyama
1631104,2024-25,00,1610612759,SAS,21.0,1,0,9.0,2,3,0.667,0,0,0.0,2,2,1.0,0,0,0,2,0,0,0,0,6,Blake Wesley
201566,2024-25,00,1610612743,DEN,35.0,1,0,21.0,2,10,0.2,1,6,0.167,1,4,0.25,1,4,5,5,1,2,2,0,6,Russell Westbrook
1629632,2024-25,00,1610612741,CHI,24.0,2,2,69.0,16,33,0.485,7,18,0.389,6,6,1.0,0,14,14,11,5,1,7,2,45,Coby White
1628401,2024-25,00,1610612738,BOS,30.0,2,2,56.0,14,24,0.583,10,17,0.588,5,6,0.833,1,6,7,8,2,0,1,2,43,Derrick White
1641715,2024-25,00,1610612745,HOU,20.0,2,0,22.0,7,16,0.438,0,5,0.0,1,3,0.333,1,2,3,0,0,0,1,6,15,Cam Whitmore
1630598,2024-25,00,1610612760,OKC,25.0,1,0,20.0,7,9,0.778,1,2,0.5,0,0,0.0,0,6,6,1,0,2,1,1,15,Aaron Wiggins
203952,2024-25,00,1610612744,GSW,29.0,2,2,46.0,11,25,0.44,6,11,0.545,2,2,1.0,7,10,17,7,0,2,2,6,30,Andrew Wiggins
1629684,2024-25,00,1610612766,CHA,25.0,2,0,54.0,5,13,0.385,4,10,0.4,3,4,0.75,3,5,8,7,2,1,3,8,17,Grant Williams
1631114,2024-25,00,1610612760,OKC,23.0,1,1,34.0,5,16,0.313,2,8,0.25,0,1,0.0,1,2,3,3,0,2,5,3,12,Jalen Williams
1631466,2024-25,00,1610612745,HOU,25.0,1,0,2.0,1,1,1.0,1,1,1.0,0,0,0.0,0,2,2,0,0,0,0,0,3,Nate Williams
1630172,2024-25,00,1610612741,CHI,23.0,2,2,60.0,7,18,0.389,3,8,0.375,2,3,0.667,3,5,8,5,3,1,3,2,19,Patrick Williams
1630533,2024-25,00,1610612751,BKN,23.0,2,0,35.0,6,13,0.462,3,5,0.6,1,2,0.5,2,8,10,2,1,0,2,6,16,Ziaire Williams
1629627,2024-25,00,1610612740,NOP,24.0,1,1,29.0,4,15,0.267,0,1,0.0,8,14,0.571,3,8,11,7,1,3,1,3,16,Zion Williamson
1630592,2024-25,00,1610612751,BKN,23.0,2,0,47.0,3,10,0.3,2,7,0.286,8,8,1.0,1,4,5,3,1,0,3,9,16,Jalen Wilson
1630164,2024-25,00,1610612754,IND,23.0,1,0,5.0,2,4,0.5,0,1,0.0,2,2,1.0,0,1,1,0,0,0,0,0,6,James Wiseman
1626153,2024-25,00,1610612749,MIL,32.0,2,0,26.0,3,6,0.5,1,3,0.333,0,0,0.0,0,0,0,3,2,0,0,1,7,Delon Wright
1629027,2024-25,00,1610612737,ATL,26.0,2,2,78.0,18,40,0.45,7,20,0.35,25,29,0.862,4,9,13,22,5,1,10,2,68,Trae Young
1627826,2024-25,00,1610612746,LAC,27.0,1,1,34.0,8,13,0.615,0,0,0.0,5,8,0.625,1,8,9,3,0,0,3,6,21,Ivica Zubac
